ply
format ascii 1.0
element vertex 20000
property float x
property float y
property float z
property uchar red
property uchar green
property uchar blue
end_header
0.2000 0.0000 0.0000 128 0 255
0.2001 0.0001 0.0006 128 0 254
0.2001 0.0003 0.0013 128 0 254
0.2002 0.0004 0.0019 129 0 254
0.2002 0.0005 0.0025 129 0 254
0.2003 0.0006 0.0031 129 0 254
0.2003 0.0007 0.0038 130 0 254
0.2004 0.0009 0.0044 130 0 254
0.2004 0.0010 0.0050 131 0 254
0.2005 0.0011 0.0057 131 0 254
0.2005 0.0013 0.0063 131 0 254
0.2005 0.0014 0.0069 132 0 254
0.2006 0.0015 0.0076 132 0 254
0.2006 0.0016 0.0082 133 0 254
0.2006 0.0018 0.0088 133 0 254
0.2007 0.0019 0.0095 133 0 254
0.2007 0.0020 0.0101 134 0 254
0.2007 0.0021 0.0107 134 0 254
0.2008 0.0022 0.0114 135 0 254
0.2008 0.0024 0.0120 135 0 254
0.2008 0.0025 0.0126 135 0 254
0.2008 0.0026 0.0133 136 0 254
0.2008 0.0028 0.0139 136 0 254
0.2009 0.0029 0.0145 137 0 254
0.2009 0.0030 0.0152 137 0 254
0.2009 0.0031 0.0158 137 0 254
0.2009 0.0032 0.0164 138 0 254
0.2009 0.0034 0.0171 138 0 254
0.2009 0.0035 0.0177 139 0 254
0.2009 0.0036 0.0184 139 0 254
0.2009 0.0037 0.0190 139 0 254
0.2009 0.0039 0.0196 140 0 254
0.2009 0.0040 0.0203 140 0 254
0.2009 0.0041 0.0209 141 0 254
0.2009 0.0042 0.0215 141 0 254
0.2009 0.0044 0.0222 141 0 254
0.2009 0.0045 0.0228 142 0 254
0.2009 0.0046 0.0235 142 0 254
0.2008 0.0047 0.0241 143 0 254
0.2008 0.0049 0.0247 143 0 254
0.2008 0.0050 0.0254 143 0 253
0.2008 0.0051 0.0260 144 0 253
0.2008 0.0052 0.0266 144 0 253
0.2007 0.0054 0.0273 145 0 253
0.2007 0.0055 0.0279 145 0 253
0.2007 0.0056 0.0286 145 0 253
0.2006 0.0057 0.0292 146 0 253
0.2006 0.0059 0.0298 146 0 253
0.2006 0.0060 0.0305 147 0 253
0.2005 0.0061 0.0311 147 0 253
0.2005 0.0063 0.0318 147 0 253
0.2005 0.0064 0.0324 148 0 253
0.2004 0.0065 0.0330 148 0 253
0.2004 0.0066 0.0337 149 0 253
0.2003 0.0068 0.0343 149 0 253
0.2003 0.0069 0.0350 149 0 253
0.2002 0.0070 0.0356 150 0 253
0.2002 0.0071 0.0362 150 0 252
0.2001 0.0072 0.0369 151 0 252
0.2001 0.0074 0.0375 151 0 252
0.2000 0.0075 0.0382 151 0 252
0.1999 0.0076 0.0388 152 0 252
0.1999 0.0077 0.0394 152 0 252
0.1998 0.0079 0.0401 152 0 252
0.1997 0.0080 0.0407 153 0 252
0.1997 0.0081 0.0413 153 0 252
0.1996 0.0083 0.0420 154 0 252
0.1995 0.0084 0.0426 154 0 252
0.1994 0.0085 0.0433 154 0 252
0.1994 0.0086 0.0439 155 0 252
0.1993 0.0088 0.0445 155 0 251
0.1992 0.0089 0.0452 156 0 251
0.1991 0.0090 0.0458 156 0 251
0.1990 0.0091 0.0465 156 0 251
0.1989 0.0093 0.0471 157 0 251
0.1988 0.0094 0.0477 157 0 251
0.1988 0.0095 0.0484 158 0 251
0.1987 0.0096 0.0490 158 0 251
0.1986 0.0097 0.0497 158 0 251
0.1985 0.0099 0.0503 159 1 251
0.1984 0.0100 0.0509 159 1 251
0.1983 0.0101 0.0516 159 1 250
0.1982 0.0103 0.0522 160 1 250
0.1981 0.0104 0.0528 160 1 250
0.1979 0.0105 0.0535 161 1 250
0.1978 0.0106 0.0541 161 1 250
0.1977 0.0107 0.0548 161 1 250
0.1976 0.0109 0.0554 162 1 250
0.1975 0.0110 0.0560 162 1 250
0.1974 0.0111 0.0567 163 1 250
0.1972 0.0112 0.0573 163 1 249
0.1971 0.0114 0.0579 163 1 249
0.1970 0.0115 0.0586 164 1 249
0.1969 0.0116 0.0592 164 1 249
0.1967 0.0118 0.0598 164 1 249
0.1966 0.0119 0.0605 165 1 249
0.1965 0.0120 0.0611 165 1 249
0.1963 0.0121 0.0618 166 1 249
0.1962 0.0123 0.0624 166 1 249
0.1961 0.0124 0.0630 166 1 248
0.1959 0.0125 0.0637 167 1 248
0.1958 0.0126 0.0643 167 1 248
0.1956 0.0128 0.0649 168 1 248
0.1955 0.0129 0.0656 168 1 248
0.1953 0.0130 0.0662 168 1 248
0.1952 0.0131 0.0668 169 1 248
0.1950 0.0132 0.0675 169 1 248
0.1949 0.0134 0.0681 169 1 247
0.1947 0.0135 0.0687 170 1 247
0.1945 0.0136 0.0694 170 1 247
0.1944 0.0137 0.0700 171 1 247
0.1942 0.0139 0.0706 171 1 247
0.1941 0.0140 0.0712 171 1 247
0.1939 0.0141 0.0719 172 1 247
0.1937 0.0143 0.0725 172 1 246
0.1935 0.0144 0.0731 172 1 246
0.1934 0.0145 0.0738 173 1 246
0.1932 0.0146 0.0744 173 1 246
0.1930 0.0147 0.0750 174 1 246
0.1928 0.0149 0.0756 174 1 246
0.1926 0.0150 0.0763 174 1 246
0.1925 0.0151 0.0769 175 1 245
0.1923 0.0153 0.0775 175 1 245
0.1921 0.0154 0.0782 175 1 245
0.1919 0.0155 0.0788 176 1 245
0.1917 0.0156 0.0794 176 1 245
0.1915 0.0158 0.0800 176 1 245
0.1913 0.0159 0.0807 177 1 245
0.1911 0.0160 0.0813 177 1 244
0.1909 0.0161 0.0819 178 1 244
0.1907 0.0163 0.0825 178 1 244
0.1905 0.0164 0.0832 178 1 244
0.1903 0.0165 0.0838 179 1 244
0.1901 0.0166 0.0844 179 1 244
0.1899 0.0168 0.0850 179 1 243
0.1897 0.0169 0.0856 180 1 243
0.1894 0.0170 0.0863 180 1 243
0.1892 0.0171 0.0869 180 1 243
0.1890 0.0173 0.0875 181 1 243
0.1888 0.0174 0.0881 181 1 243
0.1886 0.0175 0.0887 182 1 242
0.1883 0.0176 0.0894 182 1 242
0.1881 0.0178 0.0900 182 1 242
0.1879 0.0179 0.0906 183 1 242
0.1877 0.0180 0.0912 183 1 242
0.1874 0.0181 0.0918 183 1 242
0.1872 0.0182 0.0924 184 1 241
0.1869 0.0184 0.0930 184 1 241
0.1867 0.0185 0.0937 184 1 241
0.1865 0.0186 0.0943 185 1 241
0.1862 0.0187 0.0949 185 1 241
0.1860 0.0189 0.0955 186 1 240
0.1857 0.0190 0.0961 186 1 240
0.1855 0.0191 0.0967 186 1 240
0.1852 0.0192 0.0973 187 1 240
0.1850 0.0194 0.0979 187 1 240
0.1847 0.0195 0.0985 187 1 240
0.1845 0.0196 0.0992 188 2 239
0.1842 0.0198 0.0998 188 2 239
0.1839 0.0199 0.1004 188 2 239
0.1837 0.0200 0.1010 189 2 239
0.1834 0.0201 0.1016 189 2 239
0.1831 0.0202 0.1022 189 2 238
0.1829 0.0204 0.1028 190 2 238
0.1826 0.0205 0.1034 190 2 238
0.1823 0.0206 0.1040 190 2 238
0.1821 0.0208 0.1046 191 2 238
0.1818 0.0209 0.1052 191 2 237
0.1815 0.0210 0.1058 191 2 237
0.1812 0.0211 0.1064 192 2 237
0.1809 0.0213 0.1070 192 2 237
0.1806 0.0214 0.1076 192 2 237
0.1804 0.0215 0.1082 193 2 236
0.1801 0.0216 0.1088 193 2 236
0.1798 0.0217 0.1094 194 2 236
0.1795 0.0219 0.1100 194 2 236
0.1792 0.0220 0.1106 194 2 236
0.1789 0.0221 0.1112 195 2 235
0.1786 0.0222 0.1118 195 2 235
0.1783 0.0224 0.1124 195 2 235
0.1780 0.0225 0.1130 196 2 235
0.1777 0.0226 0.1135 196 2 235
0.1774 0.0227 0.1141 196 2 234
0.1771 0.0229 0.1147 197 2 234
0.1768 0.0230 0.1153 197 2 234
0.1764 0.0231 0.1159 197 2 234
0.1761 0.0232 0.1165 198 2 233
0.1758 0.0234 0.1171 198 2 233
0.1755 0.0235 0.1177 198 2 233
0.1752 0.0236 0.1182 199 2 233
0.1748 0.0238 0.1188 199 2 233
0.1745 0.0239 0.1194 199 2 232
0.1742 0.0240 0.1200 200 2 232
0.1739 0.0241 0.1206 200 2 232
0.1735 0.0243 0.1211 200 2 232
0.1732 0.0244 0.1217 201 2 231
0.1729 0.0245 0.1223 201 2 231
0.1725 0.0246 0.1229 201 2 231
0.1722 0.0248 0.1235 202 2 231
0.1719 0.0249 0.1240 202 2 230
0.1715 0.0250 0.1246 202 2 230
0.1712 0.0251 0.1252 202 2 230
0.1708 0.0252 0.1258 203 2 230
0.1705 0.0254 0.1263 203 2 230
0.1701 0.0255 0.1269 203 2 229
0.1698 0.0256 0.1275 204 2 229
0.1694 0.0258 0.1280 204 2 229
0.1691 0.0259 0.1286 204 2 229
0.1687 0.0260 0.1292 205 2 228
0.1683 0.0261 0.1297 205 2 228
0.1680 0.0263 0.1303 205 2 228
0.1676 0.0264 0.1309 206 2 228
0.1673 0.0265 0.1314 206 2 227
0.1669 0.0266 0.1320 206 2 227
0.1665 0.0267 0.1326 207 2 227
0.1662 0.0269 0.1331 207 2 227
0.1658 0.0270 0.1337 207 2 226
0.1654 0.0271 0.1342 208 2 226
0.1650 0.0272 0.1348 208 2 226
0.1647 0.0274 0.1353 208 2 226
0.1643 0.0275 0.1359 208 2 225
0.1639 0.0276 0.1365 209 2 225
0.1635 0.0278 0.1370 209 2 225
0.1631 0.0279 0.1376 209 2 225
0.1627 0.0280 0.1381 210 2 224
0.1623 0.0281 0.1387 210 2 224
0.1620 0.0282 0.1392 210 2 224
0.1616 0.0284 0.1398 211 2 224
0.1612 0.0285 0.1403 211 2 223
0.1608 0.0286 0.1408 211 2 223
0.1604 0.0287 0.1414 211 2 223
0.1600 0.0289 0.1419 212 2 222
0.1596 0.0290 0.1425 212 2 222
0.1592 0.0291 0.1430 212 2 222
0.1588 0.0293 0.1436 213 2 222
0.1584 0.0294 0.1441 213 2 221
0.1579 0.0295 0.1446 213 3 221
0.1575 0.0296 0.1452 214 3 221
0.1571 0.0298 0.1457 214 3 221
0.1567 0.0299 0.1462 214 3 220
0.1563 0.0300 0.1468 214 3 220
0.1559 0.0301 0.1473 215 3 220
0.1555 0.0302 0.1478 215 3 220
0.1550 0.0304 0.1484 215 3 219
0.1546 0.0305 0.1489 216 3 219
0.1542 0.0306 0.1494 216 3 219
0.1538 0.0307 0.1499 216 3 218
0.1533 0.0309 0.1505 216 3 218
0.1529 0.0310 0.1510 217 3 218
0.1525 0.0311 0.1515 217 3 218
0.1520 0.0313 0.1520 217 3 217
0.1516 0.0314 0.1525 218 3 217
0.1512 0.0315 0.1531 218 3 217
0.1507 0.0316 0.1536 218 3 216
0.1503 0.0318 0.1541 218 3 216
0.1498 0.0319 0.1546 219 3 216
0.1494 0.0320 0.1551 219 3 216
0.1489 0.0321 0.1556 219 3 215
0.1485 0.0323 0.1561 220 3 215
0.1480 0.0324 0.1567 220 3 215
0.1476 0.0325 0.1572 220 3 214
0.1471 0.0326 0.1577 220 3 214
0.1467 0.0328 0.1582 221 3 214
0.1462 0.0329 0.1587 221 3 214
0.1458 0.0330 0.1592 221 3 213
0.1453 0.0331 0.1597 221 3 213
0.1448 0.0333 0.1602 222 3 213
0.1444 0.0334 0.1607 222 3 212
0.1439 0.0335 0.1612 222 3 212
0.1434 0.0336 0.1617 222 3 212
0.1430 0.0338 0.1622 223 3 211
0.1425 0.0339 0.1627 223 3 211
0.1420 0.0340 0.1632 223 3 211
0.1416 0.0341 0.1637 224 3 211
0.1411 0.0343 0.1641 224 3 210
0.1406 0.0344 0.1646 224 3 210
0.1401 0.0345 0.1651 224 3 210
0.1396 0.0346 0.1656 225 3 209
0.1392 0.0347 0.1661 225 3 209
0.1387 0.0349 0.1666 225 3 209
0.1382 0.0350 0.1670 225 3 208
0.1377 0.0351 0.1675 226 3 208
0.1372 0.0352 0.1680 226 3 208
0.1367 0.0354 0.1685 226 3 208
0.1362 0.0355 0.1690 226 3 207
0.1357 0.0356 0.1694 227 3 207
0.1352 0.0358 0.1699 227 3 207
0.1347 0.0359 0.1704 227 3 206
0.1342 0.0360 0.1708 227 3 206
0.1337 0.0361 0.1713 228 3 206
0.1332 0.0363 0.1718 228 3 205
0.1327 0.0364 0.1722 228 3 205
0.1322 0.0365 0.1727 228 3 205
0.1317 0.0366 0.1732 229 3 204
0.1312 0.0367 0.1736 229 3 204
0.1307 0.0369 0.1741 229 3 204
0.1302 0.0370 0.1745 229 3 203
0.1297 0.0371 0.1750 230 3 203
0.1292 0.0372 0.1755 230 3 203
0.1287 0.0374 0.1759 230 3 202
0.1281 0.0375 0.1764 230 3 202
0.1276 0.0376 0.1768 230 3 202
0.1271 0.0377 0.1773 231 3 202
0.1266 0.0379 0.1777 231 3 201
0.1260 0.0380 0.1782 231 3 201
0.1255 0.0381 0.1786 231 3 201
0.1250 0.0382 0.1790 232 3 200
0.1245 0.0384 0.1795 232 3 200
0.1239 0.0385 0.1799 232 3 200
0.1234 0.0386 0.1804 232 3 199
0.1229 0.0387 0.1808 233 3 199
0.1223 0.0389 0.1812 233 3 199
0.1218 0.0390 0.1817 233 3 198
0.1213 0.0391 0.1821 233 3 198
0.1207 0.0392 0.1825 233 4 198
0.1202 0.0394 0.1830 234 4 197
0.1196 0.0395 0.1834 234 4 197
0.1191 0.0396 0.1838 234 4 197
0.1185 0.0398 0.1842 234 4 196
0.1180 0.0399 0.1847 235 4 196
0.1175 0.0400 0.1851 235 4 196
0.1169 0.0401 0.1855 235 4 195
0.1164 0.0403 0.1859 235 4 195
0.1158 0.0404 0.1863 235 4 195
0.1152 0.0405 0.1867 236 4 194
0.1147 0.0406 0.1872 236 4 194
0.1141 0.0407 0.1876 236 4 194
0.1136 0.0409 0.1880 236 4 193
0.1130 0.0410 0.1884 236 4 193
0.1125 0.0411 0.1888 237 4 192
0.1119 0.0413 0.1892 237 4 192
0.1113 0.0414 0.1896 237 4 192
0.1108 0.0415 0.1900 237 4 191
0.1102 0.0416 0.1904 237 4 191
0.1096 0.0417 0.1908 238 4 191
0.1091 0.0419 0.1912 238 4 190
0.1085 0.0420 0.1916 238 4 190
0.1079 0.0421 0.1920 238 4 190
0.1073 0.0422 0.1924 238 4 189
0.1068 0.0424 0.1928 239 4 189
0.1062 0.0425 0.1931 239 4 189
0.1056 0.0426 0.1935 239 4 188
0.1050 0.0428 0.1939 239 4 188
0.1044 0.0429 0.1943 239 4 188
0.1039 0.0430 0.1947 240 4 187
0.1033 0.0431 0.1950 240 4 187
0.1027 0.0432 0.1954 240 4 187
0.1021 0.0434 0.1958 240 4 186
0.1015 0.0435 0.1962 240 4 186
0.1009 0.0436 0.1965 240 4 186
0.1003 0.0438 0.1969 241 4 185
0.0997 0.0439 0.1973 241 4 185
0.0991 0.0440 0.1976 241 4 184
0.0986 0.0441 0.1980 241 4 184
0.0980 0.0442 0.1984 241 4 184
0.0974 0.0444 0.1987 242 4 183
0.0968 0.0445 0.1991 242 4 183
0.0962 0.0446 0.1994 242 4 183
0.0956 0.0447 0.1998 242 4 182
0.0950 0.0449 0.2002 242 4 182
0.0944 0.0450 0.2005 242 4 182
0.0937 0.0451 0.2009 243 4 181
0.0931 0.0453 0.2012 243 4 181
0.0925 0.0454 0.2016 243 4 180
0.0919 0.0455 0.2019 243 4 180
0.0913 0.0456 0.2022 243 4 180
0.0907 0.0457 0.2026 243 4 179
0.0901 0.0459 0.2029 244 4 179
0.0895 0.0460 0.2033 244 4 179
0.0889 0.0461 0.2036 244 4 178
0.0882 0.0462 0.2039 244 4 178
0.0876 0.0464 0.2043 244 4 178
0.0870 0.0465 0.2046 244 4 177
0.0864 0.0466 0.2049 245 4 177
0.0858 0.0467 0.2052 245 4 176
0.0851 0.0469 0.2056 245 4 176
0.0845 0.0470 0.2059 245 4 176
0.0839 0.0471 0.2062 245 4 175
0.0833 0.0473 0.2065 245 4 175
0.0826 0.0474 0.2068 245 4 175
0.0820 0.0475 0.2072 246 4 174
0.0814 0.0476 0.2075 246 4 174
0.0808 0.0478 0.2078 246 4 174
0.0801 0.0479 0.2081 246 4 173
0.0795 0.0480 0.2084 246 4 173
0.0789 0.0481 0.2087 246 4 172
0.0782 0.0483 0.2090 246 4 172
0.0776 0.0484 0.2093 247 4 172
0.0770 0.0485 0.2096 247 4 171
0.0763 0.0486 0.2099 247 4 171
0.0757 0.0488 0.2102 247 4 171
0.0750 0.0489 0.2105 247 4 170
0.0744 0.0490 0.2108 247 4 170
0.0737 0.0491 0.2111 247 5 169
0.0731 0.0492 0.2114 248 5 169
0.0725 0.0494 0.2116 248 5 169
0.0718 0.0495 0.2119 248 5 168
0.0712 0.0496 0.2122 248 5 168
0.0705 0.0498 0.2125 248 5 168
0.0699 0.0499 0.2128 248 5 167
0.0692 0.0500 0.2130 248 5 167
0.0686 0.0501 0.2133 248 5 166
0.0679 0.0503 0.2136 249 5 166
0.0673 0.0504 0.2139 249 5 166
0.0666 0.0505 0.2141 249 5 165
0.0660 0.0506 0.2144 249 5 165
0.0653 0.0507 0.2146 249 5 164
0.0646 0.0509 0.2149 249 5 164
0.0640 0.0510 0.2152 249 5 164
0.0633 0.0511 0.2154 249 5 163
0.0627 0.0513 0.2157 249 5 163
0.0620 0.0514 0.2159 250 5 163
0.0613 0.0515 0.2162 250 5 162
0.0607 0.0516 0.2164 250 5 162
0.0600 0.0517 0.2167 250 5 161
0.0593 0.0519 0.2169 250 5 161
0.0587 0.0520 0.2172 250 5 161
0.0580 0.0521 0.2174 250 5 160
0.0573 0.0522 0.2177 250 5 160
0.0567 0.0524 0.2179 250 5 159
0.0560 0.0525 0.2181 251 5 159
0.0553 0.0526 0.2184 251 5 159
0.0547 0.0528 0.2186 251 5 158
0.0540 0.0529 0.2188 251 5 158
0.0533 0.0530 0.2190 251 5 158
0.0526 0.0531 0.2193 251 5 157
0.0520 0.0532 0.2195 251 5 157
0.0513 0.0534 0.2197 251 5 156
0.0506 0.0535 0.2199 251 5 156
0.0499 0.0536 0.2201 251 5 156
0.0493 0.0537 0.2204 251 5 155
0.0486 0.0539 0.2206 252 5 155
0.0479 0.0540 0.2208 252 5 154
0.0472 0.0541 0.2210 252 5 154
0.0465 0.0542 0.2212 252 5 154
0.0459 0.0544 0.2214 252 5 153
0.0452 0.0545 0.2216 252 5 153
0.0445 0.0546 0.2218 252 5 152
0.0438 0.0548 0.2220 252 5 152
0.0431 0.0549 0.2222 252 5 152
0.0424 0.0550 0.2224 252 5 151
0.0417 0.0551 0.2226 252 5 151
0.0410 0.0553 0.2228 252 5 151
0.0404 0.0554 0.2230 252 5 150
0.0397 0.0555 0.2231 253 5 150
0.0390 0.0556 0.2233 253 5 149
0.0383 0.0558 0.2235 253 5 149
0.0376 0.0559 0.2237 253 5 149
0.0369 0.0560 0.2239 253 5 148
0.0362 0.0561 0.2240 253 5 148
0.0355 0.0562 0.2242 253 5 147
0.0348 0.0564 0.2244 253 5 147
0.0341 0.0565 0.2245 253 5 147
0.0334 0.0566 0.2247 253 5 146
0.0327 0.0568 0.2249 253 5 146
0.0320 0.0569 0.2250 253 5 145
0.0313 0.0570 0.2252 253 5 145
0.0306 0.0571 0.2253 253 5 145
0.0299 0.0573 0.2255 253 5 144
0.0292 0.0574 0.2257 253 5 144
0.0285 0.0575 0.2258 253 5 143
0.0278 0.0576 0.2260 254 5 143
0.0271 0.0577 0.2261 254 5 143
0.0264 0.0579 0.2262 254 5 142
0.0257 0.0580 0.2264 254 5 142
0.0250 0.0581 0.2265 254 5 141
0.0243 0.0583 0.2267 254 5 141
0.0236 0.0584 0.2268 254 5 141
0.0229 0.0585 0.2269 254 5 140
0.0222 0.0586 0.2271 254 5 140
0.0215 0.0587 0.2272 254 5 139
0.0208 0.0589 0.2273 254 6 139
0.0201 0.0590 0.2274 254 6 139
0.0193 0.0591 0.2276 254 6 138
0.0186 0.0592 0.2277 254 6 138
0.0179 0.0594 0.2278 254 6 137
0.0172 0.0595 0.2279 254 6 137
0.0165 0.0596 0.2280 254 6 137
0.0158 0.0598 0.2281 254 6 136
0.0151 0.0599 0.2282 254 6 136
0.0144 0.0600 0.2283 254 6 135
0.0137 0.0601 0.2285 254 6 135
0.0129 0.0602 0.2286 254 6 135
0.0122 0.0604 0.2287 254 6 134
0.0115 0.0605 0.2288 254 6 134
0.0108 0.0606 0.2288 254 6 133
0.0101 0.0607 0.2289 254 6 133
0.0094 0.0609 0.2290 254 6 133
0.0086 0.0610 0.2291 254 6 132
0.0079 0.0611 0.2292 254 6 132
0.0072 0.0612 0.2293 254 6 131
0.0065 0.0614 0.2294 254 6 131
0.0058 0.0615 0.2294 254 6 131
0.0050 0.0616 0.2295 254 6 130
0.0043 0.0617 0.2296 254 6 130
0.0036 0.0619 0.2297 254 6 129
0.0029 0.0620 0.2297 254 6 129
0.0022 0.0621 0.2298 254 6 129
0.0014 0.0622 0.2299 254 6 128
0.0007 0.0624 0.2299 254 6 128
0.0000 0.0625 0.2300 255 6 128
-0.0007 0.0626 0.2301 254 6 127
-0.0014 0.0628 0.2301 254 6 127
-0.0022 0.0629 0.2302 254 6 126
-0.0029 0.0630 0.2302 254 6 126
-0.0036 0.0631 0.2303 254 6 126
-0.0043 0.0633 0.2303 254 6 125
-0.0051 0.0634 0.2304 254 6 125
-0.0058 0.0635 0.2304 254 6 124
-0.0065 0.0636 0.2304 254 6 124
-0.0072 0.0638 0.2305 254 6 124
-0.0080 0.0639 0.2305 254 6 123
-0.0087 0.0640 0.2306 254 6 123
-0.0094 0.0641 0.2306 254 6 122
-0.0101 0.0643 0.2306 254 6 122
-0.0109 0.0644 0.2306 254 6 122
-0.0116 0.0645 0.2307 254 6 121
-0.0123 0.0646 0.2307 254 6 121
-0.0131 0.0648 0.2307 254 6 120
-0.0138 0.0649 0.2307 254 6 120
-0.0145 0.0650 0.2307 254 6 120
-0.0152 0.0651 0.2308 254 6 119
-0.0160 0.0653 0.2308 254 6 119
-0.0167 0.0654 0.2308 254 6 118
-0.0174 0.0655 0.2308 254 6 118
-0.0182 0.0656 0.2308 254 6 118
-0.0189 0.0658 0.2308 254 6 117
-0.0196 0.0659 0.2308 254 6 117
-0.0204 0.0660 0.2308 254 6 116
-0.0211 0.0661 0.2308 254 6 116
-0.0218 0.0663 0.2308 254 6 116
-0.0225 0.0664 0.2308 254 6 115
-0.0233 0.0665 0.2307 254 6 115
-0.0240 0.0666 0.2307 254 6 114
-0.0247 0.0668 0.2307 254 6 114
-0.0255 0.0669 0.2307 254 6 114
-0.0262 0.0670 0.2307 254 6 113
-0.0269 0.0671 0.2307 254 6 113
-0.0277 0.0673 0.2306 254 6 112
-0.0284 0.0674 0.2306 254 6 112
-0.0291 0.0675 0.2306 253 6 112
-0.0299 0.0676 0.2305 253 6 111
-0.0306 0.0678 0.2305 253 6 111
-0.0313 0.0679 0.2305 253 6 110
-0.0321 0.0680 0.2304 253 6 110
-0.0328 0.0681 0.2304 253 6 110
-0.0335 0.0683 0.2303 253 6 109
-0.0343 0.0684 0.2303 253 6 109
-0.0350 0.0685 0.2302 253 6 108
-0.0357 0.0686 0.2302 253 6 108
-0.0364 0.0688 0.2301 253 7 108
-0.0372 0.0689 0.2301 253 7 107
-0.0379 0.0690 0.2300 253 7 107
-0.0386 0.0691 0.2300 253 7 106
-0.0394 0.0692 0.2299 253 7 106
-0.0401 0.0694 0.2298 253 7 106
-0.0408 0.0695 0.2298 253 7 105
-0.0416 0.0696 0.2297 252 7 105
-0.0423 0.0698 0.2296 252 7 104
-0.0430 0.0699 0.2295 252 7 104
-0.0438 0.0700 0.2295 252 7 104
-0.0445 0.0701 0.2294 252 7 103
-0.0452 0.0703 0.2293 252 7 103
-0.0460 0.0704 0.2292 252 7 103
-0.0467 0.0705 0.2291 252 7 102
-0.0474 0.0706 0.2290 252 7 102
-0.0482 0.0707 0.2289 252 7 101
-0.0489 0.0709 0.2289 252 7 101
-0.0496 0.0710 0.2288 252 7 101
-0.0504 0.0711 0.2287 252 7 100
-0.0511 0.0713 0.2286 251 7 100
-0.0518 0.0714 0.2285 251 7 99
-0.0526 0.0715 0.2284 251 7 99
-0.0533 0.0716 0.2282 251 7 99
-0.0540 0.0717 0.2281 251 7 98
-0.0547 0.0719 0.2280 251 7 98
-0.0555 0.0720 0.2279 251 7 97
-0.0562 0.0721 0.2278 251 7 97
-0.0569 0.0722 0.2277 251 7 97
-0.0577 0.0724 0.2275 251 7 96
-0.0584 0.0725 0.2274 251 7 96
-0.0591 0.0726 0.2273 250 7 96
-0.0599 0.0728 0.2272 250 7 95
-0.0606 0.0729 0.2270 250 7 95
-0.0613 0.0730 0.2269 250 7 94
-0.0620 0.0731 0.2268 250 7 94
-0.0628 0.0732 0.2266 250 7 94
-0.0635 0.0734 0.2265 250 7 93
-0.0642 0.0735 0.2263 250 7 93
-0.0649 0.0736 0.2262 250 7 92
-0.0657 0.0737 0.2261 249 7 92
-0.0664 0.0739 0.2259 249 7 92
-0.0671 0.0740 0.2258 249 7 91
-0.0679 0.0741 0.2256 249 7 91
-0.0686 0.0742 0.2254 249 7 91
-0.0693 0.0744 0.2253 249 7 90
-0.0700 0.0745 0.2251 249 7 90
-0.0708 0.0746 0.2250 249 7 89
-0.0715 0.0747 0.2248 249 7 89
-0.0722 0.0749 0.2246 248 7 89
-0.0729 0.0750 0.2244 248 7 88
-0.0737 0.0751 0.2243 248 7 88
-0.0744 0.0752 0.2241 248 7 87
-0.0751 0.0754 0.2239 248 7 87
-0.0758 0.0755 0.2237 248 7 87
-0.0765 0.0756 0.2236 248 7 86
-0.0773 0.0757 0.2234 248 7 86
-0.0780 0.0759 0.2232 247 7 86
-0.0787 0.0760 0.2230 247 7 85
-0.0794 0.0761 0.2228 247 7 85
-0.0801 0.0762 0.2226 247 7 84
-0.0809 0.0764 0.2224 247 7 84
-0.0816 0.0765 0.2222 247 7 84
-0.0823 0.0766 0.2220 247 7 83
-0.0830 0.0767 0.2218 246 7 83
-0.0837 0.0769 0.2216 246 7 83
-0.0845 0.0770 0.2214 246 7 82
-0.0852 0.0771 0.2212 246 7 82
-0.0859 0.0772 0.2210 246 7 81
-0.0866 0.0774 0.2208 246 7 81
-0.0873 0.0775 0.2205 246 7 81
-0.0880 0.0776 0.2203 245 7 80
-0.0887 0.0777 0.2201 245 7 80
-0.0895 0.0779 0.2199 245 7 80
-0.0902 0.0780 0.2197 245 7 79
-0.0909 0.0781 0.2194 245 7 79
-0.0916 0.0783 0.2192 245 7 79
-0.0923 0.0784 0.2190 245 7 78
-0.0930 0.0785 0.2187 244 8 78
-0.0937 0.0786 0.2185 244 8 77
-0.0944 0.0788 0.2182 244 8 77
-0.0952 0.0789 0.2180 244 8 77
-0.0959 0.0790 0.2178 244 8 76
-0.0966 0.0791 0.2175 244 8 76
-0.0973 0.0793 0.2173 243 8 76
-0.0980 0.0794 0.2170 243 8 75
-0.0987 0.0795 0.2168 243 8 75
-0.0994 0.0796 0.2165 243 8 75
-0.1001 0.0797 0.2162 243 8 74
-0.1008 0.0799 0.2160 243 8 74
-0.1015 0.0800 0.2157 242 8 73
-0.1022 0.0801 0.2154 242 8 73
-0.1029 0.0802 0.2152 242 8 73
-0.1036 0.0804 0.2149 242 8 72
-0.1043 0.0805 0.2146 242 8 72
-0.1050 0.0806 0.2144 242 8 72
-0.1057 0.0808 0.2141 241 8 71
-0.1064 0.0809 0.2138 241 8 71
-0.1071 0.0810 0.2135 241 8 71
-0.1078 0.0811 0.2132 241 8 70
-0.1085 0.0813 0.2130 241 8 70
-0.1092 0.0814 0.2127 240 8 69
-0.1099 0.0815 0.2124 240 8 69
-0.1106 0.0816 0.2121 240 8 69
-0.1113 0.0818 0.2118 240 8 68
-0.1120 0.0819 0.2115 240 8 68
-0.1127 0.0820 0.2112 240 8 68
-0.1134 0.0821 0.2109 239 8 67
-0.1140 0.0822 0.2106 239 8 67
-0.1147 0.0824 0.2103 239 8 67
-0.1154 0.0825 0.2100 239 8 66
-0.1161 0.0826 0.2097 239 8 66
-0.1168 0.0827 0.2093 238 8 66
-0.1175 0.0829 0.2090 238 8 65
-0.1182 0.0830 0.2087 238 8 65
-0.1189 0.0831 0.2084 238 8 65
-0.1195 0.0833 0.2081 238 8 64
-0.1202 0.0834 0.2077 237 8 64
-0.1209 0.0835 0.2074 237 8 64
-0.1216 0.0836 0.2071 237 8 63
-0.1223 0.0838 0.2068 237 8 63
-0.1230 0.0839 0.2064 237 8 63
-0.1236 0.0840 0.2061 236 8 62
-0.1243 0.0841 0.2057 236 8 62
-0.1250 0.0843 0.2054 236 8 61
-0.1257 0.0844 0.2051 236 8 61
-0.1263 0.0845 0.2047 236 8 61
-0.1270 0.0846 0.2044 235 8 60
-0.1277 0.0847 0.2040 235 8 60
-0.1284 0.0849 0.2037 235 8 60
-0.1290 0.0850 0.2033 235 8 59
-0.1297 0.0851 0.2030 235 8 59
-0.1304 0.0852 0.2026 234 8 59
-0.1310 0.0854 0.2022 234 8 58
-0.1317 0.0855 0.2019 234 8 58
-0.1324 0.0856 0.2015 234 8 58
-0.1330 0.0857 0.2011 233 8 57
-0.1337 0.0859 0.2008 233 8 57
-0.1344 0.0860 0.2004 233 8 57
-0.1350 0.0861 0.2000 233 8 56
-0.1357 0.0863 0.1997 233 8 56
-0.1363 0.0864 0.1993 232 8 56
-0.1370 0.0865 0.1989 232 8 55
-0.1377 0.0866 0.1985 232 8 55
-0.1383 0.0868 0.1981 232 8 55
-0.1390 0.0869 0.1977 231 8 54
-0.1396 0.0870 0.1974 231 8 54
-0.1403 0.0871 0.1970 231 8 54
-0.1409 0.0872 0.1966 231 8 53
-0.1416 0.0874 0.1962 230 8 53
-0.1422 0.0875 0.1958 230 8 53
-0.1429 0.0876 0.1954 230 8 53
-0.1435 0.0877 0.1950 230 8 52
-0.1442 0.0879 0.1946 230 8 52
-0.1448 0.0880 0.1942 229 8 52
-0.1455 0.0881 0.1938 229 8 51
-0.1461 0.0882 0.1934 229 9 51
-0.1468 0.0884 0.1929 229 9 51
-0.1474 0.0885 0.1925 228 9 50
-0.1481 0.0886 0.1921 228 9 50
-0.1487 0.0887 0.1917 228 9 50
-0.1493 0.0889 0.1913 228 9 49
-0.1500 0.0890 0.1908 227 9 49
-0.1506 0.0891 0.1904 227 9 49
-0.1512 0.0893 0.1900 227 9 48
-0.1519 0.0894 0.1896 227 9 48
-0.1525 0.0895 0.1891 226 9 48
-0.1531 0.0896 0.1887 226 9 47
-0.1538 0.0897 0.1883 226 9 47
-0.1544 0.0899 0.1878 226 9 47
-0.1550 0.0900 0.1874 225 9 47
-0.1556 0.0901 0.1869 225 9 46
-0.1563 0.0902 0.1865 225 9 46
-0.1569 0.0904 0.1861 225 9 46
-0.1575 0.0905 0.1856 224 9 45
-0.1581 0.0906 0.1852 224 9 45
-0.1588 0.0907 0.1847 224 9 45
-0.1594 0.0909 0.1843 224 9 44
-0.1600 0.0910 0.1838 223 9 44
-0.1606 0.0911 0.1833 223 9 44
-0.1612 0.0912 0.1829 223 9 44
-0.1618 0.0914 0.1824 222 9 43
-0.1625 0.0915 0.1819 222 9 43
-0.1631 0.0916 0.1815 222 9 43
-0.1637 0.0918 0.1810 222 9 42
-0.1643 0.0919 0.1805 221 9 42
-0.1649 0.0920 0.1801 221 9 42
-0.1655 0.0921 0.1796 221 9 41
-0.1661 0.0922 0.1791 221 9 41
-0.1667 0.0924 0.1786 220 9 41
-0.1673 0.0925 0.1782 220 9 41
-0.1679 0.0926 0.1777 220 9 40
-0.1685 0.0927 0.1772 220 9 40
-0.1691 0.0929 0.1767 219 9 40
-0.1697 0.0930 0.1762 219 9 39
-0.1703 0.0931 0.1757 219 9 39
-0.1709 0.0932 0.1752 218 9 39
-0.1715 0.0934 0.1747 218 9 39
-0.1721 0.0935 0.1742 218 9 38
-0.1727 0.0936 0.1737 218 9 38
-0.1732 0.0938 0.1732 217 9 38
-0.1738 0.0939 0.1727 217 9 37
-0.1744 0.0940 0.1722 217 9 37
-0.1750 0.0941 0.1717 216 9 37
-0.1756 0.0943 0.1712 216 9 37
-0.1762 0.0944 0.1707 216 9 36
-0.1767 0.0945 0.1702 216 9 36
-0.1773 0.0946 0.1697 215 9 36
-0.1779 0.0948 0.1692 215 9 35
-0.1785 0.0949 0.1686 215 9 35
-0.1790 0.0950 0.1681 214 9 35
-0.1796 0.0951 0.1676 214 9 35
-0.1802 0.0953 0.1671 214 9 34
-0.1807 0.0954 0.1666 214 9 34
-0.1813 0.0955 0.1660 213 9 34
-0.1819 0.0956 0.1655 213 9 34
-0.1824 0.0958 0.1650 213 9 33
-0.1830 0.0959 0.1644 212 9 33
-0.1836 0.0960 0.1639 212 9 33
-0.1841 0.0961 0.1634 212 9 33
-0.1847 0.0963 0.1628 211 9 32
-0.1852 0.0964 0.1623 211 9 32
-0.1858 0.0965 0.1617 211 9 32
-0.1863 0.0966 0.1612 211 9 31
-0.1869 0.0968 0.1606 210 9 31
-0.1874 0.0969 0.1601 210 9 31
-0.1880 0.0970 0.1595 210 9 31
-0.1885 0.0971 0.1590 209 9 30
-0.1891 0.0972 0.1584 209 9 30
-0.1896 0.0974 0.1579 209 9 30
-0.1902 0.0975 0.1573 208 9 30
-0.1907 0.0976 0.1568 208 9 29
-0.1912 0.0978 0.1562 208 9 29
-0.1918 0.0979 0.1556 208 9 29
-0.1923 0.0980 0.1551 207 9 29
-0.1928 0.0981 0.1545 207 10 28
-0.1934 0.0983 0.1539 207 10 28
-0.1939 0.0984 0.1534 206 10 28
-0.1944 0.0985 0.1528 206 10 28
-0.1950 0.0986 0.1522 206 10 27
-0.1955 0.0988 0.1516 205 10 27
-0.1960 0.0989 0.1511 205 10 27
-0.1965 0.0990 0.1505 205 10 27
-0.1970 0.0991 0.1499 204 10 26
-0.1976 0.0993 0.1493 204 10 26
-0.1981 0.0994 0.1487 204 10 26
-0.1986 0.0995 0.1481 203 10 26
-0.1991 0.0996 0.1475 203 10 25
-0.1996 0.0997 0.1470 203 10 25
-0.2001 0.0999 0.1464 202 10 25
-0.2006 0.1000 0.1458 202 10 25
-0.2011 0.1001 0.1452 202 10 25
-0.2016 0.1002 0.1446 202 10 24
-0.2021 0.1004 0.1440 201 10 24
-0.2026 0.1005 0.1434 201 10 24
-0.2031 0.1006 0.1428 201 10 24
-0.2036 0.1008 0.1422 200 10 23
-0.2041 0.1009 0.1416 200 10 23
-0.2046 0.1010 0.1410 200 10 23
-0.2051 0.1011 0.1403 199 10 23
-0.2056 0.1013 0.1397 199 10 22
-0.2061 0.1014 0.1391 199 10 22
-0.2066 0.1015 0.1385 198 10 22
-0.2071 0.1016 0.1379 198 10 22
-0.2076 0.1018 0.1373 198 10 22
-0.2080 0.1019 0.1367 197 10 21
-0.2085 0.1020 0.1360 197 10 21
-0.2090 0.1021 0.1354 197 10 21
-0.2095 0.1022 0.1348 196 10 21
-0.2099 0.1024 0.1342 196 10 20
-0.2104 0.1025 0.1335 196 10 20
-0.2109 0.1026 0.1329 195 10 20
-0.2113 0.1027 0.1323 195 10 20
-0.2118 0.1029 0.1316 195 10 20
-0.2123 0.1030 0.1310 194 10 19
-0.2127 0.1031 0.1304 194 10 19
-0.2132 0.1033 0.1297 194 10 19
-0.2137 0.1034 0.1291 193 10 19
-0.2141 0.1035 0.1284 193 10 19
-0.2146 0.1036 0.1278 192 10 18
-0.2150 0.1038 0.1272 192 10 18
-0.2155 0.1039 0.1265 192 10 18
-0.2159 0.1040 0.1259 191 10 18
-0.2164 0.1041 0.1252 191 10 18
-0.2168 0.1043 0.1246 191 10 17
-0.2172 0.1044 0.1239 190 10 17
-0.2177 0.1045 0.1233 190 10 17
-0.2181 0.1046 0.1226 190 10 17
-0.2186 0.1047 0.1219 189 10 17
-0.2190 0.1049 0.1213 189 10 16
-0.2194 0.1050 0.1206 189 10 16
-0.2199 0.1051 0.1200 188 10 16
-0.2203 0.1052 0.1193 188 10 16
-0.2207 0.1054 0.1186 188 10 16
-0.2211 0.1055 0.1180 187 10 15
-0.2216 0.1056 0.1173 187 10 15
-0.2220 0.1057 0.1166 187 10 15
-0.2224 0.1059 0.1160 186 10 15
-0.2228 0.1060 0.1153 186 10 15
-0.2232 0.1061 0.1146 186 10 15
-0.2236 0.1063 0.1140 185 10 14
-0.2241 0.1064 0.1133 185 10 14
-0.2245 0.1065 0.1126 184 10 14
-0.2249 0.1066 0.1119 184 10 14
-0.2253 0.1068 0.1112 184 10 14
-0.2257 0.1069 0.1106 183 10 13
-0.2261 0.1070 0.1099 183 10 13
-0.2265 0.1071 0.1092 183 10 13
-0.2269 0.1072 0.1085 182 10 13
-0.2273 0.1074 0.1078 182 10 13
-0.2277 0.1075 0.1071 182 10 13
-0.2280 0.1076 0.1064 181 10 12
-0.2284 0.1077 0.1057 181 10 12
-0.2288 0.1079 0.1051 180 11 12
-0.2292 0.1080 0.1044 180 11 12
-0.2296 0.1081 0.1037 180 11 12
-0.2300 0.1082 0.1030 179 11 12
-0.2303 0.1084 0.1023 179 11 11
-0.2307 0.1085 0.1016 179 11 11
-0.2311 0.1086 0.1009 178 11 11
-0.2315 0.1087 0.1002 178 11 11
-0.2318 0.1089 0.0995 178 11 11
-0.2322 0.1090 0.0988 177 11 11
-0.2326 0.1091 0.0980 177 11 10
-0.2329 0.1093 0.0973 176 11 10
-0.2333 0.1094 0.0966 176 11 10
-0.2336 0.1095 0.0959 176 11 10
-0.2340 0.1096 0.0952 175 11 10
-0.2343 0.1098 0.0945 175 11 10
-0.2347 0.1099 0.0938 175 11 10
-0.2350 0.1100 0.0931 174 11 9
-0.2354 0.1101 0.0923 174 11 9
-0.2357 0.1103 0.0916 174 11 9
-0.2361 0.1104 0.0909 173 11 9
-0.2364 0.1105 0.0902 173 11 9
-0.2368 0.1106 0.0895 172 11 9
-0.2371 0.1108 0.0887 172 11 9
-0.2374 0.1109 0.0880 172 11 8
-0.2378 0.1110 0.0873 171 11 8
-0.2381 0.1111 0.0866 171 11 8
-0.2384 0.1112 0.0858 171 11 8
-0.2387 0.1114 0.0851 170 11 8
-0.2391 0.1115 0.0844 170 11 8
-0.2394 0.1116 0.0836 169 11 8
-0.2397 0.1117 0.0829 169 11 7
-0.2400 0.1119 0.0822 169 11 7
-0.2403 0.1120 0.0814 168 11 7
-0.2406 0.1121 0.0807 168 11 7
-0.2410 0.1123 0.0800 168 11 7
-0.2413 0.1124 0.0792 167 11 7
-0.2416 0.1125 0.0785 167 11 7
-0.2419 0.1126 0.0777 166 11 7
-0.2422 0.1128 0.0770 166 11 6
-0.2425 0.1129 0.0763 166 11 6
-0.2428 0.1130 0.0755 165 11 6
-0.2431 0.1131 0.0748 165 11 6
-0.2433 0.1133 0.0740 164 11 6
-0.2436 0.1134 0.0733 164 11 6
-0.2439 0.1135 0.0725 164 11 6
-0.2442 0.1136 0.0718 163 11 6
-0.2445 0.1137 0.0710 163 11 6
-0.2448 0.1139 0.0703 163 11 5
-0.2450 0.1140 0.0695 162 11 5
-0.2453 0.1141 0.0688 162 11 5
-0.2456 0.1142 0.0680 161 11 5
-0.2459 0.1144 0.0673 161 11 5
-0.2461 0.1145 0.0665 161 11 5
-0.2464 0.1146 0.0657 160 11 5
-0.2467 0.1148 0.0650 160 11 5
-0.2469 0.1149 0.0642 159 11 5
-0.2472 0.1150 0.0635 159 11 4
-0.2474 0.1151 0.0627 159 11 4
-0.2477 0.1153 0.0619 158 11 4
-0.2479 0.1154 0.0612 158 11 4
-0.2482 0.1155 0.0604 158 11 4
-0.2484 0.1156 0.0596 157 11 4
-0.2487 0.1158 0.0589 157 11 4
-0.2489 0.1159 0.0581 156 11 4
-0.2492 0.1160 0.0573 156 11 4
-0.2494 0.1161 0.0566 156 11 4
-0.2496 0.1162 0.0558 155 11 4
-0.2499 0.1164 0.0550 155 11 3
-0.2501 0.1165 0.0543 154 11 3
-0.2503 0.1166 0.0535 154 11 3
-0.2506 0.1167 0.0527 154 11 3
-0.2508 0.1169 0.0519 153 11 3
-0.2510 0.1170 0.0512 153 11 3
-0.2512 0.1171 0.0504 152 11 3
-0.2514 0.1172 0.0496 152 11 3
-0.2516 0.1174 0.0488 152 11 3
-0.2519 0.1175 0.0480 151 11 3
-0.2521 0.1176 0.0473 151 11 3
-0.2523 0.1178 0.0465 151 12 3
-0.2525 0.1179 0.0457 150 12 3
-0.2527 0.1180 0.0449 150 12 2
-0.2529 0.1181 0.0441 149 12 2
-0.2531 0.1183 0.0433 149 12 2
-0.2533 0.1184 0.0426 149 12 2
-0.2535 0.1185 0.0418 148 12 2
-0.2536 0.1186 0.0410 148 12 2
-0.2538 0.1187 0.0402 147 12 2
-0.2540 0.1189 0.0394 147 12 2
-0.2542 0.1190 0.0386 147 12 2
-0.2544 0.1191 0.0378 146 12 2
-0.2546 0.1192 0.0370 146 12 2
-0.2547 0.1194 0.0363 145 12 2
-0.2549 0.1195 0.0355 145 12 2
-0.2551 0.1196 0.0347 145 12 2
-0.2552 0.1197 0.0339 144 12 2
-0.2554 0.1199 0.0331 144 12 2
-0.2556 0.1200 0.0323 143 12 2
-0.2557 0.1201 0.0315 143 12 1
-0.2559 0.1202 0.0307 143 12 1
-0.2560 0.1204 0.0299 142 12 1
-0.2562 0.1205 0.0291 142 12 1
-0.2563 0.1206 0.0283 141 12 1
-0.2565 0.1208 0.0275 141 12 1
-0.2566 0.1209 0.0267 141 12 1
-0.2568 0.1210 0.0259 140 12 1
-0.2569 0.1211 0.0251 140 12 1
-0.2571 0.1212 0.0243 139 12 1
-0.2572 0.1214 0.0235 139 12 1
-0.2573 0.1215 0.0227 139 12 1
-0.2575 0.1216 0.0219 138 12 1
-0.2576 0.1217 0.0211 138 12 1
-0.2577 0.1219 0.0203 137 12 1
-0.2578 0.1220 0.0195 137 12 1
-0.2579 0.1221 0.0187 137 12 1
-0.2581 0.1222 0.0179 136 12 1
-0.2582 0.1224 0.0171 136 12 1
-0.2583 0.1225 0.0163 135 12 1
-0.2584 0.1226 0.0154 135 12 1
-0.2585 0.1227 0.0146 135 12 1
-0.2586 0.1229 0.0138 134 12 1
-0.2587 0.1230 0.0130 134 12 1
-0.2588 0.1231 0.0122 133 12 1
-0.2589 0.1232 0.0114 133 12 1
-0.2590 0.1234 0.0106 133 12 1
-0.2591 0.1235 0.0098 132 12 1
-0.2592 0.1236 0.0090 132 12 1
-0.2593 0.1237 0.0081 131 12 1
-0.2594 0.1239 0.0073 131 12 1
-0.2594 0.1240 0.0065 131 12 1
-0.2595 0.1241 0.0057 130 12 1
-0.2596 0.1242 0.0049 130 12 1
-0.2597 0.1244 0.0041 129 12 1
-0.2597 0.1245 0.0033 129 12 1
-0.2598 0.1246 0.0024 129 12 1
-0.2599 0.1247 0.0016 128 12 1
-0.2599 0.1249 0.0008 128 12 1
-0.2600 0.1250 0.0000 128 12 1
-0.2601 0.1251 -0.0008 127 12 1
-0.2601 0.1253 -0.0016 127 12 1
-0.2602 0.1254 -0.0025 126 12 1
-0.2602 0.1255 -0.0033 126 12 1
-0.2603 0.1256 -0.0041 126 12 1
-0.2603 0.1258 -0.0049 125 12 1
-0.2604 0.1259 -0.0057 125 12 1
-0.2604 0.1260 -0.0065 124 12 1
-0.2604 0.1261 -0.0074 124 12 1
-0.2605 0.1263 -0.0082 124 12 1
-0.2605 0.1264 -0.0090 123 12 1
-0.2605 0.1265 -0.0098 123 12 1
-0.2606 0.1266 -0.0106 122 12 1
-0.2606 0.1268 -0.0115 122 12 1
-0.2606 0.1269 -0.0123 122 12 1
-0.2606 0.1270 -0.0131 121 12 1
-0.2606 0.1271 -0.0139 121 12 1
-0.2607 0.1273 -0.0148 120 12 1
-0.2607 0.1274 -0.0156 120 12 1
-0.2607 0.1275 -0.0164 120 13 1
-0.2607 0.1276 -0.0172 119 13 1
-0.2607 0.1278 -0.0180 119 13 1
-0.2607 0.1279 -0.0189 118 13 1
-0.2607 0.1280 -0.0197 118 13 1
-0.2607 0.1281 -0.0205 118 13 1
-0.2607 0.1283 -0.0213 117 13 1
-0.2607 0.1284 -0.0222 117 13 1
-0.2607 0.1285 -0.0230 116 13 1
-0.2607 0.1286 -0.0238 116 13 1
-0.2606 0.1288 -0.0246 116 13 1
-0.2606 0.1289 -0.0255 115 13 1
-0.2606 0.1290 -0.0263 115 13 1
-0.2606 0.1291 -0.0271 114 13 1
-0.2605 0.1293 -0.0279 114 13 1
-0.2605 0.1294 -0.0288 114 13 1
-0.2605 0.1295 -0.0296 113 13 1
-0.2605 0.1296 -0.0304 113 13 1
-0.2604 0.1298 -0.0312 112 13 1
-0.2604 0.1299 -0.0321 112 13 1
-0.2603 0.1300 -0.0329 112 13 2
-0.2603 0.1301 -0.0337 111 13 2
-0.2602 0.1303 -0.0345 111 13 2
-0.2602 0.1304 -0.0354 110 13 2
-0.2601 0.1305 -0.0362 110 13 2
-0.2601 0.1306 -0.0370 110 13 2
-0.2600 0.1308 -0.0378 109 13 2
-0.2600 0.1309 -0.0387 109 13 2
-0.2599 0.1310 -0.0395 108 13 2
-0.2598 0.1311 -0.0403 108 13 2
-0.2598 0.1313 -0.0411 108 13 2
-0.2597 0.1314 -0.0420 107 13 2
-0.2596 0.1315 -0.0428 107 13 2
-0.2595 0.1316 -0.0436 106 13 2
-0.2595 0.1317 -0.0444 106 13 2
-0.2594 0.1319 -0.0453 106 13 2
-0.2593 0.1320 -0.0461 105 13 2
-0.2592 0.1321 -0.0469 105 13 3
-0.2591 0.1323 -0.0477 104 13 3
-0.2590 0.1324 -0.0486 104 13 3
-0.2589 0.1325 -0.0494 104 13 3
-0.2588 0.1326 -0.0502 103 13 3
-0.2587 0.1328 -0.0510 103 13 3
-0.2586 0.1329 -0.0519 103 13 3
-0.2585 0.1330 -0.0527 102 13 3
-0.2584 0.1331 -0.0535 102 13 3
-0.2583 0.1333 -0.0543 101 13 3
-0.2582 0.1334 -0.0552 101 13 3
-0.2581 0.1335 -0.0560 101 13 3
-0.2580 0.1336 -0.0568 100 13 3
-0.2578 0.1338 -0.0576 100 13 4
-0.2577 0.1339 -0.0585 99 13 4
-0.2576 0.1340 -0.0593 99 13 4
-0.2575 0.1341 -0.0601 99 13 4
-0.2573 0.1342 -0.0609 98 13 4
-0.2572 0.1344 -0.0617 98 13 4
-0.2571 0.1345 -0.0626 97 13 4
-0.2569 0.1346 -0.0634 97 13 4
-0.2568 0.1348 -0.0642 97 13 4
-0.2566 0.1349 -0.0650 96 13 4
-0.2565 0.1350 -0.0659 96 13 4
-0.2563 0.1351 -0.0667 96 13 5
-0.2562 0.1353 -0.0675 95 13 5
-0.2560 0.1354 -0.0683 95 13 5
-0.2559 0.1355 -0.0691 94 13 5
-0.2557 0.1356 -0.0700 94 13 5
-0.2555 0.1358 -0.0708 94 13 5
-0.2554 0.1359 -0.0716 93 13 5
-0.2552 0.1360 -0.0724 93 13 5
-0.2550 0.1361 -0.0732 92 13 5
-0.2549 0.1363 -0.0740 92 13 6
-0.2547 0.1364 -0.0749 92 13 6
-0.2545 0.1365 -0.0757 91 13 6
-0.2543 0.1366 -0.0765 91 13 6
-0.2541 0.1367 -0.0773 91 13 6
-0.2540 0.1369 -0.0781 90 13 6
-0.2538 0.1370 -0.0789 90 13 6
-0.2536 0.1371 -0.0798 89 13 6
-0.2534 0.1372 -0.0806 89 13 6
-0.2532 0.1374 -0.0814 89 14 7
-0.2530 0.1375 -0.0822 88 14 7
-0.2528 0.1376 -0.0830 88 14 7
-0.2526 0.1378 -0.0838 87 14 7
-0.2524 0.1379 -0.0846 87 14 7
-0.2522 0.1380 -0.0854 87 14 7
-0.2519 0.1381 -0.0863 86 14 7
-0.2517 0.1383 -0.0871 86 14 7
-0.2515 0.1384 -0.0879 86 14 8
-0.2513 0.1385 -0.0887 85 14 8
-0.2511 0.1386 -0.0895 85 14 8
-0.2508 0.1388 -0.0903 84 14 8
-0.2506 0.1389 -0.0911 84 14 8
-0.2504 0.1390 -0.0919 84 14 8
-0.2501 0.1391 -0.0927 83 14 8
-0.2499 0.1392 -0.0935 83 14 9
-0.2497 0.1394 -0.0943 83 14 9
-0.2494 0.1395 -0.0951 82 14 9
-0.2492 0.1396 -0.0960 82 14 9
-0.2489 0.1397 -0.0968 81 14 9
-0.2487 0.1399 -0.0976 81 14 9
-0.2484 0.1400 -0.0984 81 14 9
-0.2482 0.1401 -0.0992 80 14 10
-0.2479 0.1402 -0.1000 80 14 10
-0.2477 0.1404 -0.1008 80 14 10
-0.2474 0.1405 -0.1016 79 14 10
-0.2471 0.1406 -0.1024 79 14 10
-0.2469 0.1408 -0.1032 79 14 10
-0.2466 0.1409 -0.1040 78 14 10
-0.2463 0.1410 -0.1048 78 14 11
-0.2461 0.1411 -0.1056 77 14 11
-0.2458 0.1413 -0.1064 77 14 11
-0.2455 0.1414 -0.1072 77 14 11
-0.2452 0.1415 -0.1079 76 14 11
-0.2449 0.1416 -0.1087 76 14 11
-0.2446 0.1417 -0.1095 76 14 12
-0.2443 0.1419 -0.1103 75 14 12
-0.2441 0.1420 -0.1111 75 14 12
-0.2438 0.1421 -0.1119 75 14 12
-0.2435 0.1422 -0.1127 74 14 12
-0.2432 0.1424 -0.1135 74 14 12
-0.2429 0.1425 -0.1143 73 14 13
-0.2425 0.1426 -0.1151 73 14 13
-0.2422 0.1427 -0.1159 73 14 13
-0.2419 0.1429 -0.1166 72 14 13
-0.2416 0.1430 -0.1174 72 14 13
-0.2413 0.1431 -0.1182 72 14 13
-0.2410 0.1432 -0.1190 71 14 14
-0.2407 0.1434 -0.1198 71 14 14
-0.2403 0.1435 -0.1206 71 14 14
-0.2400 0.1436 -0.1213 70 14 14
-0.2397 0.1438 -0.1221 70 14 14
-0.2393 0.1439 -0.1229 69 14 15
-0.2390 0.1440 -0.1237 69 14 15
-0.2387 0.1441 -0.1245 69 14 15
-0.2383 0.1442 -0.1252 68 14 15
-0.2380 0.1444 -0.1260 68 14 15
-0.2377 0.1445 -0.1268 68 14 15
-0.2373 0.1446 -0.1276 67 14 16
-0.2370 0.1447 -0.1283 67 14 16
-0.2366 0.1449 -0.1291 67 14 16
-0.2363 0.1450 -0.1299 66 14 16
-0.2359 0.1451 -0.1307 66 14 16
-0.2355 0.1452 -0.1314 66 14 17
-0.2352 0.1454 -0.1322 65 14 17
-0.2348 0.1455 -0.1330 65 14 17
-0.2344 0.1456 -0.1337 65 14 17
-0.2341 0.1457 -0.1345 64 14 17
-0.2337 0.1459 -0.1353 64 14 18
-0.2333 0.1460 -0.1360 64 14 18
-0.2330 0.1461 -0.1368 63 14 18
-0.2326 0.1463 -0.1375 63 14 18
-0.2322 0.1464 -0.1383 63 14 18
-0.2318 0.1465 -0.1391 62 14 19
-0.2314 0.1466 -0.1398 62 14 19
-0.2310 0.1467 -0.1406 61 14 19
-0.2306 0.1469 -0.1413 61 14 19
-0.2302 0.1470 -0.1421 61 14 19
-0.2298 0.1471 -0.1428 60 15 20
-0.2294 0.1472 -0.1436 60 15 20
-0.2290 0.1474 -0.1444 60 15 20
-0.2286 0.1475 -0.1451 59 15 20
-0.2282 0.1476 -0.1459 59 15 20
-0.2278 0.1477 -0.1466 59 15 21
-0.2274 0.1479 -0.1473 58 15 21
-0.2270 0.1480 -0.1481 58 15 21
-0.2266 0.1481 -0.1488 58 15 21
-0.2262 0.1482 -0.1496 57 15 22
-0.2257 0.1484 -0.1503 57 15 22
-0.2253 0.1485 -0.1511 57 15 22
-0.2249 0.1486 -0.1518 56 15 22
-0.2245 0.1487 -0.1525 56 15 22
-0.2240 0.1489 -0.1533 56 15 23
-0.2236 0.1490 -0.1540 55 15 23
-0.2232 0.1491 -0.1548 55 15 23
-0.2227 0.1492 -0.1555 55 15 23
-0.2223 0.1494 -0.1562 54 15 24
-0.2218 0.1495 -0.1570 54 15 24
-0.2214 0.1496 -0.1577 54 15 24
-0.2210 0.1497 -0.1584 53 15 24
-0.2205 0.1499 -0.1592 53 15 25
-0.2201 0.1500 -0.1599 53 15 25
-0.2196 0.1501 -0.1606 53 15 25
-0.2191 0.1502 -0.1613 52 15 25
-0.2187 0.1504 -0.1621 52 15 25
-0.2182 0.1505 -0.1628 52 15 26
-0.2178 0.1506 -0.1635 51 15 26
-0.2173 0.1507 -0.1642 51 15 26
-0.2168 0.1509 -0.1649 51 15 26
-0.2163 0.1510 -0.1656 50 15 27
-0.2159 0.1511 -0.1664 50 15 27
-0.2154 0.1512 -0.1671 50 15 27
-0.2149 0.1514 -0.1678 49 15 27
-0.2144 0.1515 -0.1685 49 15 28
-0.2140 0.1516 -0.1692 49 15 28
-0.2135 0.1517 -0.1699 48 15 28
-0.2130 0.1519 -0.1706 48 15 28
-0.2125 0.1520 -0.1713 48 15 29
-0.2120 0.1521 -0.1720 47 15 29
-0.2115 0.1522 -0.1727 47 15 29
-0.2110 0.1524 -0.1734 47 15 29
-0.2105 0.1525 -0.1741 47 15 30
-0.2100 0.1526 -0.1748 46 15 30
-0.2095 0.1527 -0.1755 46 15 30
-0.2090 0.1529 -0.1762 46 15 30
-0.2085 0.1530 -0.1769 45 15 31
-0.2080 0.1531 -0.1776 45 15 31
-0.2075 0.1532 -0.1783 45 15 31
-0.2069 0.1534 -0.1790 44 15 31
-0.2064 0.1535 -0.1797 44 15 32
-0.2059 0.1536 -0.1804 44 15 32
-0.2054 0.1537 -0.1811 44 15 32
-0.2049 0.1539 -0.1818 43 15 33
-0.2043 0.1540 -0.1824 43 15 33
-0.2038 0.1541 -0.1831 43 15 33
-0.2033 0.1542 -0.1838 42 15 33
-0.2027 0.1544 -0.1845 42 15 34
-0.2022 0.1545 -0.1851 42 15 34
-0.2017 0.1546 -0.1858 41 15 34
-0.2011 0.1547 -0.1865 41 15 34
-0.2006 0.1549 -0.1872 41 15 35
-0.2000 0.1550 -0.1878 41 15 35
-0.1995 0.1551 -0.1885 40 15 35
-0.1989 0.1552 -0.1892 40 15 35
-0.1984 0.1554 -0.1898 40 15 36
-0.1978 0.1555 -0.1905 39 15 36
-0.1973 0.1556 -0.1912 39 15 36
-0.1967 0.1557 -0.1918 39 15 37
-0.1961 0.1559 -0.1925 39 15 37
-0.1956 0.1560 -0.1931 38 15 37
-0.1950 0.1561 -0.1938 38 15 37
-0.1945 0.1563 -0.1945 38 15 38
-0.1939 0.1564 -0.1951 37 15 38
-0.1933 0.1565 -0.1958 37 15 38
-0.1927 0.1566 -0.1964 37 15 39
-0.1922 0.1568 -0.1971 37 15 39
-0.1916 0.1569 -0.1977 36 16 39
-0.1910 0.1570 -0.1983 36 16 39
-0.1904 0.1571 -0.1990 36 16 40
-0.1898 0.1573 -0.1996 35 16 40
-0.1893 0.1574 -0.2003 35 16 40
-0.1887 0.1575 -0.2009 35 16 41
-0.1881 0.1576 -0.2015 35 16 41
-0.1875 0.1578 -0.2022 34 16 41
-0.1869 0.1579 -0.2028 34 16 41
-0.1863 0.1580 -0.2034 34 16 42
-0.1857 0.1581 -0.2041 34 16 42
-0.1851 0.1583 -0.2047 33 16 42
-0.1845 0.1584 -0.2053 33 16 43
-0.1839 0.1585 -0.2059 33 16 43
-0.1833 0.1586 -0.2066 33 16 43
-0.1827 0.1588 -0.2072 32 16 44
-0.1820 0.1589 -0.2078 32 16 44
-0.1814 0.1590 -0.2084 32 16 44
-0.1808 0.1591 -0.2090 31 16 44
-0.1802 0.1593 -0.2096 31 16 45
-0.1796 0.1594 -0.2103 31 16 45
-0.1789 0.1595 -0.2109 31 16 45
-0.1783 0.1596 -0.2115 30 16 46
-0.1777 0.1598 -0.2121 30 16 46
-0.1771 0.1599 -0.2127 30 16 46
-0.1764 0.1600 -0.2133 30 16 47
-0.1758 0.1601 -0.2139 29 16 47
-0.1752 0.1603 -0.2145 29 16 47
-0.1745 0.1604 -0.2151 29 16 47
-0.1739 0.1605 -0.2157 29 16 48
-0.1733 0.1606 -0.2163 28 16 48
-0.1726 0.1608 -0.2168 28 16 48
-0.1720 0.1609 -0.2174 28 16 49
-0.1713 0.1610 -0.2180 28 16 49
-0.1707 0.1611 -0.2186 27 16 49
-0.1700 0.1613 -0.2192 27 16 50
-0.1694 0.1614 -0.2198 27 16 50
-0.1687 0.1615 -0.2203 27 16 50
-0.1681 0.1616 -0.2209 26 16 51
-0.1674 0.1617 -0.2215 26 16 51
-0.1667 0.1619 -0.2221 26 16 51
-0.1661 0.1620 -0.2226 26 16 52
-0.1654 0.1621 -0.2232 25 16 52
-0.1647 0.1623 -0.2238 25 16 52
-0.1641 0.1624 -0.2243 25 16 53
-0.1634 0.1625 -0.2249 25 16 53
-0.1627 0.1626 -0.2255 25 16 53
-0.1621 0.1628 -0.2260 24 16 53
-0.1614 0.1629 -0.2266 24 16 54
-0.1607 0.1630 -0.2271 24 16 54
-0.1600 0.1631 -0.2277 24 16 54
-0.1593 0.1633 -0.2282 23 16 55
-0.1587 0.1634 -0.2288 23 16 55
-0.1580 0.1635 -0.2293 23 16 55
-0.1573 0.1636 -0.2299 23 16 56
-0.1566 0.1638 -0.2304 22 16 56
-0.1559 0.1639 -0.2310 22 16 56
-0.1552 0.1640 -0.2315 22 16 57
-0.1545 0.1641 -0.2320 22 16 57
-0.1538 0.1642 -0.2326 22 16 57
-0.1531 0.1644 -0.2331 21 16 58
-0.1524 0.1645 -0.2336 21 16 58
-0.1517 0.1646 -0.2342 21 16 58
-0.1510 0.1648 -0.2347 21 16 59
-0.1503 0.1649 -0.2352 20 16 59
-0.1496 0.1650 -0.2357 20 16 59
-0.1489 0.1651 -0.2363 20 16 60
-0.1482 0.1653 -0.2368 20 16 60
-0.1475 0.1654 -0.2373 20 16 60
-0.1468 0.1655 -0.2378 19 16 61
-0.1460 0.1656 -0.2383 19 16 61
-0.1453 0.1658 -0.2388 19 16 61
-0.1446 0.1659 -0.2393 19 16 62
-0.1439 0.1660 -0.2398 19 16 62
-0.1432 0.1661 -0.2403 18 16 63
-0.1424 0.1663 -0.2408 18 16 63
-0.1417 0.1664 -0.2413 18 16 63
-0.1410 0.1665 -0.2418 18 16 64
-0.1402 0.1666 -0.2423 18 16 64
-0.1395 0.1667 -0.2428 17 17 64
-0.1388 0.1669 -0.2433 17 17 65
-0.1380 0.1670 -0.2438 17 17 65
-0.1373 0.1671 -0.2443 17 17 65
-0.1366 0.1673 -0.2448 17 17 66
-0.1358 0.1674 -0.2452 16 17 66
-0.1351 0.1675 -0.2457 16 17 66
-0.1343 0.1676 -0.2462 16 17 67
-0.1336 0.1678 -0.2467 16 17 67
-0.1328 0.1679 -0.2471 16 17 67
-0.1321 0.1680 -0.2476 15 17 68
-0.1313 0.1681 -0.2481 15 17 68
-0.1306 0.1683 -0.2485 15 17 68
-0.1298 0.1684 -0.2490 15 17 69
-0.1291 0.1685 -0.2495 15 17 69
-0.1283 0.1686 -0.2499 15 17 69
-0.1276 0.1688 -0.2504 14 17 70
-0.1268 0.1689 -0.2508 14 17 70
-0.1260 0.1690 -0.2513 14 17 71
-0.1253 0.1691 -0.2517 14 17 71
-0.1245 0.1692 -0.2522 14 17 71
-0.1238 0.1694 -0.2526 13 17 72
-0.1230 0.1695 -0.2531 13 17 72
-0.1222 0.1696 -0.2535 13 17 72
-0.1214 0.1698 -0.2539 13 17 73
-0.1207 0.1699 -0.2544 13 17 73
-0.1199 0.1700 -0.2548 13 17 73
-0.1191 0.1701 -0.2552 12 17 74
-0.1183 0.1702 -0.2557 12 17 74
-0.1176 0.1704 -0.2561 12 17 75
-0.1168 0.1705 -0.2565 12 17 75
-0.1160 0.1706 -0.2569 12 17 75
-0.1152 0.1708 -0.2573 12 17 76
-0.1144 0.1709 -0.2578 11 17 76
-0.1137 0.1710 -0.2582 11 17 76
-0.1129 0.1711 -0.2586 11 17 77
-0.1121 0.1713 -0.2590 11 17 77
-0.1113 0.1714 -0.2594 11 17 77
-0.1105 0.1715 -0.2598 11 17 78
-0.1097 0.1716 -0.2602 10 17 78
-0.1089 0.1717 -0.2606 10 17 79
-0.1081 0.1719 -0.2610 10 17 79
-0.1073 0.1720 -0.2614 10 17 79
-0.1065 0.1721 -0.2618 10 17 80
-0.1057 0.1723 -0.2622 10 17 80
-0.1049 0.1724 -0.2626 10 17 80
-0.1041 0.1725 -0.2629 9 17 81
-0.1033 0.1726 -0.2633 9 17 81
-0.1025 0.1727 -0.2637 9 17 81
-0.1017 0.1729 -0.2641 9 17 82
-0.1009 0.1730 -0.2645 9 17 82
-0.1001 0.1731 -0.2648 9 17 83
-0.0993 0.1733 -0.2652 9 17 83
-0.0984 0.1734 -0.2656 8 17 83
-0.0976 0.1735 -0.2659 8 17 84
-0.0968 0.1736 -0.2663 8 17 84
-0.0960 0.1738 -0.2666 8 17 84
-0.0952 0.1739 -0.2670 8 17 85
-0.0944 0.1740 -0.2674 8 17 85
-0.0935 0.1741 -0.2677 8 17 86
-0.0927 0.1742 -0.2681 7 17 86
-0.0919 0.1744 -0.2684 7 17 86
-0.0911 0.1745 -0.2687 7 17 87
-0.0902 0.1746 -0.2691 7 17 87
-0.0894 0.1748 -0.2694 7 17 87
-0.0886 0.1749 -0.2698 7 17 88
-0.0878 0.1750 -0.2701 7 17 88
-0.0869 0.1751 -0.2704 7 17 89
-0.0861 0.1752 -0.2708 6 17 89
-0.0853 0.1754 -0.2711 6 17 89
-0.0844 0.1755 -0.2714 6 17 90
-0.0836 0.1756 -0.2717 6 17 90
-0.0828 0.1758 -0.2721 6 17 91
-0.0819 0.1759 -0.2724 6 17 91
-0.0811 0.1760 -0.2727 6 17 91
-0.0802 0.1761 -0.2730 6 17 92
-0.0794 0.1762 -0.2733 6 17 92
-0.0786 0.1764 -0.2736 5 17 92
-0.0777 0.1765 -0.2739 5 18 93
-0.0769 0.1766 -0.2742 5 18 93
-0.0760 0.1767 -0.2745 5 18 94
-0.0752 0.1769 -0.2748 5 18 94
-0.0743 0.1770 -0.2751 5 18 94
-0.0735 0.1771 -0.2754 5 18 95
-0.0726 0.1773 -0.2757 5 18 95
-0.0718 0.1774 -0.2760 5 18 96
-0.0709 0.1775 -0.2762 4 18 96
-0.0701 0.1776 -0.2765 4 18 96
-0.0692 0.1777 -0.2768 4 18 97
-0.0684 0.1779 -0.2771 4 18 97
-0.0675 0.1780 -0.2773 4 18 97
-0.0666 0.1781 -0.2776 4 18 98
-0.0658 0.1783 -0.2779 4 18 98
-0.0649 0.1784 -0.2781 4 18 99
-0.0641 0.1785 -0.2784 4 18 99
-0.0632 0.1786 -0.2787 4 18 99
-0.0623 0.1787 -0.2789 4 18 100
-0.0615 0.1789 -0.2792 3 18 100
-0.0606 0.1790 -0.2794 3 18 101
-0.0598 0.1791 -0.2797 3 18 101
-0.0589 0.1792 -0.2799 3 18 101
-0.0580 0.1794 -0.2802 3 18 102
-0.0571 0.1795 -0.2804 3 18 102
-0.0563 0.1796 -0.2806 3 18 103
-0.0554 0.1798 -0.2809 3 18 103
-0.0545 0.1799 -0.2811 3 18 103
-0.0537 0.1800 -0.2813 3 18 104
-0.0528 0.1801 -0.2816 3 18 104
-0.0519 0.1802 -0.2818 3 18 104
-0.0510 0.1804 -0.2820 3 18 105
-0.0502 0.1805 -0.2822 2 18 105
-0.0493 0.1806 -0.2824 2 18 106
-0.0484 0.1808 -0.2826 2 18 106
-0.0475 0.1809 -0.2829 2 18 106
-0.0467 0.1810 -0.2831 2 18 107
-0.0458 0.1811 -0.2833 2 18 107
-0.0449 0.1812 -0.2835 2 18 108
-0.0440 0.1814 -0.2837 2 18 108
-0.0431 0.1815 -0.2839 2 18 108
-0.0422 0.1816 -0.2841 2 18 109
-0.0414 0.1817 -0.2842 2 18 109
-0.0405 0.1819 -0.2844 2 18 110
-0.0396 0.1820 -0.2846 2 18 110
-0.0387 0.1821 -0.2848 2 18 110
-0.0378 0.1823 -0.2850 2 18 111
-0.0369 0.1824 -0.2852 2 18 111
-0.0360 0.1825 -0.2853 2 18 112
-0.0352 0.1826 -0.2855 1 18 112
-0.0343 0.1827 -0.2857 1 18 112
-0.0334 0.1829 -0.2858 1 18 113
-0.0325 0.1830 -0.2860 1 18 113
-0.0316 0.1831 -0.2862 1 18 114
-0.0307 0.1833 -0.2863 1 18 114
-0.0298 0.1834 -0.2865 1 18 114
-0.0289 0.1835 -0.2866 1 18 115
-0.0280 0.1836 -0.2868 1 18 115
-0.0271 0.1837 -0.2869 1 18 116
-0.0262 0.1839 -0.2871 1 18 116
-0.0253 0.1840 -0.2872 1 18 116
-0.0244 0.1841 -0.2873 1 18 117
-0.0235 0.1842 -0.2875 1 18 117
-0.0226 0.1844 -0.2876 1 18 118
-0.0217 0.1845 -0.2877 1 18 118
-0.0208 0.1846 -0.2879 1 18 118
-0.0199 0.1847 -0.2880 1 18 119
-0.0190 0.1849 -0.2881 1 18 119
-0.0181 0.1850 -0.2882 1 18 120
-0.0172 0.1851 -0.2883 1 18 120
-0.0163 0.1852 -0.2885 1 18 120
-0.0154 0.1854 -0.2886 1 18 121
-0.0145 0.1855 -0.2887 1 18 121
-0.0136 0.1856 -0.2888 1 18 122
-0.0127 0.1858 -0.2889 1 18 122
-0.0118 0.1859 -0.2890 1 18 122
-0.0109 0.1860 -0.2891 1 18 123
-0.0100 0.1861 -0.2892 1 18 123
-0.0091 0.1862 -0.2893 1 18 124
-0.0082 0.1864 -0.2893 1 19 124
-0.0073 0.1865 -0.2894 1 19 124
-0.0064 0.1866 -0.2895 1 19 125
-0.0055 0.1867 -0.2896 1 19 125
-0.0046 0.1869 -0.2897 1 19 126
-0.0036 0.1870 -0.2897 1 19 126
-0.0027 0.1871 -0.2898 1 19 126
-0.0018 0.1872 -0.2899 1 19 127
-0.0009 0.1874 -0.2899 1 19 127
-0.0000 0.1875 -0.2900 1 19 127
0.0009 0.1876 -0.2901 1 19 128
0.0018 0.1878 -0.2901 1 19 128
0.0027 0.1879 -0.2902 1 19 129
0.0036 0.1880 -0.2902 1 19 129
0.0046 0.1881 -0.2903 1 19 129
0.0055 0.1883 -0.2903 1 19 130
0.0064 0.1884 -0.2903 1 19 130
0.0073 0.1885 -0.2904 1 19 131
0.0082 0.1886 -0.2904 1 19 131
0.0091 0.1888 -0.2905 1 19 131
0.0100 0.1889 -0.2905 1 19 132
0.0110 0.1890 -0.2905 1 19 132
0.0119 0.1891 -0.2905 1 19 133
0.0128 0.1893 -0.2906 1 19 133
0.0137 0.1894 -0.2906 1 19 133
0.0146 0.1895 -0.2906 1 19 134
0.0155 0.1896 -0.2906 1 19 134
0.0165 0.1897 -0.2906 1 19 135
0.0174 0.1899 -0.2906 1 19 135
0.0183 0.1900 -0.2906 1 19 135
0.0192 0.1901 -0.2906 1 19 136
0.0201 0.1903 -0.2906 1 19 136
0.0210 0.1904 -0.2906 1 19 137
0.0220 0.1905 -0.2906 1 19 137
0.0229 0.1906 -0.2906 1 19 137
0.0238 0.1908 -0.2906 1 19 138
0.0247 0.1909 -0.2906 1 19 138
0.0256 0.1910 -0.2906 1 19 139
0.0265 0.1911 -0.2905 1 19 139
0.0275 0.1913 -0.2905 1 19 139
0.0284 0.1914 -0.2905 1 19 140
0.0293 0.1915 -0.2904 1 19 140
0.0302 0.1916 -0.2904 1 19 141
0.0311 0.1918 -0.2904 1 19 141
0.0321 0.1919 -0.2903 1 19 141
0.0330 0.1920 -0.2903 1 19 142
0.0339 0.1921 -0.2902 1 19 142
0.0348 0.1922 -0.2902 1 19 143
0.0357 0.1924 -0.2901 1 19 143
0.0366 0.1925 -0.2901 2 19 143
0.0376 0.1926 -0.2900 2 19 144
0.0385 0.1928 -0.2900 2 19 144
0.0394 0.1929 -0.2899 2 19 145
0.0403 0.1930 -0.2898 2 19 145
0.0412 0.1931 -0.2898 2 19 145
0.0422 0.1932 -0.2897 2 19 146
0.0431 0.1934 -0.2896 2 19 146
0.0440 0.1935 -0.2896 2 19 147
0.0449 0.1936 -0.2895 2 19 147
0.0458 0.1938 -0.2894 2 19 147
0.0468 0.1939 -0.2893 2 19 148
0.0477 0.1940 -0.2892 2 19 148
0.0486 0.1941 -0.2891 2 19 149
0.0495 0.1943 -0.2890 2 19 149
0.0504 0.1944 -0.2889 2 19 149
0.0513 0.1945 -0.2888 2 19 150
0.0523 0.1946 -0.2887 3 19 150
0.0532 0.1947 -0.2886 3 19 151
0.0541 0.1949 -0.2885 3 19 151
0.0550 0.1950 -0.2884 3 19 151
0.0559 0.1951 -0.2883 3 19 152
0.0568 0.1953 -0.2882 3 19 152
0.0578 0.1954 -0.2880 3 19 152
0.0587 0.1955 -0.2879 3 19 153
0.0596 0.1956 -0.2878 3 19 153
0.0605 0.1957 -0.2877 3 19 154
0.0614 0.1959 -0.2875 3 19 154
0.0623 0.1960 -0.2874 3 19 154
0.0633 0.1961 -0.2873 3 20 155
0.0642 0.1963 -0.2871 4 20 155
0.0651 0.1964 -0.2870 4 20 156
0.0660 0.1965 -0.2868 4 20 156
0.0669 0.1966 -0.2867 4 20 156
0.0678 0.1968 -0.2865 4 20 157
0.0687 0.1969 -0.2864 4 20 157
0.0697 0.1970 -0.2862 4 20 158
0.0706 0.1971 -0.2860 4 20 158
0.0715 0.1972 -0.2859 4 20 158
0.0724 0.1974 -0.2857 4 20 159
0.0733 0.1975 -0.2855 4 20 159
0.0742 0.1976 -0.2854 5 20 159
0.0751 0.1978 -0.2852 5 20 160
0.0760 0.1979 -0.2850 5 20 160
0.0770 0.1980 -0.2848 5 20 161
0.0779 0.1981 -0.2846 5 20 161
0.0788 0.1982 -0.2845 5 20 161
0.0797 0.1984 -0.2843 5 20 162
0.0806 0.1985 -0.2841 5 20 162
0.0815 0.1986 -0.2839 5 20 163
0.0824 0.1988 -0.2837 6 20 163
0.0833 0.1989 -0.2835 6 20 163
0.0842 0.1990 -0.2833 6 20 164
0.0851 0.1991 -0.2831 6 20 164
0.0860 0.1992 -0.2828 6 20 164
0.0869 0.1994 -0.2826 6 20 165
0.0879 0.1995 -0.2824 6 20 165
0.0888 0.1996 -0.2822 6 20 166
0.0897 0.1997 -0.2820 6 20 166
0.0906 0.1999 -0.2817 7 20 166
0.0915 0.2000 -0.2815 7 20 167
0.0924 0.2001 -0.2813 7 20 167
0.0933 0.2003 -0.2810 7 20 168
0.0942 0.2004 -0.2808 7 20 168
0.0951 0.2005 -0.2806 7 20 168
0.0960 0.2006 -0.2803 7 20 169
0.0969 0.2007 -0.2801 7 20 169
0.0978 0.2009 -0.2798 8 20 169
0.0987 0.2010 -0.2796 8 20 170
0.0996 0.2011 -0.2793 8 20 170
0.1005 0.2013 -0.2791 8 20 171
0.1014 0.2014 -0.2788 8 20 171
0.1023 0.2015 -0.2785 8 20 171
0.1032 0.2016 -0.2783 8 20 172
0.1041 0.2017 -0.2780 9 20 172
0.1049 0.2019 -0.2777 9 20 172
0.1058 0.2020 -0.2775 9 20 173
0.1067 0.2021 -0.2772 9 20 173
0.1076 0.2022 -0.2769 9 20 174
0.1085 0.2024 -0.2766 9 20 174
0.1094 0.2025 -0.2763 9 20 174
0.1103 0.2026 -0.2760 10 20 175
0.1112 0.2028 -0.2757 10 20 175
0.1121 0.2029 -0.2755 10 20 175
0.1130 0.2030 -0.2752 10 20 176
0.1138 0.2031 -0.2749 10 20 176
0.1147 0.2032 -0.2746 10 20 176
0.1156 0.2034 -0.2742 10 20 177
0.1165 0.2035 -0.2739 11 20 177
0.1174 0.2036 -0.2736 11 20 178
0.1183 0.2038 -0.2733 11 20 178
0.1192 0.2039 -0.2730 11 20 178
0.1200 0.2040 -0.2727 11 20 179
0.1209 0.2041 -0.2723 11 20 179
0.1218 0.2042 -0.2720 12 20 179
0.1227 0.2044 -0.2717 12 20 180
0.1236 0.2045 -0.2714 12 20 180
0.1244 0.2046 -0.2710 12 20 180
0.1253 0.2047 -0.2707 12 20 181
0.1262 0.2049 -0.2703 12 20 181
0.1271 0.2050 -0.2700 13 20 182
0.1279 0.2051 -0.2697 13 20 182
0.1288 0.2053 -0.2693 13 20 182
0.1297 0.2054 -0.2690 13 20 183
0.1305 0.2055 -0.2686 13 20 183
0.1314 0.2056 -0.2682 13 20 183
0.1323 0.2057 -0.2679 14 20 184
0.1331 0.2059 -0.2675 14 20 184
0.1340 0.2060 -0.2672 14 21 184
0.1349 0.2061 -0.2668 14 21 185
0.1357 0.2063 -0.2664 14 21 185
0.1366 0.2064 -0.2660 15 21 186
0.1375 0.2065 -0.2657 15 21 186
0.1383 0.2066 -0.2653 15 21 186
0.1392 0.2067 -0.2649 15 21 187
0.1401 0.2069 -0.2645 15 21 187
0.1409 0.2070 -0.2641 15 21 187
0.1418 0.2071 -0.2637 16 21 188
0.1426 0.2072 -0.2633 16 21 188
0.1435 0.2074 -0.2629 16 21 188
0.1443 0.2075 -0.2625 16 21 189
0.1452 0.2076 -0.2621 16 21 189
0.1460 0.2077 -0.2617 17 21 189
0.1469 0.2079 -0.2613 17 21 190
0.1477 0.2080 -0.2609 17 21 190
0.1486 0.2081 -0.2605 17 21 190
0.1494 0.2082 -0.2601 17 21 191
0.1503 0.2084 -0.2597 18 21 191
0.1511 0.2085 -0.2592 18 21 191
0.1520 0.2086 -0.2588 18 21 192
0.1528 0.2088 -0.2584 18 21 192
0.1537 0.2089 -0.2580 18 21 192
0.1545 0.2090 -0.2575 19 21 193
0.1553 0.2091 -0.2571 19 21 193
0.1562 0.2092 -0.2567 19 21 194
0.1570 0.2094 -0.2562 19 21 194
0.1578 0.2095 -0.2558 19 21 194
0.1587 0.2096 -0.2553 20 21 195
0.1595 0.2097 -0.2549 20 21 195
0.1603 0.2099 -0.2544 20 21 195
0.1612 0.2100 -0.2540 20 21 196
0.1620 0.2101 -0.2535 20 21 196
0.1628 0.2102 -0.2531 21 21 196
0.1637 0.2104 -0.2526 21 21 197
0.1645 0.2105 -0.2521 21 21 197
0.1653 0.2106 -0.2517 21 21 197
0.1661 0.2107 -0.2512 22 21 198
0.1670 0.2109 -0.2507 22 21 198
0.1678 0.2110 -0.2502 22 21 198
0.1686 0.2111 -0.2498 22 21 199
0.1694 0.2113 -0.2493 22 21 199
0.1702 0.2114 -0.2488 23 21 199
0.1710 0.2115 -0.2483 23 21 200
0.1719 0.2116 -0.2478 23 21 200
0.1727 0.2117 -0.2473 23 21 200
0.1735 0.2119 -0.2468 24 21 201
0.1743 0.2120 -0.2463 24 21 201
0.1751 0.2121 -0.2458 24 21 201
0.1759 0.2122 -0.2453 24 21 202
0.1767 0.2124 -0.2448 25 21 202
0.1775 0.2125 -0.2443 25 21 202
0.1783 0.2126 -0.2438 25 21 202
0.1791 0.2127 -0.2433 25 21 203
0.1799 0.2129 -0.2428 25 21 203
0.1807 0.2130 -0.2423 26 21 203
0.1815 0.2131 -0.2417 26 21 204
0.1823 0.2132 -0.2412 26 21 204
0.1831 0.2134 -0.2407 26 21 204
0.1839 0.2135 -0.2402 27 21 205
0.1847 0.2136 -0.2396 27 21 205
0.1855 0.2138 -0.2391 27 21 205
0.1863 0.2139 -0.2386 27 21 206
0.1870 0.2140 -0.2380 28 21 206
0.1878 0.2141 -0.2375 28 21 206
0.1886 0.2142 -0.2369 28 21 207
0.1894 0.2144 -0.2364 28 21 207
0.1902 0.2145 -0.2358 29 21 207
0.1909 0.2146 -0.2353 29 21 208
0.1917 0.2147 -0.2347 29 21 208
0.1925 0.2149 -0.2342 29 21 208
0.1933 0.2150 -0.2336 30 21 208
0.1940 0.2151 -0.2331 30 21 209
0.1948 0.2152 -0.2325 30 21 209
0.1956 0.2154 -0.2319 30 21 209
0.1963 0.2155 -0.2314 31 21 210
0.1971 0.2156 -0.2308 31 21 210
0.1979 0.2157 -0.2302 31 22 210
0.1986 0.2159 -0.2296 31 22 211
0.1994 0.2160 -0.2291 32 22 211
0.2002 0.2161 -0.2285 32 22 211
0.2009 0.2162 -0.2279 32 22 211
0.2017 0.2164 -0.2273 33 22 212
0.2024 0.2165 -0.2267 33 22 212
0.2032 0.2166 -0.2261 33 22 212
0.2039 0.2167 -0.2255 33 22 213
0.2047 0.2169 -0.2249 34 22 213
0.2054 0.2170 -0.2243 34 22 213
0.2062 0.2171 -0.2237 34 22 214
0.2069 0.2172 -0.2231 34 22 214
0.2076 0.2174 -0.2225 35 22 214
0.2084 0.2175 -0.2219 35 22 214
0.2091 0.2176 -0.2213 35 22 215
0.2098 0.2177 -0.2207 35 22 215
0.2106 0.2179 -0.2201 36 22 215
0.2113 0.2180 -0.2194 36 22 216
0.2120 0.2181 -0.2188 36 22 216
0.2128 0.2182 -0.2182 37 22 216
0.2135 0.2184 -0.2176 37 22 216
0.2142 0.2185 -0.2169 37 22 217
0.2149 0.2186 -0.2163 37 22 217
0.2157 0.2188 -0.2157 38 22 217
0.2164 0.2189 -0.2150 38 22 218
0.2171 0.2190 -0.2144 38 22 218
0.2178 0.2191 -0.2138 39 22 218
0.2185 0.2193 -0.2131 39 22 218
0.2192 0.2194 -0.2125 39 22 219
0.2200 0.2195 -0.2118 39 22 219
0.2207 0.2196 -0.2112 40 22 219
0.2214 0.2198 -0.2105 40 22 220
0.2221 0.2199 -0.2099 40 22 220
0.2228 0.2200 -0.2092 41 22 220
0.2235 0.2201 -0.2085 41 22 220
0.2242 0.2203 -0.2079 41 22 221
0.2249 0.2204 -0.2072 41 22 221
0.2256 0.2205 -0.2065 42 22 221
0.2263 0.2206 -0.2059 42 22 221
0.2269 0.2208 -0.2052 42 22 222
0.2276 0.2209 -0.2045 43 22 222
0.2283 0.2210 -0.2039 43 22 222
0.2290 0.2211 -0.2032 43 22 222
0.2297 0.2213 -0.2025 44 22 223
0.2304 0.2214 -0.2018 44 22 223
0.2310 0.2215 -0.2011 44 22 223
0.2317 0.2216 -0.2004 44 22 224
0.2324 0.2218 -0.1997 45 22 224
0.2331 0.2219 -0.1991 45 22 224
0.2337 0.2220 -0.1984 45 22 224
0.2344 0.2221 -0.1977 46 22 225
0.2351 0.2223 -0.1970 46 22 225
0.2357 0.2224 -0.1963 46 22 225
0.2364 0.2225 -0.1956 47 22 225
0.2371 0.2226 -0.1949 47 22 226
0.2377 0.2228 -0.1941 47 22 226
0.2384 0.2229 -0.1934 47 22 226
0.2390 0.2230 -0.1927 48 22 226
0.2397 0.2231 -0.1920 48 22 227
0.2403 0.2233 -0.1913 48 22 227
0.2410 0.2234 -0.1906 49 22 227
0.2416 0.2235 -0.1899 49 22 227
0.2423 0.2236 -0.1891 49 22 228
0.2429 0.2238 -0.1884 50 22 228
0.2435 0.2239 -0.1877 50 22 228
0.2442 0.2240 -0.1870 50 22 228
0.2448 0.2241 -0.1862 51 22 229
0.2454 0.2243 -0.1855 51 22 229
0.2461 0.2244 -0.1847 51 22 229
0.2467 0.2245 -0.1840 52 22 229
0.2473 0.2246 -0.1833 52 22 230
0.2479 0.2247 -0.1825 52 22 230
0.2486 0.2249 -0.1818 53 22 230
0.2492 0.2250 -0.1810 53 22 230
0.2498 0.2251 -0.1803 53 22 230
0.2504 0.2253 -0.1795 53 22 231
0.2510 0.2254 -0.1788 54 22 231
0.2516 0.2255 -0.1780 54 23 231
0.2522 0.2256 -0.1773 54 23 231
0.2528 0.2258 -0.1765 55 23 232
0.2534 0.2259 -0.1758 55 23 232
0.2540 0.2260 -0.1750 55 23 232
0.2546 0.2261 -0.1742 56 23 232
0.2552 0.2263 -0.1735 56 23 233
0.2558 0.2264 -0.1727 56 23 233
0.2564 0.2265 -0.1719 57 23 233
0.2570 0.2266 -0.1711 57 23 233
0.2576 0.2268 -0.1704 57 23 233
0.2582 0.2269 -0.1696 58 23 234
0.2588 0.2270 -0.1688 58 23 234
0.2593 0.2271 -0.1680 58 23 234
0.2599 0.2272 -0.1672 59 23 234
0.2605 0.2274 -0.1665 59 23 235
0.2611 0.2275 -0.1657 59 23 235
0.2616 0.2276 -0.1649 60 23 235
0.2622 0.2278 -0.1641 60 23 235
0.2628 0.2279 -0.1633 60 23 235
0.2633 0.2280 -0.1625 61 23 236
0.2639 0.2281 -0.1617 61 23 236
0.2645 0.2283 -0.1609 61 23 236
0.2650 0.2284 -0.1601 62 23 236
0.2656 0.2285 -0.1593 62 23 236
0.2661 0.2286 -0.1585 63 23 237
0.2667 0.2288 -0.1577 63 23 237
0.2672 0.2289 -0.1569 63 23 237
0.2677 0.2290 -0.1561 64 23 237
0.2683 0.2291 -0.1553 64 23 237
0.2688 0.2293 -0.1545 64 23 238
0.2694 0.2294 -0.1536 65 23 238
0.2699 0.2295 -0.1528 65 23 238
0.2704 0.2296 -0.1520 65 23 238
0.2710 0.2297 -0.1512 66 23 238
0.2715 0.2299 -0.1504 66 23 239
0.2720 0.2300 -0.1495 66 23 239
0.2725 0.2301 -0.1487 67 23 239
0.2730 0.2303 -0.1479 67 23 239
0.2736 0.2304 -0.1471 67 23 239
0.2741 0.2305 -0.1462 68 23 240
0.2746 0.2306 -0.1454 68 23 240
0.2751 0.2307 -0.1446 68 23 240
0.2756 0.2309 -0.1437 69 23 240
0.2761 0.2310 -0.1429 69 23 240
0.2766 0.2311 -0.1420 69 23 240
0.2771 0.2313 -0.1412 70 23 241
0.2776 0.2314 -0.1403 70 23 241
0.2781 0.2315 -0.1395 71 23 241
0.2786 0.2316 -0.1387 71 23 241
0.2791 0.2318 -0.1378 71 23 241
0.2796 0.2319 -0.1370 72 23 242
0.2800 0.2320 -0.1361 72 23 242
0.2805 0.2321 -0.1352 72 23 242
0.2810 0.2322 -0.1344 73 23 242
0.2815 0.2324 -0.1335 73 23 242
0.2819 0.2325 -0.1327 73 23 242
0.2824 0.2326 -0.1318 74 23 243
0.2829 0.2328 -0.1309 74 23 243
0.2833 0.2329 -0.1301 75 23 243
0.2838 0.2330 -0.1292 75 23 243
0.2843 0.2331 -0.1284 75 23 243
0.2847 0.2332 -0.1275 76 23 243
0.2852 0.2334 -0.1266 76 23 244
0.2856 0.2335 -0.1257 76 23 244
0.2861 0.2336 -0.1249 77 23 244
0.2865 0.2338 -0.1240 77 23 244
0.2870 0.2339 -0.1231 77 23 244
0.2874 0.2340 -0.1222 78 23 244
0.2878 0.2341 -0.1214 78 23 245
0.2883 0.2343 -0.1205 79 23 245
0.2887 0.2344 -0.1196 79 23 245
0.2891 0.2345 -0.1187 79 23 245
0.2896 0.2346 -0.1178 80 23 245
0.2900 0.2347 -0.1169 80 23 245
0.2904 0.2349 -0.1160 80 23 245
0.2908 0.2350 -0.1151 81 23 246
0.2913 0.2351 -0.1143 81 23 246
0.2917 0.2353 -0.1134 81 23 246
0.2921 0.2354 -0.1125 82 24 246
0.2925 0.2355 -0.1116 82 24 246
0.2929 0.2356 -0.1107 83 24 246
0.2933 0.2357 -0.1098 83 24 246
0.2937 0.2359 -0.1089 83 24 247
0.2941 0.2360 -0.1080 84 24 247
0.2945 0.2361 -0.1071 84 24 247
0.2949 0.2363 -0.1062 84 24 247
0.2953 0.2364 -0.1053 85 24 247
0.2956 0.2365 -0.1043 85 24 247
0.2960 0.2366 -0.1034 86 24 247
0.2964 0.2368 -0.1025 86 24 248
0.2968 0.2369 -0.1016 86 24 248
0.2972 0.2370 -0.1007 87 24 248
0.2975 0.2371 -0.0998 87 24 248
0.2979 0.2372 -0.0989 87 24 248
0.2983 0.2374 -0.0980 88 24 248
0.2986 0.2375 -0.0970 88 24 248
0.2990 0.2376 -0.0961 89 24 248
0.2993 0.2378 -0.0952 89 24 249
0.2997 0.2379 -0.0943 89 24 249
0.3001 0.2380 -0.0933 90 24 249
0.3004 0.2381 -0.0924 90 24 249
0.3008 0.2382 -0.0915 91 24 249
0.3011 0.2384 -0.0906 91 24 249
0.3014 0.2385 -0.0896 91 24 249
0.3018 0.2386 -0.0887 92 24 249
0.3021 0.2388 -0.0878 92 24 249
0.3024 0.2389 -0.0868 92 24 250
0.3028 0.2390 -0.0859 93 24 250
0.3031 0.2391 -0.0850 93 24 250
0.3034 0.2392 -0.0840 94 24 250
0.3037 0.2394 -0.0831 94 24 250
0.3041 0.2395 -0.0822 94 24 250
0.3044 0.2396 -0.0812 95 24 250
0.3047 0.2397 -0.0803 95 24 250
0.3050 0.2399 -0.0793 96 24 250
0.3053 0.2400 -0.0784 96 24 251
0.3056 0.2401 -0.0774 96 24 251
0.3059 0.2403 -0.0765 97 24 251
0.3062 0.2404 -0.0755 97 24 251
0.3065 0.2405 -0.0746 97 24 251
0.3068 0.2406 -0.0737 98 24 251
0.3071 0.2407 -0.0727 98 24 251
0.3074 0.2409 -0.0718 99 24 251
0.3076 0.2410 -0.0708 99 24 251
0.3079 0.2411 -0.0698 99 24 251
0.3082 0.2413 -0.0689 100 24 251
0.3085 0.2414 -0.0679 100 24 252
0.3087 0.2415 -0.0670 101 24 252
0.3090 0.2416 -0.0660 101 24 252
0.3093 0.2417 -0.0651 101 24 252
0.3095 0.2419 -0.0641 102 24 252
0.3098 0.2420 -0.0631 102 24 252
0.3100 0.2421 -0.0622 103 24 252
0.3103 0.2422 -0.0612 103 24 252
0.3105 0.2424 -0.0603 103 24 252
0.3108 0.2425 -0.0593 104 24 252
0.3110 0.2426 -0.0583 104 24 252
0.3113 0.2428 -0.0574 104 24 252
0.3115 0.2429 -0.0564 105 24 252
0.3118 0.2430 -0.0554 105 24 253
0.3120 0.2431 -0.0544 106 24 253
0.3122 0.2432 -0.0535 106 24 253
0.3124 0.2434 -0.0525 106 24 253
0.3127 0.2435 -0.0515 107 24 253
0.3129 0.2436 -0.0506 107 24 253
0.3131 0.2438 -0.0496 108 24 253
0.3133 0.2439 -0.0486 108 24 253
0.3135 0.2440 -0.0476 108 24 253
0.3137 0.2441 -0.0467 109 24 253
0.3139 0.2442 -0.0457 109 24 253
0.3141 0.2444 -0.0447 110 24 253
0.3143 0.2445 -0.0437 110 24 253
0.3145 0.2446 -0.0427 110 24 253
0.3147 0.2447 -0.0418 111 24 253
0.3149 0.2449 -0.0408 111 24 253
0.3151 0.2450 -0.0398 112 24 253
0.3153 0.2451 -0.0388 112 25 254
0.3155 0.2453 -0.0378 112 25 254
0.3156 0.2454 -0.0369 113 25 254
0.3158 0.2455 -0.0359 113 25 254
0.3160 0.2456 -0.0349 114 25 254
0.3161 0.2457 -0.0339 114 25 254
0.3163 0.2459 -0.0329 114 25 254
0.3165 0.2460 -0.0319 115 25 254
0.3166 0.2461 -0.0309 115 25 254
0.3168 0.2463 -0.0299 116 25 254
0.3169 0.2464 -0.0290 116 25 254
0.3171 0.2465 -0.0280 116 25 254
0.3172 0.2466 -0.0270 117 25 254
0.3174 0.2467 -0.0260 117 25 254
0.3175 0.2469 -0.0250 118 25 254
0.3177 0.2470 -0.0240 118 25 254
0.3178 0.2471 -0.0230 118 25 254
0.3179 0.2472 -0.0220 119 25 254
0.3180 0.2474 -0.0210 119 25 254
0.3182 0.2475 -0.0200 120 25 254
0.3183 0.2476 -0.0190 120 25 254
0.3184 0.2477 -0.0180 120 25 254
0.3185 0.2479 -0.0170 121 25 254
0.3186 0.2480 -0.0160 121 25 254
0.3187 0.2481 -0.0150 122 25 254
0.3189 0.2482 -0.0140 122 25 254
0.3190 0.2484 -0.0130 122 25 254
0.3191 0.2485 -0.0120 123 25 254
0.3191 0.2486 -0.0110 123 25 254
0.3192 0.2488 -0.0100 124 25 254
0.3193 0.2489 -0.0090 124 25 254
0.3194 0.2490 -0.0080 124 25 254
0.3195 0.2491 -0.0070 125 25 254
0.3196 0.2492 -0.0060 125 25 254
0.3197 0.2494 -0.0050 126 25 254
0.3197 0.2495 -0.0040 126 25 254
0.3198 0.2496 -0.0030 126 25 254
0.3199 0.2497 -0.0020 127 25 254
0.3199 0.2499 -0.0010 127 25 254
0.3200 0.2500 -0.0000 127 25 255
0.3201 0.2501 0.0010 128 25 254
0.3201 0.2502 0.0020 128 25 254
0.3202 0.2504 0.0030 129 25 254
0.3202 0.2505 0.0040 129 25 254
0.3203 0.2506 0.0050 129 25 254
0.3203 0.2508 0.0060 130 25 254
0.3203 0.2509 0.0070 130 25 254
0.3204 0.2510 0.0081 131 25 254
0.3204 0.2511 0.0091 131 25 254
0.3204 0.2513 0.0101 131 25 254
0.3205 0.2514 0.0111 132 25 254
0.3205 0.2515 0.0121 132 25 254
0.3205 0.2516 0.0131 133 25 254
0.3205 0.2517 0.0141 133 25 254
0.3205 0.2519 0.0151 133 25 254
0.3206 0.2520 0.0161 134 25 254
0.3206 0.2521 0.0171 134 25 254
0.3206 0.2523 0.0181 135 25 254
0.3206 0.2524 0.0192 135 25 254
0.3206 0.2525 0.0202 135 25 254
0.3206 0.2526 0.0212 136 25 254
0.3206 0.2527 0.0222 136 25 254
0.3205 0.2529 0.0232 137 25 254
0.3205 0.2530 0.0242 137 25 254
0.3205 0.2531 0.0252 137 25 254
0.3205 0.2532 0.0262 138 25 254
0.3205 0.2534 0.0272 138 25 254
0.3204 0.2535 0.0283 139 25 254
0.3204 0.2536 0.0293 139 25 254
0.3204 0.2538 0.0303 139 25 254
0.3203 0.2539 0.0313 140 25 254
0.3203 0.2540 0.0323 140 25 254
0.3203 0.2541 0.0333 141 25 254
0.3202 0.2542 0.0343 141 25 254
0.3202 0.2544 0.0353 141 25 254
0.3201 0.2545 0.0364 142 25 254
0.3200 0.2546 0.0374 142 25 254
0.3200 0.2548 0.0384 143 25 254
0.3199 0.2549 0.0394 143 25 254
0.3199 0.2550 0.0404 143 26 253
0.3198 0.2551 0.0414 144 26 253
0.3197 0.2552 0.0424 144 26 253
0.3196 0.2554 0.0434 145 26 253
0.3196 0.2555 0.0445 145 26 253
0.3195 0.2556 0.0455 145 26 253
0.3194 0.2558 0.0465 146 26 253
0.3193 0.2559 0.0475 146 26 253
0.3192 0.2560 0.0485 147 26 253
0.3191 0.2561 0.0495 147 26 253
0.3190 0.2562 0.0505 147 26 253
0.3189 0.2564 0.0515 148 26 253
0.3188 0.2565 0.0526 148 26 253
0.3187 0.2566 0.0536 149 26 253
0.3186 0.2567 0.0546 149 26 253
0.3185 0.2569 0.0556 149 26 253
0.3184 0.2570 0.0566 150 26 253
0.3182 0.2571 0.0576 150 26 252
0.3181 0.2573 0.0586 151 26 252
0.3180 0.2574 0.0596 151 26 252
0.3179 0.2575 0.0606 151 26 252
0.3177 0.2576 0.0616 152 26 252
0.3176 0.2577 0.0627 152 26 252
0.3175 0.2579 0.0637 152 26 252
0.3173 0.2580 0.0647 153 26 252
0.3172 0.2581 0.0657 153 26 252
0.3170 0.2582 0.0667 154 26 252
0.3169 0.2584 0.0677 154 26 252
0.3167 0.2585 0.0687 154 26 252
0.3166 0.2586 0.0697 155 26 252
0.3164 0.2587 0.0707 155 26 251
0.3162 0.2589 0.0717 156 26 251
0.3161 0.2590 0.0727 156 26 251
0.3159 0.2591 0.0737 156 26 251
0.3157 0.2592 0.0747 157 26 251
0.3155 0.2594 0.0758 157 26 251
0.3154 0.2595 0.0768 158 26 251
0.3152 0.2596 0.0778 158 26 251
0.3150 0.2598 0.0788 158 26 251
0.3148 0.2599 0.0798 159 26 251
0.3146 0.2600 0.0808 159 26 251
0.3144 0.2601 0.0818 159 26 250
0.3142 0.2602 0.0828 160 26 250
0.3140 0.2604 0.0838 160 26 250
0.3138 0.2605 0.0848 161 26 250
0.3136 0.2606 0.0858 161 26 250
0.3134 0.2608 0.0868 161 26 250
0.3131 0.2609 0.0878 162 26 250
0.3129 0.2610 0.0888 162 26 250
0.3127 0.2611 0.0898 163 26 250
0.3125 0.2612 0.0908 163 26 249
0.3123 0.2614 0.0918 163 26 249
0.3120 0.2615 0.0928 164 26 249
0.3118 0.2616 0.0938 164 26 249
0.3115 0.2617 0.0948 164 26 249
0.3113 0.2619 0.0958 165 26 249
0.3111 0.2620 0.0968 165 26 249
0.3108 0.2621 0.0978 166 26 249
0.3106 0.2622 0.0988 166 26 249
0.3103 0.2624 0.0997 166 26 248
0.3100 0.2625 0.1007 167 26 248
0.3098 0.2626 0.1017 167 26 248
0.3095 0.2627 0.1027 168 26 248
0.3093 0.2629 0.1037 168 26 248
0.3090 0.2630 0.1047 168 26 248
0.3087 0.2631 0.1057 169 26 248
0.3084 0.2632 0.1067 169 26 248
0.3082 0.2634 0.1077 169 26 247
0.3079 0.2635 0.1087 170 26 247
0.3076 0.2636 0.1096 170 26 247
0.3073 0.2637 0.1106 171 26 247
0.3070 0.2639 0.1116 171 26 247
0.3067 0.2640 0.1126 171 26 247
0.3064 0.2641 0.1136 172 26 247
0.3061 0.2642 0.1146 172 26 246
0.3058 0.2644 0.1156 172 26 246
0.3055 0.2645 0.1165 173 26 246
0.3052 0.2646 0.1175 173 26 246
0.3049 0.2647 0.1185 174 27 246
0.3045 0.2649 0.1195 174 27 246
0.3042 0.2650 0.1205 174 27 246
0.3039 0.2651 0.1214 175 27 245
0.3036 0.2652 0.1224 175 27 245
0.3032 0.2654 0.1234 175 27 245
0.3029 0.2655 0.1244 176 27 245
0.3026 0.2656 0.1253 176 27 245
0.3022 0.2658 0.1263 176 27 245
0.3019 0.2659 0.1273 177 27 245
0.3015 0.2660 0.1282 177 27 244
0.3012 0.2661 0.1292 178 27 244
0.3008 0.2662 0.1302 178 27 244
0.3005 0.2664 0.1312 178 27 244
0.3001 0.2665 0.1321 179 27 244
0.2998 0.2666 0.1331 179 27 244
0.2994 0.2667 0.1341 179 27 243
0.2990 0.2669 0.1350 180 27 243
0.2987 0.2670 0.1360 180 27 243
0.2983 0.2671 0.1369 180 27 243
0.2979 0.2672 0.1379 181 27 243
0.2975 0.2674 0.1389 181 27 243
0.2971 0.2675 0.1398 182 27 242
0.2968 0.2676 0.1408 182 27 242
0.2964 0.2677 0.1417 182 27 242
0.2960 0.2679 0.1427 183 27 242
0.2956 0.2680 0.1437 183 27 242
0.2952 0.2681 0.1446 183 27 242
0.2948 0.2682 0.1456 184 27 241
0.2944 0.2684 0.1465 184 27 241
0.2940 0.2685 0.1475 184 27 241
0.2936 0.2686 0.1484 185 27 241
0.2931 0.2687 0.1494 185 27 241
0.2927 0.2689 0.1503 186 27 240
0.2923 0.2690 0.1513 186 27 240
0.2919 0.2691 0.1522 186 27 240
0.2915 0.2692 0.1531 187 27 240
0.2910 0.2694 0.1541 187 27 240
0.2906 0.2695 0.1550 187 27 240
0.2902 0.2696 0.1560 188 27 239
0.2897 0.2697 0.1569 188 27 239
0.2893 0.2699 0.1578 188 27 239
0.2888 0.2700 0.1588 189 27 239
0.2884 0.2701 0.1597 189 27 239
0.2879 0.2702 0.1607 189 27 238
0.2875 0.2704 0.1616 190 27 238
0.2870 0.2705 0.1625 190 27 238
0.2866 0.2706 0.1635 190 27 238
0.2861 0.2707 0.1644 191 27 238
0.2856 0.2709 0.1653 191 27 237
0.2852 0.2710 0.1662 191 27 237
0.2847 0.2711 0.1672 192 27 237
0.2842 0.2712 0.1681 192 27 237
0.2837 0.2714 0.1690 192 27 237
0.2833 0.2715 0.1699 193 27 236
0.2828 0.2716 0.1708 193 27 236
0.2823 0.2717 0.1718 194 27 236
0.2818 0.2719 0.1727 194 27 236
0.2813 0.2720 0.1736 194 27 236
0.2808 0.2721 0.1745 195 27 235
0.2803 0.2722 0.1754 195 27 235
0.2798 0.2724 0.1763 195 27 235
0.2793 0.2725 0.1773 196 27 235
0.2788 0.2726 0.1782 196 27 235
0.2783 0.2727 0.1791 196 27 234
0.2778 0.2729 0.1800 197 27 234
0.2773 0.2730 0.1809 197 27 234
0.2767 0.2731 0.1818 197 27 234
0.2762 0.2732 0.1827 198 27 233
0.2757 0.2734 0.1836 198 27 233
0.2752 0.2735 0.1845 198 27 233
0.2746 0.2736 0.1854 199 27 233
0.2741 0.2737 0.1863 199 27 233
0.2736 0.2739 0.1872 199 27 232
0.2730 0.2740 0.1881 200 27 232
0.2725 0.2741 0.1890 200 27 232
0.2719 0.2742 0.1898 200 27 232
0.2714 0.2744 0.1907 201 27 231
0.2708 0.2745 0.1916 201 27 231
0.2703 0.2746 0.1925 201 28 231
0.2697 0.2747 0.1934 202 28 231
0.2692 0.2749 0.1943 202 28 230
0.2686 0.2750 0.1951 202 28 230
0.2680 0.2751 0.1960 202 28 230
0.2675 0.2752 0.1969 203 28 230
0.2669 0.2754 0.1978 203 28 230
0.2663 0.2755 0.1986 203 28 229
0.2657 0.2756 0.1995 204 28 229
0.2652 0.2757 0.2004 204 28 229
0.2646 0.2759 0.2013 204 28 229
0.2640 0.2760 0.2021 205 28 228
0.2634 0.2761 0.2030 205 28 228
0.2628 0.2762 0.2039 205 28 228
0.2622 0.2764 0.2047 206 28 228
0.2616 0.2765 0.2056 206 28 227
0.2610 0.2766 0.2064 206 28 227
0.2604 0.2767 0.2073 207 28 227
0.2598 0.2769 0.2081 207 28 227
0.2592 0.2770 0.2090 207 28 226
0.2586 0.2771 0.2098 208 28 226
0.2580 0.2772 0.2107 208 28 226
0.2574 0.2774 0.2115 208 28 226
0.2567 0.2775 0.2124 208 28 225
0.2561 0.2776 0.2132 209 28 225
0.2555 0.2777 0.2141 209 28 225
0.2549 0.2779 0.2149 209 28 225
0.2542 0.2780 0.2158 210 28 224
0.2536 0.2781 0.2166 210 28 224
0.2530 0.2782 0.2174 210 28 224
0.2523 0.2784 0.2183 211 28 224
0.2517 0.2785 0.2191 211 28 223
0.2510 0.2786 0.2199 211 28 223
0.2504 0.2787 0.2207 211 28 223
0.2497 0.2789 0.2216 212 28 222
0.2491 0.2790 0.2224 212 28 222
0.2484 0.2791 0.2232 212 28 222
0.2478 0.2792 0.2240 213 28 222
0.2471 0.2794 0.2249 213 28 221
0.2464 0.2795 0.2257 213 28 221
0.2458 0.2796 0.2265 214 28 221
0.2451 0.2797 0.2273 214 28 221
0.2444 0.2799 0.2281 214 28 220
0.2438 0.2800 0.2289 214 28 220
0.2431 0.2801 0.2297 215 28 220
0.2424 0.2802 0.2305 215 28 220
0.2417 0.2804 0.2313 215 28 219
0.2410 0.2805 0.2321 216 28 219
0.2404 0.2806 0.2329 216 28 219
0.2397 0.2807 0.2337 216 28 218
0.2390 0.2809 0.2345 216 28 218
0.2383 0.2810 0.2353 217 28 218
0.2376 0.2811 0.2361 217 28 218
0.2369 0.2813 0.2369 217 28 217
0.2362 0.2814 0.2377 218 28 217
0.2355 0.2815 0.2384 218 28 217
0.2348 0.2816 0.2392 218 28 216
0.2341 0.2818 0.2400 218 28 216
0.2333 0.2819 0.2408 219 28 216
0.2326 0.2820 0.2416 219 28 216
0.2319 0.2821 0.2423 219 28 215
0.2312 0.2823 0.2431 220 28 215
0.2305 0.2824 0.2439 220 28 215
0.2297 0.2825 0.2446 220 28 214
0.2290 0.2826 0.2454 220 28 214
0.2283 0.2828 0.2462 221 28 214
0.2275 0.2829 0.2469 221 28 214
0.2268 0.2830 0.2477 221 28 213
0.2261 0.2831 0.2484 221 28 213
0.2253 0.2833 0.2492 222 28 213
0.2246 0.2834 0.2499 222 28 212
0.2238 0.2835 0.2507 222 28 212
0.2231 0.2836 0.2514 222 28 212
0.2223 0.2838 0.2522 223 28 211
0.2216 0.2839 0.2529 223 28 211
0.2208 0.2840 0.2537 223 28 211
0.2201 0.2841 0.2544 224 28 211
0.2193 0.2843 0.2551 224 28 210
0.2185 0.2844 0.2559 224 29 210
0.2178 0.2845 0.2566 224 29 210
0.2170 0.2846 0.2573 225 29 209
0.2162 0.2848 0.2581 225 29 209
0.2155 0.2849 0.2588 225 29 209
0.2147 0.2850 0.2595 225 29 208
0.2139 0.2851 0.2602 226 29 208
0.2131 0.2853 0.2609 226 29 208
0.2123 0.2854 0.2617 226 29 208
0.2116 0.2855 0.2624 226 29 207
0.2108 0.2856 0.2631 227 29 207
0.2100 0.2858 0.2638 227 29 207
0.2092 0.2859 0.2645 227 29 206
0.2084 0.2860 0.2652 227 29 206
0.2076 0.2861 0.2659 228 29 206
0.2068 0.2863 0.2666 228 29 205
0.2060 0.2864 0.2673 228 29 205
0.2052 0.2865 0.2680 228 29 205
0.2044 0.2866 0.2687 229 29 204
0.2036 0.2868 0.2694 229 29 204
0.2028 0.2869 0.2701 229 29 204
0.2019 0.2870 0.2707 229 29 203
0.2011 0.2871 0.2714 230 29 203
0.2003 0.2873 0.2721 230 29 203
0.1995 0.2874 0.2728 230 29 202
0.1987 0.2875 0.2734 230 29 202
0.1978 0.2876 0.2741 230 29 202
0.1970 0.2878 0.2748 231 29 202
0.1962 0.2879 0.2755 231 29 201
0.1954 0.2880 0.2761 231 29 201
0.1945 0.2881 0.2768 231 29 201
0.1937 0.2883 0.2774 232 29 200
0.1928 0.2884 0.2781 232 29 200
0.1920 0.2885 0.2787 232 29 200
0.1912 0.2886 0.2794 232 29 199
0.1903 0.2888 0.2800 233 29 199
0.1895 0.2889 0.2807 233 29 199
0.1886 0.2890 0.2813 233 29 198
0.1878 0.2891 0.2820 233 29 198
0.1869 0.2893 0.2826 233 29 198
0.1861 0.2894 0.2833 234 29 197
0.1852 0.2895 0.2839 234 29 197
0.1843 0.2896 0.2845 234 29 197
0.1835 0.2898 0.2851 234 29 196
0.1826 0.2899 0.2858 235 29 196
0.1818 0.2900 0.2864 235 29 196
0.1809 0.2901 0.2870 235 29 195
0.1800 0.2903 0.2876 235 29 195
0.1791 0.2904 0.2882 235 29 195
0.1783 0.2905 0.2889 236 29 194
0.1774 0.2906 0.2895 236 29 194
0.1765 0.2908 0.2901 236 29 194
0.1756 0.2909 0.2907 236 29 193
0.1747 0.2910 0.2913 236 29 193
0.1739 0.2911 0.2919 237 29 192
0.1730 0.2913 0.2925 237 29 192
0.1721 0.2914 0.2931 237 29 192
0.1712 0.2915 0.2937 237 29 191
0.1703 0.2916 0.2943 237 29 191
0.1694 0.2918 0.2948 238 29 191
0.1685 0.2919 0.2954 238 29 190
0.1676 0.2920 0.2960 238 29 190
0.1667 0.2921 0.2966 238 29 190
0.1658 0.2923 0.2972 238 29 189
0.1649 0.2924 0.2977 239 29 189
0.1640 0.2925 0.2983 239 29 189
0.1631 0.2926 0.2989 239 29 188
0.1622 0.2928 0.2994 239 29 188
0.1613 0.2929 0.3000 239 29 188
0.1603 0.2930 0.3005 240 29 187
0.1594 0.2931 0.3011 240 29 187
0.1585 0.2933 0.3017 240 29 187
0.1576 0.2934 0.3022 240 29 186
0.1567 0.2935 0.3027 240 29 186
0.1557 0.2936 0.3033 240 29 186
0.1548 0.2937 0.3038 241 29 185
0.1539 0.2939 0.3044 241 29 185
0.1530 0.2940 0.3049 241 29 184
0.1520 0.2941 0.3054 241 30 184
0.1511 0.2943 0.3060 241 30 184
0.1502 0.2944 0.3065 242 30 183
0.1492 0.2945 0.3070 242 30 183
0.1483 0.2946 0.3075 242 30 183
0.1473 0.2948 0.3081 242 30 182
0.1464 0.2949 0.3086 242 30 182
0.1454 0.2950 0.3091 242 30 182
0.1445 0.2951 0.3096 243 30 181
0.1436 0.2953 0.3101 243 30 181
0.1426 0.2954 0.3106 243 30 180
0.1417 0.2955 0.3111 243 30 180
0.1407 0.2956 0.3116 243 30 180
0.1397 0.2958 0.3121 243 30 179
0.1388 0.2959 0.3126 244 30 179
0.1378 0.2960 0.3131 244 30 179
0.1369 0.2961 0.3136 244 30 178
0.1359 0.2963 0.3141 244 30 178
0.1349 0.2964 0.3145 244 30 178
0.1340 0.2965 0.3150 244 30 177
0.1330 0.2966 0.3155 245 30 177
0.1320 0.2968 0.3160 245 30 176
0.1311 0.2969 0.3164 245 30 176
0.1301 0.2970 0.3169 245 30 176
0.1291 0.2971 0.3174 245 30 175
0.1281 0.2973 0.3178 245 30 175
0.1272 0.2974 0.3183 245 30 175
0.1262 0.2975 0.3187 246 30 174
0.1252 0.2976 0.3192 246 30 174
0.1242 0.2978 0.3196 246 30 174
0.1232 0.2979 0.3201 246 30 173
0.1223 0.2980 0.3205 246 30 173
0.1213 0.2981 0.3210 246 30 172
0.1203 0.2983 0.3214 246 30 172
0.1193 0.2984 0.3218 247 30 172
0.1183 0.2985 0.3222 247 30 171
0.1173 0.2986 0.3227 247 30 171
0.1163 0.2987 0.3231 247 30 171
0.1153 0.2989 0.3235 247 30 170
0.1143 0.2990 0.3239 247 30 170
0.1133 0.2991 0.3244 247 30 169
0.1123 0.2993 0.3248 248 30 169
0.1113 0.2994 0.3252 248 30 169
0.1103 0.2995 0.3256 248 30 168
0.1093 0.2996 0.3260 248 30 168
0.1083 0.2998 0.3264 248 30 168
0.1073 0.2999 0.3268 248 30 167
0.1063 0.3000 0.3272 248 30 167
0.1053 0.3001 0.3276 248 30 166
0.1043 0.3003 0.3279 249 30 166
0.1033 0.3004 0.3283 249 30 166
0.1023 0.3005 0.3287 249 30 165
0.1012 0.3006 0.3291 249 30 165
0.1002 0.3008 0.3295 249 30 164
0.0992 0.3009 0.3298 249 30 164
0.0982 0.3010 0.3302 249 30 164
0.0972 0.3011 0.3306 249 30 163
0.0961 0.3013 0.3309 249 30 163
0.0951 0.3014 0.3313 250 30 163
0.0941 0.3015 0.3316 250 30 162
0.0931 0.3016 0.3320 250 30 162
0.0920 0.3018 0.3323 250 30 161
0.0910 0.3019 0.3327 250 30 161
0.0900 0.3020 0.3330 250 30 161
0.0889 0.3021 0.3334 250 30 160
0.0879 0.3022 0.3337 250 30 160
0.0869 0.3024 0.3340 250 30 159
0.0858 0.3025 0.3344 251 30 159
0.0848 0.3026 0.3347 251 30 159
0.0838 0.3028 0.3350 251 30 158
0.0827 0.3029 0.3353 251 30 158
0.0817 0.3030 0.3356 251 30 158
0.0807 0.3031 0.3360 251 30 157
0.0796 0.3033 0.3363 251 30 157
0.0786 0.3034 0.3366 251 30 156
0.0775 0.3035 0.3369 251 30 156
0.0765 0.3036 0.3372 251 30 156
0.0754 0.3037 0.3375 251 30 155
0.0744 0.3039 0.3378 252 30 155
0.0733 0.3040 0.3381 252 31 154
0.0723 0.3041 0.3383 252 31 154
0.0712 0.3043 0.3386 252 31 154
0.0702 0.3044 0.3389 252 31 153
0.0691 0.3045 0.3392 252 31 153
0.0681 0.3046 0.3395 252 31 152
0.0670 0.3047 0.3397 252 31 152
0.0660 0.3049 0.3400 252 31 152
0.0649 0.3050 0.3403 252 31 151
0.0639 0.3051 0.3405 252 31 151
0.0628 0.3053 0.3408 252 31 151
0.0617 0.3054 0.3410 252 31 150
0.0607 0.3055 0.3413 253 31 150
0.0596 0.3056 0.3415 253 31 149
0.0585 0.3058 0.3418 253 31 149
0.0575 0.3059 0.3420 253 31 149
0.0564 0.3060 0.3423 253 31 148
0.0553 0.3061 0.3425 253 31 148
0.0543 0.3063 0.3427 253 31 147
0.0532 0.3064 0.3430 253 31 147
0.0521 0.3065 0.3432 253 31 147
0.0511 0.3066 0.3434 253 31 146
0.0500 0.3068 0.3436 253 31 146
0.0489 0.3069 0.3438 253 31 145
0.0479 0.3070 0.3440 253 31 145
0.0468 0.3071 0.3443 253 31 145
0.0457 0.3072 0.3445 253 31 144
0.0446 0.3074 0.3447 253 31 144
0.0436 0.3075 0.3449 253 31 143
0.0425 0.3076 0.3451 254 31 143
0.0414 0.3078 0.3452 254 31 143
0.0403 0.3079 0.3454 254 31 142
0.0393 0.3080 0.3456 254 31 142
0.0382 0.3081 0.3458 254 31 141
0.0371 0.3083 0.3460 254 31 141
0.0360 0.3084 0.3462 254 31 141
0.0349 0.3085 0.3463 254 31 140
0.0339 0.3086 0.3465 254 31 140
0.0328 0.3087 0.3467 254 31 139
0.0317 0.3089 0.3468 254 31 139
0.0306 0.3090 0.3470 254 31 139
0.0295 0.3091 0.3471 254 31 138
0.0284 0.3093 0.3473 254 31 138
0.0273 0.3094 0.3474 254 31 137
0.0263 0.3095 0.3476 254 31 137
0.0252 0.3096 0.3477 254 31 137
0.0241 0.3097 0.3478 254 31 136
0.0230 0.3099 0.3480 254 31 136
0.0219 0.3100 0.3481 254 31 135
0.0208 0.3101 0.3482 254 31 135
0.0197 0.3103 0.3484 254 31 135
0.0186 0.3104 0.3485 254 31 134
0.0175 0.3105 0.3486 254 31 134
0.0164 0.3106 0.3487 254 31 133
0.0154 0.3107 0.3488 254 31 133
0.0143 0.3109 0.3489 254 31 133
0.0132 0.3110 0.3490 254 31 132
0.0121 0.3111 0.3491 254 31 132
0.0110 0.3113 0.3492 254 31 131
0.0099 0.3114 0.3493 254 31 131
0.0088 0.3115 0.3494 254 31 131
0.0077 0.3116 0.3495 254 31 130
0.0066 0.3118 0.3496 254 31 130
0.0055 0.3119 0.3497 254 31 129
0.0044 0.3120 0.3497 254 31 129
0.0033 0.3121 0.3498 254 31 129
0.0022 0.3122 0.3499 254 31 128
0.0011 0.3124 0.3499 254 31 128
0.0000 0.3125 0.3500 255 31 128
-0.0011 0.3126 0.3501 254 31 127
-0.0022 0.3127 0.3501 254 31 127
-0.0033 0.3129 0.3502 254 31 126
-0.0044 0.3130 0.3502 254 31 126
-0.0055 0.3131 0.3503 254 31 126
-0.0066 0.3132 0.3503 254 31 125
-0.0077 0.3134 0.3503 254 31 125
-0.0088 0.3135 0.3504 254 31 124
-0.0099 0.3136 0.3504 254 31 124
-0.0110 0.3137 0.3504 254 32 124
-0.0121 0.3139 0.3505 254 32 123
-0.0132 0.3140 0.3505 254 32 123
-0.0143 0.3141 0.3505 254 32 122
-0.0154 0.3143 0.3505 254 32 122
-0.0165 0.3144 0.3505 254 32 122
-0.0176 0.3145 0.3505 254 32 121
-0.0187 0.3146 0.3505 254 32 121
-0.0198 0.3148 0.3505 254 32 120
-0.0209 0.3149 0.3505 254 32 120
-0.0221 0.3150 0.3505 254 32 120
-0.0232 0.3151 0.3505 254 32 119
-0.0243 0.3152 0.3505 254 32 119
-0.0254 0.3154 0.3505 254 32 118
-0.0265 0.3155 0.3504 254 32 118
-0.0276 0.3156 0.3504 254 32 118
-0.0287 0.3157 0.3504 254 32 117
-0.0298 0.3159 0.3504 254 32 117
-0.0309 0.3160 0.3503 254 32 116
-0.0320 0.3161 0.3503 254 32 116
-0.0331 0.3163 0.3502 254 32 116
-0.0342 0.3164 0.3502 254 32 115
-0.0353 0.3165 0.3501 254 32 115
-0.0364 0.3166 0.3501 254 32 114
-0.0375 0.3168 0.3500 254 32 114
-0.0386 0.3169 0.3500 254 32 114
-0.0397 0.3170 0.3499 254 32 113
-0.0408 0.3171 0.3498 254 32 113
-0.0420 0.3173 0.3498 254 32 112
-0.0431 0.3174 0.3497 254 32 112
-0.0442 0.3175 0.3496 253 32 112
-0.0453 0.3176 0.3495 253 32 111
-0.0464 0.3177 0.3495 253 32 111
-0.0475 0.3179 0.3494 253 32 110
-0.0486 0.3180 0.3493 253 32 110
-0.0497 0.3181 0.3492 253 32 110
-0.0508 0.3182 0.3491 253 32 109
-0.0519 0.3184 0.3490 253 32 109
-0.0530 0.3185 0.3489 253 32 108
-0.0541 0.3186 0.3488 253 32 108
-0.0552 0.3187 0.3487 253 32 108
-0.0563 0.3189 0.3485 253 32 107
-0.0574 0.3190 0.3484 253 32 107
-0.0585 0.3191 0.3483 253 32 106
-0.0596 0.3193 0.3482 253 32 106
-0.0607 0.3194 0.3480 253 32 106
-0.0618 0.3195 0.3479 253 32 105
-0.0629 0.3196 0.3478 252 32 105
-0.0641 0.3198 0.3476 252 32 104
-0.0652 0.3199 0.3475 252 32 104
-0.0663 0.3200 0.3473 252 32 104
-0.0674 0.3201 0.3472 252 32 103
-0.0685 0.3202 0.3470 252 32 103
-0.0696 0.3204 0.3469 252 32 103
-0.0707 0.3205 0.3467 252 32 102
-0.0718 0.3206 0.3465 252 32 102
-0.0729 0.3207 0.3464 252 32 101
-0.0740 0.3209 0.3462 252 32 101
-0.0751 0.3210 0.3460 252 32 101
-0.0762 0.3211 0.3459 252 32 100
-0.0773 0.3213 0.3457 251 32 100
-0.0784 0.3214 0.3455 251 32 99
-0.0795 0.3215 0.3453 251 32 99
-0.0806 0.3216 0.3451 251 32 99
-0.0817 0.3218 0.3449 251 32 98
-0.0828 0.3219 0.3447 251 32 98
-0.0839 0.3220 0.3445 251 32 97
-0.0849 0.3221 0.3443 251 32 97
-0.0860 0.3222 0.3441 251 32 97
-0.0871 0.3224 0.3439 251 32 96
-0.0882 0.3225 0.3437 251 32 96
-0.0893 0.3226 0.3434 250 32 96
-0.0904 0.3227 0.3432 250 32 95
-0.0915 0.3229 0.3430 250 32 95
-0.0926 0.3230 0.3427 250 32 94
-0.0937 0.3231 0.3425 250 32 94
-0.0948 0.3232 0.3423 250 32 94
-0.0959 0.3234 0.3420 250 32 93
-0.0970 0.3235 0.3418 250 32 93
-0.0981 0.3236 0.3415 250 33 92
-0.0992 0.3237 0.3413 249 33 92
-0.1002 0.3239 0.3410 249 33 92
-0.1013 0.3240 0.3408 249 33 91
-0.1024 0.3241 0.3405 249 33 91
-0.1035 0.3243 0.3402 249 33 91
-0.1046 0.3244 0.3400 249 33 90
-0.1057 0.3245 0.3397 249 33 90
-0.1068 0.3246 0.3394 249 33 89
-0.1078 0.3247 0.3391 249 33 89
-0.1089 0.3249 0.3389 248 33 89
-0.1100 0.3250 0.3386 248 33 88
-0.1111 0.3251 0.3383 248 33 88
-0.1122 0.3252 0.3380 248 33 87
-0.1133 0.3254 0.3377 248 33 87
-0.1143 0.3255 0.3374 248 33 87
-0.1154 0.3256 0.3371 248 33 86
-0.1165 0.3257 0.3368 248 33 86
-0.1176 0.3259 0.3365 247 33 86
-0.1186 0.3260 0.3362 247 33 85
-0.1197 0.3261 0.3358 247 33 85
-0.1208 0.3263 0.3355 247 33 84
-0.1219 0.3264 0.3352 247 33 84
-0.1229 0.3265 0.3349 247 33 84
-0.1240 0.3266 0.3345 247 33 83
-0.1251 0.3268 0.3342 246 33 83
-0.1262 0.3269 0.3339 246 33 83
-0.1272 0.3270 0.3335 246 33 82
-0.1283 0.3271 0.3332 246 33 82
-0.1294 0.3272 0.3328 246 33 81
-0.1304 0.3274 0.3325 246 33 81
-0.1315 0.3275 0.3321 246 33 81
-0.1326 0.3276 0.3318 245 33 80
-0.1336 0.3277 0.3314 245 33 80
-0.1347 0.3279 0.3310 245 33 80
-0.1357 0.3280 0.3307 245 33 79
-0.1368 0.3281 0.3303 245 33 79
-0.1379 0.3282 0.3299 245 33 79
-0.1389 0.3284 0.3295 245 33 78
-0.1400 0.3285 0.3291 244 33 78
-0.1410 0.3286 0.3288 244 33 77
-0.1421 0.3287 0.3284 244 33 77
-0.1432 0.3289 0.3280 244 33 77
-0.1442 0.3290 0.3276 244 33 76
-0.1453 0.3291 0.3272 244 33 76
-0.1463 0.3293 0.3268 243 33 76
-0.1474 0.3294 0.3264 243 33 75
-0.1484 0.3295 0.3260 243 33 75
-0.1495 0.3296 0.3256 243 33 75
-0.1505 0.3297 0.3251 243 33 74
-0.1516 0.3299 0.3247 243 33 74
-0.1526 0.3300 0.3243 242 33 73
-0.1536 0.3301 0.3239 242 33 73
-0.1547 0.3302 0.3234 242 33 73
-0.1557 0.3304 0.3230 242 33 72
-0.1568 0.3305 0.3226 242 33 72
-0.1578 0.3306 0.3221 242 33 72
-0.1588 0.3307 0.3217 241 33 71
-0.1599 0.3309 0.3212 241 33 71
-0.1609 0.3310 0.3208 241 33 71
-0.1619 0.3311 0.3203 241 33 70
-0.1630 0.3313 0.3199 241 33 70
-0.1640 0.3314 0.3194 240 33 69
-0.1650 0.3315 0.3189 240 33 69
-0.1661 0.3316 0.3185 240 33 69
-0.1671 0.3318 0.3180 240 33 68
-0.1681 0.3319 0.3175 240 33 68
-0.1692 0.3320 0.3171 240 33 68
-0.1702 0.3321 0.3166 239 33 67
-0.1712 0.3322 0.3161 239 33 67
-0.1722 0.3324 0.3156 239 33 67
-0.1732 0.3325 0.3151 239 33 66
-0.1743 0.3326 0.3146 239 33 66
-0.1753 0.3327 0.3141 238 33 66
-0.1763 0.3329 0.3136 238 33 65
-0.1773 0.3330 0.3131 238 33 65
-0.1783 0.3331 0.3126 238 33 65
-0.1793 0.3332 0.3121 238 33 64
-0.1803 0.3334 0.3116 237 34 64
-0.1813 0.3335 0.3111 237 34 64
-0.1824 0.3336 0.3106 237 34 63
-0.1834 0.3337 0.3100 237 34 63
-0.1844 0.3339 0.3095 237 34 63
-0.1854 0.3340 0.3090 236 34 62
-0.1864 0.3341 0.3085 236 34 62
-0.1874 0.3343 0.3079 236 34 61
-0.1884 0.3344 0.3074 236 34 61
-0.1894 0.3345 0.3068 236 34 61
-0.1904 0.3346 0.3063 235 34 60
-0.1913 0.3347 0.3057 235 34 60
-0.1923 0.3349 0.3052 235 34 60
-0.1933 0.3350 0.3046 235 34 59
-0.1943 0.3351 0.3041 235 34 59
-0.1953 0.3352 0.3035 234 34 59
-0.1963 0.3354 0.3029 234 34 58
-0.1973 0.3355 0.3024 234 34 58
-0.1983 0.3356 0.3018 234 34 58
-0.1992 0.3357 0.3012 233 34 57
-0.2002 0.3359 0.3007 233 34 57
-0.2012 0.3360 0.3001 233 34 57
-0.2022 0.3361 0.2995 233 34 56
-0.2031 0.3363 0.2989 233 34 56
-0.2041 0.3364 0.2983 232 34 56
-0.2051 0.3365 0.2977 232 34 55
-0.2060 0.3366 0.2971 232 34 55
-0.2070 0.3367 0.2965 232 34 55
-0.2080 0.3369 0.2959 231 34 54
-0.2089 0.3370 0.2953 231 34 54
-0.2099 0.3371 0.2947 231 34 54
-0.2109 0.3372 0.2941 231 34 53
-0.2118 0.3374 0.2935 230 34 53
-0.2128 0.3375 0.2929 230 34 53
-0.2137 0.3376 0.2922 230 34 53
-0.2147 0.3377 0.2916 230 34 52
-0.2156 0.3379 0.2910 230 34 52
-0.2166 0.3380 0.2904 229 34 52
-0.2175 0.3381 0.2897 229 34 51
-0.2185 0.3382 0.2891 229 34 51
-0.2194 0.3384 0.2884 229 34 51
-0.2204 0.3385 0.2878 228 34 50
-0.2213 0.3386 0.2872 228 34 50
-0.2222 0.3387 0.2865 228 34 50
-0.2232 0.3389 0.2859 228 34 49
-0.2241 0.3390 0.2852 227 34 49
-0.2250 0.3391 0.2845 227 34 49
-0.2260 0.3392 0.2839 227 34 48
-0.2269 0.3394 0.2832 227 34 48
-0.2278 0.3395 0.2826 226 34 48
-0.2288 0.3396 0.2819 226 34 47
-0.2297 0.3397 0.2812 226 34 47
-0.2306 0.3399 0.2805 226 34 47
-0.2315 0.3400 0.2799 225 34 47
-0.2324 0.3401 0.2792 225 34 46
-0.2333 0.3402 0.2785 225 34 46
-0.2343 0.3404 0.2778 225 34 46
-0.2352 0.3405 0.2771 224 34 45
-0.2361 0.3406 0.2764 224 34 45
-0.2370 0.3407 0.2757 224 34 45
-0.2379 0.3409 0.2750 224 34 44
-0.2388 0.3410 0.2743 223 34 44
-0.2397 0.3411 0.2736 223 34 44
-0.2406 0.3413 0.2729 223 34 44
-0.2415 0.3414 0.2722 222 34 43
-0.2424 0.3415 0.2715 222 34 43
-0.2433 0.3416 0.2707 222 34 43
-0.2442 0.3417 0.2700 222 34 42
-0.2450 0.3419 0.2693 221 34 42
-0.2459 0.3420 0.2686 221 34 42
-0.2468 0.3421 0.2678 221 34 41
-0.2477 0.3422 0.2671 221 34 41
-0.2486 0.3424 0.2664 220 34 41
-0.2494 0.3425 0.2656 220 34 41
-0.2503 0.3426 0.2649 220 34 40
-0.2512 0.3427 0.2642 220 34 40
-0.2521 0.3429 0.2634 219 34 40
-0.2529 0.3430 0.2627 219 34 39
-0.2538 0.3431 0.2619 219 34 39
-0.2547 0.3432 0.2611 218 35 39
-0.2555 0.3434 0.2604 218 35 39
-0.2564 0.3435 0.2596 218 35 38
-0.2572 0.3436 0.2589 218 35 38
-0.2581 0.3438 0.2581 217 35 38
-0.2589 0.3439 0.2573 217 35 37
-0.2598 0.3440 0.2566 217 35 37
-0.2606 0.3441 0.2558 216 35 37
-0.2615 0.3442 0.2550 216 35 37
-0.2623 0.3444 0.2542 216 35 36
-0.2632 0.3445 0.2534 216 35 36
-0.2640 0.3446 0.2526 215 35 36
-0.2648 0.3448 0.2519 215 35 35
-0.2657 0.3449 0.2511 215 35 35
-0.2665 0.3450 0.2503 214 35 35
-0.2673 0.3451 0.2495 214 35 35
-0.2682 0.3453 0.2487 214 35 34
-0.2690 0.3454 0.2479 214 35 34
-0.2698 0.3455 0.2471 213 35 34
-0.2706 0.3456 0.2463 213 35 34
-0.2714 0.3458 0.2454 213 35 33
-0.2723 0.3459 0.2446 212 35 33
-0.2731 0.3460 0.2438 212 35 33
-0.2739 0.3461 0.2430 212 35 33
-0.2747 0.3463 0.2422 211 35 32
-0.2755 0.3464 0.2413 211 35 32
-0.2763 0.3465 0.2405 211 35 32
-0.2771 0.3466 0.2397 211 35 31
-0.2779 0.3468 0.2389 210 35 31
-0.2787 0.3469 0.2380 210 35 31
-0.2795 0.3470 0.2372 210 35 31
-0.2803 0.3471 0.2363 209 35 30
-0.2811 0.3473 0.2355 209 35 30
-0.2818 0.3474 0.2347 209 35 30
-0.2826 0.3475 0.2338 208 35 30
-0.2834 0.3476 0.2330 208 35 29
-0.2842 0.3478 0.2321 208 35 29
-0.2850 0.3479 0.2312 208 35 29
-0.2857 0.3480 0.2304 207 35 29
-0.2865 0.3481 0.2295 207 35 28
-0.2873 0.3483 0.2287 207 35 28
-0.2880 0.3484 0.2278 206 35 28
-0.2888 0.3485 0.2269 206 35 28
-0.2895 0.3486 0.2261 206 35 27
-0.2903 0.3488 0.2252 205 35 27
-0.2911 0.3489 0.2243 205 35 27
-0.2918 0.3490 0.2234 205 35 27
-0.2926 0.3491 0.2225 204 35 26
-0.2933 0.3492 0.2217 204 35 26
-0.2940 0.3494 0.2208 204 35 26
-0.2948 0.3495 0.2199 203 35 26
-0.2955 0.3496 0.2190 203 35 25
-0.2963 0.3498 0.2181 203 35 25
-0.2970 0.3499 0.2172 202 35 25
-0.2977 0.3500 0.2163 202 35 25
-0.2984 0.3501 0.2154 202 35 25
-0.2992 0.3503 0.2145 202 35 24
-0.2999 0.3504 0.2136 201 35 24
-0.3006 0.3505 0.2127 201 35 24
-0.3013 0.3506 0.2118 201 35 24
-0.3020 0.3508 0.2109 200 35 23
-0.3027 0.3509 0.2099 200 35 23
-0.3035 0.3510 0.2090 200 35 23
-0.3042 0.3511 0.2081 199 35 23
-0.3049 0.3513 0.2072 199 35 22
-0.3056 0.3514 0.2063 199 35 22
-0.3063 0.3515 0.2053 198 35 22
-0.3070 0.3516 0.2044 198 35 22
-0.3076 0.3518 0.2035 198 35 22
-0.3083 0.3519 0.2025 197 35 21
-0.3090 0.3520 0.2016 197 35 21
-0.3097 0.3521 0.2007 197 35 21
-0.3104 0.3523 0.1997 196 35 21
-0.3111 0.3524 0.1988 196 35 20
-0.3117 0.3525 0.1978 196 35 20
-0.3124 0.3526 0.1969 195 35 20
-0.3131 0.3528 0.1959 195 35 20
-0.3137 0.3529 0.1950 195 35 20
-0.3144 0.3530 0.1940 194 36 19
-0.3151 0.3531 0.1931 194 36 19
-0.3157 0.3533 0.1921 194 36 19
-0.3164 0.3534 0.1911 193 36 19
-0.3170 0.3535 0.1902 193 36 19
-0.3177 0.3536 0.1892 192 36 18
-0.3183 0.3537 0.1882 192 36 18
-0.3189 0.3539 0.1873 192 36 18
-0.3196 0.3540 0.1863 191 36 18
-0.3202 0.3541 0.1853 191 36 18
-0.3209 0.3542 0.1843 191 36 17
-0.3215 0.3544 0.1834 190 36 17
-0.3221 0.3545 0.1824 190 36 17
-0.3227 0.3546 0.1814 190 36 17
-0.3234 0.3548 0.1804 189 36 17
-0.3240 0.3549 0.1794 189 36 16
-0.3246 0.3550 0.1784 189 36 16
-0.3252 0.3551 0.1774 188 36 16
-0.3258 0.3553 0.1765 188 36 16
-0.3264 0.3554 0.1755 188 36 16
-0.3270 0.3555 0.1745 187 36 15
-0.3276 0.3556 0.1735 187 36 15
-0.3282 0.3558 0.1725 187 36 15
-0.3288 0.3559 0.1715 186 36 15
-0.3294 0.3560 0.1704 186 36 15
-0.3300 0.3561 0.1694 186 36 15
-0.3306 0.3562 0.1684 185 36 14
-0.3311 0.3564 0.1674 185 36 14
-0.3317 0.3565 0.1664 184 36 14
-0.3323 0.3566 0.1654 184 36 14
-0.3329 0.3568 0.1644 184 36 14
-0.3334 0.3569 0.1633 183 36 13
-0.3340 0.3570 0.1623 183 36 13
-0.3346 0.3571 0.1613 183 36 13
-0.3351 0.3573 0.1603 182 36 13
-0.3357 0.3574 0.1592 182 36 13
-0.3362 0.3575 0.1582 182 36 13
-0.3368 0.3576 0.1572 181 36 12
-0.3373 0.3578 0.1562 181 36 12
-0.3379 0.3579 0.1551 180 36 12
-0.3384 0.3580 0.1541 180 36 12
-0.3390 0.3581 0.1530 180 36 12
-0.3395 0.3583 0.1520 179 36 12
-0.3400 0.3584 0.1510 179 36 11
-0.3405 0.3585 0.1499 179 36 11
-0.3411 0.3586 0.1489 178 36 11
-0.3416 0.3587 0.1478 178 36 11
-0.3421 0.3589 0.1468 178 36 11
-0.3426 0.3590 0.1457 177 36 11
-0.3431 0.3591 0.1447 177 36 10
-0.3436 0.3592 0.1436 176 36 10
-0.3441 0.3594 0.1425 176 36 10
-0.3446 0.3595 0.1415 176 36 10
-0.3451 0.3596 0.1404 175 36 10
-0.3456 0.3598 0.1394 175 36 10
-0.3461 0.3599 0.1383 175 36 10
-0.3466 0.3600 0.1372 174 36 9
-0.3471 0.3601 0.1362 174 36 9
-0.3476 0.3603 0.1351 174 36 9
-0.3481 0.3604 0.1340 173 36 9
-0.3485 0.3605 0.1330 173 36 9
-0.3490 0.3606 0.1319 172 36 9
-0.3495 0.3608 0.1308 172 36 9
-0.3499 0.3609 0.1297 172 36 8
-0.3504 0.3610 0.1286 171 36 8
-0.3509 0.3611 0.1276 171 36 8
-0.3513 0.3612 0.1265 171 36 8
-0.3518 0.3614 0.1254 170 36 8
-0.3522 0.3615 0.1243 170 36 8
-0.3527 0.3616 0.1232 169 36 8
-0.3531 0.3618 0.1221 169 36 7
-0.3536 0.3619 0.1210 169 36 7
-0.3540 0.3620 0.1200 168 36 7
-0.3544 0.3621 0.1189 168 36 7
-0.3548 0.3623 0.1178 168 36 7
-0.3553 0.3624 0.1167 167 36 7
-0.3557 0.3625 0.1156 167 36 7
-0.3561 0.3626 0.1145 166 36 7
-0.3565 0.3628 0.1134 166 37 6
-0.3569 0.3629 0.1123 166 37 6
-0.3573 0.3630 0.1112 165 37 6
-0.3578 0.3631 0.1101 165 37 6
-0.3582 0.3633 0.1090 164 37 6
-0.3586 0.3634 0.1078 164 37 6
-0.3589 0.3635 0.1067 164 37 6
-0.3593 0.3636 0.1056 163 37 6
-0.3597 0.3637 0.1045 163 37 6
-0.3601 0.3639 0.1034 163 37 5
-0.3605 0.3640 0.1023 162 37 5
-0.3609 0.3641 0.1012 162 37 5
-0.3612 0.3642 0.1000 161 37 5
-0.3616 0.3644 0.0989 161 37 5
-0.3620 0.3645 0.0978 161 37 5
-0.3623 0.3646 0.0967 160 37 5
-0.3627 0.3648 0.0956 160 37 5
-0.3631 0.3649 0.0944 159 37 5
-0.3634 0.3650 0.0933 159 37 4
-0.3638 0.3651 0.0922 159 37 4
-0.3641 0.3653 0.0911 158 37 4
-0.3645 0.3654 0.0899 158 37 4
-0.3648 0.3655 0.0888 158 37 4
-0.3651 0.3656 0.0877 157 37 4
-0.3655 0.3658 0.0865 157 37 4
-0.3658 0.3659 0.0854 156 37 4
-0.3661 0.3660 0.0843 156 37 4
-0.3664 0.3661 0.0831 156 37 4
-0.3667 0.3662 0.0820 155 37 4
-0.3671 0.3664 0.0808 155 37 3
-0.3674 0.3665 0.0797 154 37 3
-0.3677 0.3666 0.0786 154 37 3
-0.3680 0.3668 0.0774 154 37 3
-0.3683 0.3669 0.0763 153 37 3
-0.3686 0.3670 0.0751 153 37 3
-0.3689 0.3671 0.0740 152 37 3
-0.3692 0.3673 0.0728 152 37 3
-0.3695 0.3674 0.0717 152 37 3
-0.3697 0.3675 0.0705 151 37 3
-0.3700 0.3676 0.0694 151 37 3
-0.3703 0.3678 0.0682 151 37 3
-0.3706 0.3679 0.0671 150 37 3
-0.3708 0.3680 0.0659 150 37 2
-0.3711 0.3681 0.0648 149 37 2
-0.3714 0.3682 0.0636 149 37 2
-0.3716 0.3684 0.0625 149 37 2
-0.3719 0.3685 0.0613 148 37 2
-0.3721 0.3686 0.0601 148 37 2
-0.3724 0.3687 0.0590 147 37 2
-0.3726 0.3689 0.0578 147 37 2
-0.3728 0.3690 0.0567 147 37 2
-0.3731 0.3691 0.0555 146 37 2
-0.3733 0.3692 0.0543 146 37 2
-0.3735 0.3694 0.0532 145 37 2
-0.3738 0.3695 0.0520 145 37 2
-0.3740 0.3696 0.0508 145 37 2
-0.3742 0.3698 0.0497 144 37 2
-0.3744 0.3699 0.0485 144 37 2
-0.3746 0.3700 0.0473 143 37 2
-0.3748 0.3701 0.0462 143 37 1
-0.3750 0.3703 0.0450 143 37 1
-0.3752 0.3704 0.0438 142 37 1
-0.3754 0.3705 0.0426 142 37 1
-0.3756 0.3706 0.0415 141 37 1
-0.3758 0.3707 0.0403 141 37 1
-0.3760 0.3709 0.0391 141 37 1
-0.3762 0.3710 0.0379 140 37 1
-0.3763 0.3711 0.0368 140 37 1
-0.3765 0.3712 0.0356 139 37 1
-0.3767 0.3714 0.0344 139 37 1
-0.3769 0.3715 0.0332 139 37 1
-0.3770 0.3716 0.0321 138 37 1
-0.3772 0.3718 0.0309 138 37 1
-0.3773 0.3719 0.0297 137 37 1
-0.3775 0.3720 0.0285 137 37 1
-0.3776 0.3721 0.0273 137 37 1
-0.3778 0.3723 0.0262 136 37 1
-0.3779 0.3724 0.0250 136 37 1
-0.3781 0.3725 0.0238 135 37 1
-0.3782 0.3726 0.0226 135 38 1
-0.3783 0.3728 0.0214 135 38 1
-0.3784 0.3729 0.0202 134 38 1
-0.3786 0.3730 0.0190 134 38 1
-0.3787 0.3731 0.0179 133 38 1
-0.3788 0.3732 0.0167 133 38 1
-0.3789 0.3734 0.0155 133 38 1
-0.3790 0.3735 0.0143 132 38 1
-0.3791 0.3736 0.0131 132 38 1
-0.3792 0.3737 0.0119 131 38 1
-0.3793 0.3739 0.0107 131 38 1
-0.3794 0.3740 0.0095 131 38 1
-0.3795 0.3741 0.0083 130 38 1
-0.3796 0.3742 0.0072 130 38 1
-0.3797 0.3744 0.0060 129 38 1
-0.3797 0.3745 0.0048 129 38 1
-0.3798 0.3746 0.0036 129 38 1
-0.3799 0.3748 0.0024 128 38 1
-0.3799 0.3749 0.0012 128 38 1
-0.3800 0.3750 0.0000 128 38 1
-0.3801 0.3751 -0.0012 127 38 1
-0.3801 0.3753 -0.0024 127 38 1
-0.3802 0.3754 -0.0036 126 38 1
-0.3802 0.3755 -0.0048 126 38 1
-0.3803 0.3756 -0.0060 126 38 1
-0.3803 0.3757 -0.0072 125 38 1
-0.3803 0.3759 -0.0084 125 38 1
-0.3804 0.3760 -0.0096 124 38 1
-0.3804 0.3761 -0.0108 124 38 1
-0.3804 0.3762 -0.0120 124 38 1
-0.3804 0.3764 -0.0132 123 38 1
-0.3804 0.3765 -0.0143 123 38 1
-0.3805 0.3766 -0.0155 122 38 1
-0.3805 0.3768 -0.0167 122 38 1
-0.3805 0.3769 -0.0179 122 38 1
-0.3805 0.3770 -0.0191 121 38 1
-0.3805 0.3771 -0.0203 121 38 1
-0.3805 0.3773 -0.0215 120 38 1
-0.3805 0.3774 -0.0227 120 38 1
-0.3804 0.3775 -0.0239 120 38 1
-0.3804 0.3776 -0.0251 119 38 1
-0.3804 0.3778 -0.0263 119 38 1
-0.3804 0.3779 -0.0275 118 38 1
-0.3804 0.3780 -0.0287 118 38 1
-0.3803 0.3781 -0.0299 118 38 1
-0.3803 0.3782 -0.0311 117 38 1
-0.3802 0.3784 -0.0323 117 38 1
-0.3802 0.3785 -0.0335 116 38 1
-0.3802 0.3786 -0.0347 116 38 1
-0.3801 0.3787 -0.0359 116 38 1
-0.3801 0.3789 -0.0371 115 38 1
-0.3800 0.3790 -0.0383 115 38 1
-0.3799 0.3791 -0.0395 114 38 1
-0.3799 0.3792 -0.0407 114 38 1
-0.3798 0.3794 -0.0419 114 38 1
-0.3797 0.3795 -0.0431 113 38 1
-0.3796 0.3796 -0.0443 113 38 1
-0.3796 0.3798 -0.0455 112 38 1
-0.3795 0.3799 -0.0467 112 38 1
-0.3794 0.3800 -0.0479 112 38 2
-0.3793 0.3801 -0.0491 111 38 2
-0.3792 0.3803 -0.0503 111 38 2
-0.3791 0.3804 -0.0515 110 38 2
-0.3790 0.3805 -0.0527 110 38 2
-0.3789 0.3806 -0.0539 110 38 2
-0.3788 0.3807 -0.0551 109 38 2
-0.3787 0.3809 -0.0563 109 38 2
-0.3785 0.3810 -0.0575 108 38 2
-0.3784 0.3811 -0.0587 108 38 2
-0.3783 0.3812 -0.0599 108 38 2
-0.3782 0.3814 -0.0611 107 38 2
-0.3780 0.3815 -0.0623 107 38 2
-0.3779 0.3816 -0.0635 106 38 2
-0.3777 0.3818 -0.0647 106 38 2
-0.3776 0.3819 -0.0659 106 38 2
-0.3774 0.3820 -0.0671 105 38 2
-0.3773 0.3821 -0.0683 105 38 3
-0.3771 0.3823 -0.0695 104 38 3
-0.3770 0.3824 -0.0707 104 39 3
-0.3768 0.3825 -0.0719 104 39 3
-0.3766 0.3826 -0.0731 103 39 3
-0.3765 0.3828 -0.0743 103 39 3
-0.3763 0.3829 -0.0755 103 39 3
-0.3761 0.3830 -0.0767 102 39 3
-0.3759 0.3831 -0.0779 102 39 3
-0.3757 0.3832 -0.0790 101 39 3
-0.3755 0.3834 -0.0802 101 39 3
-0.3753 0.3835 -0.0814 101 39 3
-0.3752 0.3836 -0.0826 100 39 3
-0.3749 0.3837 -0.0838 100 39 4
-0.3747 0.3839 -0.0850 99 39 4
-0.3745 0.3840 -0.0862 99 39 4
-0.3743 0.3841 -0.0874 99 39 4
-0.3741 0.3842 -0.0886 98 39 4
-0.3739 0.3844 -0.0898 98 39 4
-0.3737 0.3845 -0.0909 97 39 4
-0.3734 0.3846 -0.0921 97 39 4
-0.3732 0.3848 -0.0933 97 39 4
-0.3730 0.3849 -0.0945 96 39 4
-0.3727 0.3850 -0.0957 96 39 4
-0.3725 0.3851 -0.0969 96 39 5
-0.3722 0.3852 -0.0981 95 39 5
-0.3720 0.3854 -0.0993 95 39 5
-0.3717 0.3855 -0.1004 94 39 5
-0.3715 0.3856 -0.1016 94 39 5
-0.3712 0.3857 -0.1028 94 39 5
-0.3709 0.3859 -0.1040 93 39 5
-0.3707 0.3860 -0.1052 93 39 5
-0.3704 0.3861 -0.1063 92 39 5
-0.3701 0.3862 -0.1075 92 39 6
-0.3698 0.3864 -0.1087 92 39 6
-0.3695 0.3865 -0.1099 91 39 6
-0.3692 0.3866 -0.1111 91 39 6
-0.3689 0.3868 -0.1122 91 39 6
-0.3686 0.3869 -0.1134 90 39 6
-0.3683 0.3870 -0.1146 90 39 6
-0.3680 0.3871 -0.1158 89 39 6
-0.3677 0.3873 -0.1169 89 39 6
-0.3674 0.3874 -0.1181 89 39 7
-0.3671 0.3875 -0.1193 88 39 7
-0.3668 0.3876 -0.1205 88 39 7
-0.3665 0.3877 -0.1216 87 39 7
-0.3661 0.3879 -0.1228 87 39 7
-0.3658 0.3880 -0.1240 87 39 7
-0.3655 0.3881 -0.1251 86 39 7
-0.3651 0.3882 -0.1263 86 39 7
-0.3648 0.3884 -0.1275 86 39 8
-0.3644 0.3885 -0.1286 85 39 8
-0.3641 0.3886 -0.1298 85 39 8
-0.3637 0.3887 -0.1310 84 39 8
-0.3634 0.3889 -0.1321 84 39 8
-0.3630 0.3890 -0.1333 84 39 8
-0.3627 0.3891 -0.1344 83 39 8
-0.3623 0.3892 -0.1356 83 39 9
-0.3619 0.3894 -0.1368 83 39 9
-0.3615 0.3895 -0.1379 82 39 9
-0.3612 0.3896 -0.1391 82 39 9
-0.3608 0.3898 -0.1402 81 39 9
-0.3604 0.3899 -0.1414 81 39 9
-0.3600 0.3900 -0.1425 81 39 9
-0.3596 0.3901 -0.1437 80 39 10
-0.3592 0.3902 -0.1448 80 39 10
-0.3588 0.3904 -0.1460 80 39 10
-0.3584 0.3905 -0.1471 79 39 10
-0.3580 0.3906 -0.1483 79 39 10
-0.3576 0.3907 -0.1494 79 39 10
-0.3572 0.3909 -0.1506 78 39 10
-0.3568 0.3910 -0.1517 78 39 11
-0.3563 0.3911 -0.1529 77 39 11
-0.3559 0.3912 -0.1540 77 39 11
-0.3555 0.3914 -0.1552 77 39 11
-0.3550 0.3915 -0.1563 76 39 11
-0.3546 0.3916 -0.1574 76 39 11
-0.3542 0.3918 -0.1586 76 39 12
-0.3537 0.3919 -0.1597 75 39 12
-0.3533 0.3920 -0.1608 75 39 12
-0.3528 0.3921 -0.1620 75 39 12
-0.3524 0.3923 -0.1631 74 40 12
-0.3519 0.3924 -0.1642 74 40 12
-0.3514 0.3925 -0.1654 73 40 13
-0.3510 0.3926 -0.1665 73 40 13
-0.3505 0.3927 -0.1676 73 40 13
-0.3500 0.3929 -0.1688 72 40 13
-0.3495 0.3930 -0.1699 72 40 13
-0.3491 0.3931 -0.1710 72 40 13
-0.3486 0.3932 -0.1721 71 40 14
-0.3481 0.3934 -0.1732 71 40 14
-0.3476 0.3935 -0.1744 71 40 14
-0.3471 0.3936 -0.1755 70 40 14
-0.3466 0.3937 -0.1766 70 40 14
-0.3461 0.3939 -0.1777 69 40 15
-0.3456 0.3940 -0.1788 69 40 15
-0.3451 0.3941 -0.1799 69 40 15
-0.3446 0.3942 -0.1811 68 40 15
-0.3440 0.3944 -0.1822 68 40 15
-0.3435 0.3945 -0.1833 68 40 15
-0.3430 0.3946 -0.1844 67 40 16
-0.3425 0.3948 -0.1855 67 40 16
-0.3419 0.3949 -0.1866 67 40 16
-0.3414 0.3950 -0.1877 66 40 16
-0.3409 0.3951 -0.1888 66 40 16
-0.3403 0.3952 -0.1899 66 40 17
-0.3398 0.3954 -0.1910 65 40 17
-0.3392 0.3955 -0.1921 65 40 17
-0.3387 0.3956 -0.1932 65 40 17
-0.3381 0.3957 -0.1943 64 40 17
-0.3376 0.3959 -0.1954 64 40 18
-0.3370 0.3960 -0.1965 64 40 18
-0.3364 0.3961 -0.1975 63 40 18
-0.3359 0.3962 -0.1986 63 40 18
-0.3353 0.3964 -0.1997 63 40 18
-0.3347 0.3965 -0.2008 62 40 19
-0.3341 0.3966 -0.2019 62 40 19
-0.3335 0.3968 -0.2030 61 40 19
-0.3330 0.3969 -0.2040 61 40 19
-0.3324 0.3970 -0.2051 61 40 19
-0.3318 0.3971 -0.2062 60 40 20
-0.3312 0.3973 -0.2073 60 40 20
-0.3306 0.3974 -0.2083 60 40 20
-0.3300 0.3975 -0.2094 59 40 20
-0.3294 0.3976 -0.2105 59 40 20
-0.3287 0.3977 -0.2115 59 40 21
-0.3281 0.3979 -0.2126 58 40 21
-0.3275 0.3980 -0.2137 58 40 21
-0.3269 0.3981 -0.2147 58 40 21
-0.3263 0.3982 -0.2158 57 40 22
-0.3256 0.3984 -0.2168 57 40 22
-0.3250 0.3985 -0.2179 57 40 22
-0.3244 0.3986 -0.2189 56 40 22
-0.3237 0.3987 -0.2200 56 40 22
-0.3231 0.3989 -0.2210 56 40 23
-0.3224 0.3990 -0.2221 55 40 23
-0.3218 0.3991 -0.2231 55 40 23
-0.3211 0.3992 -0.2242 55 40 23
-0.3205 0.3994 -0.2252 54 40 24
-0.3198 0.3995 -0.2263 54 40 24
-0.3191 0.3996 -0.2273 54 40 24
-0.3185 0.3997 -0.2283 53 40 24
-0.3178 0.3999 -0.2294 53 40 25
-0.3171 0.4000 -0.2304 53 40 25
-0.3165 0.4001 -0.2314 53 40 25
-0.3158 0.4002 -0.2325 52 40 25
-0.3151 0.4004 -0.2335 52 40 25
-0.3144 0.4005 -0.2345 52 40 26
-0.3137 0.4006 -0.2355 51 40 26
-0.3130 0.4007 -0.2366 51 40 26
-0.3123 0.4009 -0.2376 51 40 26
-0.3116 0.4010 -0.2386 50 40 27
-0.3109 0.4011 -0.2396 50 40 27
-0.3102 0.4012 -0.2406 50 40 27
-0.3095 0.4014 -0.2416 49 40 27
-0.3088 0.4015 -0.2426 49 40 28
-0.3081 0.4016 -0.2437 49 40 28
-0.3074 0.4018 -0.2447 48 40 28
-0.3066 0.4019 -0.2457 48 40 28
-0.3059 0.4020 -0.2467 48 41 29
-0.3052 0.4021 -0.2477 47 41 29
-0.3044 0.4022 -0.2487 47 41 29
-0.3037 0.4024 -0.2496 47 41 29
-0.3030 0.4025 -0.2506 47 41 30
-0.3022 0.4026 -0.2516 46 41 30
-0.3015 0.4027 -0.2526 46 41 30
-0.3007 0.4029 -0.2536 46 41 30
-0.3000 0.4030 -0.2546 45 41 31
-0.2992 0.4031 -0.2556 45 41 31
-0.2985 0.4032 -0.2565 45 41 31
-0.2977 0.4034 -0.2575 44 41 31
-0.2969 0.4035 -0.2585 44 41 32
-0.2962 0.4036 -0.2595 44 41 32
-0.2954 0.4037 -0.2604 44 41 32
-0.2946 0.4039 -0.2614 43 41 33
-0.2938 0.4040 -0.2624 43 41 33
-0.2931 0.4041 -0.2633 43 41 33
-0.2923 0.4042 -0.2643 42 41 33
-0.2915 0.4044 -0.2652 42 41 34
-0.2907 0.4045 -0.2662 42 41 34
-0.2899 0.4046 -0.2671 41 41 34
-0.2891 0.4047 -0.2681 41 41 34
-0.2883 0.4049 -0.2690 41 41 35
-0.2875 0.4050 -0.2700 41 41 35
-0.2867 0.4051 -0.2709 40 41 35
-0.2859 0.4052 -0.2719 40 41 35
-0.2851 0.4054 -0.2728 40 41 36
-0.2843 0.4055 -0.2737 39 41 36
-0.2834 0.4056 -0.2747 39 41 36
-0.2826 0.4057 -0.2756 39 41 37
-0.2818 0.4059 -0.2765 39 41 37
-0.2810 0.4060 -0.2775 38 41 37
-0.2801 0.4061 -0.2784 38 41 37
-0.2793 0.4063 -0.2793 38 41 38
-0.2785 0.4064 -0.2802 37 41 38
-0.2776 0.4065 -0.2811 37 41 38
-0.2768 0.4066 -0.2821 37 41 39
-0.2759 0.4068 -0.2830 37 41 39
-0.2751 0.4069 -0.2839 36 41 39
-0.2742 0.4070 -0.2848 36 41 39
-0.2734 0.4071 -0.2857 36 41 40
-0.2725 0.4073 -0.2866 35 41 40
-0.2717 0.4074 -0.2875 35 41 40
-0.2708 0.4075 -0.2884 35 41 41
-0.2699 0.4076 -0.2893 35 41 41
-0.2691 0.4078 -0.2902 34 41 41
-0.2682 0.4079 -0.2911 34 41 41
-0.2673 0.4080 -0.2919 34 41 42
-0.2664 0.4081 -0.2928 34 41 42
-0.2656 0.4083 -0.2937 33 41 42
-0.2647 0.4084 -0.2946 33 41 43
-0.2638 0.4085 -0.2955 33 41 43
-0.2629 0.4086 -0.2963 33 41 43
-0.2620 0.4088 -0.2972 32 41 44
-0.2611 0.4089 -0.2981 32 41 44
-0.2602 0.4090 -0.2989 32 41 44
-0.2593 0.4091 -0.2998 31 41 44
-0.2584 0.4093 -0.3006 31 41 45
-0.2575 0.4094 -0.3015 31 41 45
-0.2566 0.4095 -0.3024 31 41 45
-0.2557 0.4096 -0.3032 30 41 46
-0.2548 0.4097 -0.3041 30 41 46
-0.2539 0.4099 -0.3049 30 41 46
-0.2529 0.4100 -0.3057 30 41 47
-0.2520 0.4101 -0.3066 29 41 47
-0.2511 0.4103 -0.3074 29 41 47
-0.2502 0.4104 -0.3082 29 41 47
-0.2492 0.4105 -0.3091 29 41 48
-0.2483 0.4106 -0.3099 28 41 48
-0.2473 0.4108 -0.3107 28 41 48
-0.2464 0.4109 -0.3116 28 41 49
-0.2455 0.4110 -0.3124 28 41 49
-0.2445 0.4111 -0.3132 27 41 49
-0.2436 0.4113 -0.3140 27 41 50
-0.2426 0.4114 -0.3148 27 41 50
-0.2417 0.4115 -0.3156 27 41 50
-0.2407 0.4116 -0.3164 26 41 51
-0.2397 0.4118 -0.3172 26 41 51
-0.2388 0.4119 -0.3180 26 42 51
-0.2378 0.4120 -0.3188 26 42 52
-0.2369 0.4121 -0.3196 25 42 52
-0.2359 0.4123 -0.3204 25 42 52
-0.2349 0.4124 -0.3212 25 42 53
-0.2339 0.4125 -0.3220 25 42 53
-0.2330 0.4126 -0.3228 25 42 53
-0.2320 0.4128 -0.3235 24 42 53
-0.2310 0.4129 -0.3243 24 42 54
-0.2300 0.4130 -0.3251 24 42 54
-0.2290 0.4131 -0.3259 24 42 54
-0.2280 0.4133 -0.3266 23 42 55
-0.2270 0.4134 -0.3274 23 42 55
-0.2260 0.4135 -0.3282 23 42 55
-0.2250 0.4136 -0.3289 23 42 56
-0.2240 0.4138 -0.3297 22 42 56
-0.2230 0.4139 -0.3304 22 42 56
-0.2220 0.4140 -0.3312 22 42 57
-0.2210 0.4141 -0.3319 22 42 57
-0.2200 0.4142 -0.3327 22 42 57
-0.2190 0.4144 -0.3334 21 42 58
-0.2180 0.4145 -0.3341 21 42 58
-0.2170 0.4146 -0.3349 21 42 58
-0.2160 0.4147 -0.3356 21 42 59
-0.2149 0.4149 -0.3363 20 42 59
-0.2139 0.4150 -0.3371 20 42 59
-0.2129 0.4151 -0.3378 20 42 60
-0.2118 0.4153 -0.3385 20 42 60
-0.2108 0.4154 -0.3392 20 42 60
-0.2098 0.4155 -0.3399 19 42 61
-0.2087 0.4156 -0.3406 19 42 61
-0.2077 0.4158 -0.3413 19 42 61
-0.2067 0.4159 -0.3420 19 42 62
-0.2056 0.4160 -0.3427 19 42 62
-0.2046 0.4161 -0.3434 18 42 63
-0.2035 0.4163 -0.3441 18 42 63
-0.2025 0.4164 -0.3448 18 42 63
-0.2014 0.4165 -0.3455 18 42 64
-0.2004 0.4166 -0.3462 18 42 64
-0.1993 0.4167 -0.3469 17 42 64
-0.1982 0.4169 -0.3475 17 42 65
-0.1972 0.4170 -0.3482 17 42 65
-0.1961 0.4171 -0.3489 17 42 65
-0.1950 0.4173 -0.3495 17 42 66
-0.1940 0.4174 -0.3502 16 42 66
-0.1929 0.4175 -0.3509 16 42 66
-0.1918 0.4176 -0.3515 16 42 67
-0.1907 0.4178 -0.3522 16 42 67
-0.1897 0.4179 -0.3528 16 42 67
-0.1886 0.4180 -0.3535 15 42 68
-0.1875 0.4181 -0.3541 15 42 68
-0.1864 0.4183 -0.3548 15 42 68
-0.1853 0.4184 -0.3554 15 42 69
-0.1842 0.4185 -0.3560 15 42 69
-0.1831 0.4186 -0.3567 15 42 69
-0.1821 0.4188 -0.3573 14 42 70
-0.1810 0.4189 -0.3579 14 42 70
-0.1799 0.4190 -0.3585 14 42 71
-0.1788 0.4191 -0.3592 14 42 71
-0.1777 0.4192 -0.3598 14 42 71
-0.1765 0.4194 -0.3604 13 42 72
-0.1754 0.4195 -0.3610 13 42 72
-0.1743 0.4196 -0.3616 13 42 72
-0.1732 0.4197 -0.3622 13 42 73
-0.1721 0.4199 -0.3628 13 42 73
-0.1710 0.4200 -0.3634 13 42 73
-0.1699 0.4201 -0.3640 12 42 74
-0.1688 0.4203 -0.3646 12 42 74
-0.1676 0.4204 -0.3651 12 42 75
-0.1665 0.4205 -0.3657 12 42 75
-0.1654 0.4206 -0.3663 12 42 75
-0.1643 0.4208 -0.3669 12 42 76
-0.1631 0.4209 -0.3674 11 42 76
-0.1620 0.4210 -0.3680 11 42 76
-0.1609 0.4211 -0.3686 11 42 77
-0.1597 0.4213 -0.3691 11 42 77
-0.1586 0.4214 -0.3697 11 42 77
-0.1575 0.4215 -0.3702 11 42 78
-0.1563 0.4216 -0.3708 10 43 78
-0.1552 0.4217 -0.3713 10 43 79
-0.1540 0.4219 -0.3719 10 43 79
-0.1529 0.4220 -0.3724 10 43 79
-0.1517 0.4221 -0.3729 10 43 80
-0.1506 0.4223 -0.3735 10 43 80
-0.1494 0.4224 -0.3740 10 43 80
-0.1483 0.4225 -0.3745 9 43 81
-0.1471 0.4226 -0.3750 9 43 81
-0.1460 0.4228 -0.3756 9 43 81
-0.1448 0.4229 -0.3761 9 43 82
-0.1436 0.4230 -0.3766 9 43 82
-0.1425 0.4231 -0.3771 9 43 83
-0.1413 0.4233 -0.3776 9 43 83
-0.1402 0.4234 -0.3781 8 43 83
-0.1390 0.4235 -0.3786 8 43 84
-0.1378 0.4236 -0.3791 8 43 84
-0.1366 0.4238 -0.3796 8 43 84
-0.1355 0.4239 -0.3800 8 43 85
-0.1343 0.4240 -0.3805 8 43 85
-0.1331 0.4241 -0.3810 8 43 86
-0.1319 0.4242 -0.3815 7 43 86
-0.1308 0.4244 -0.3819 7 43 86
-0.1296 0.4245 -0.3824 7 43 87
-0.1284 0.4246 -0.3829 7 43 87
-0.1272 0.4247 -0.3833 7 43 87
-0.1260 0.4249 -0.3838 7 43 88
-0.1248 0.4250 -0.3842 7 43 88
-0.1237 0.4251 -0.3847 7 43 89
-0.1225 0.4253 -0.3851 6 43 89
-0.1213 0.4254 -0.3856 6 43 89
-0.1201 0.4255 -0.3860 6 43 90
-0.1189 0.4256 -0.3864 6 43 90
-0.1177 0.4258 -0.3869 6 43 91
-0.1165 0.4259 -0.3873 6 43 91
-0.1153 0.4260 -0.3877 6 43 91
-0.1141 0.4261 -0.3881 6 43 92
-0.1129 0.4263 -0.3885 6 43 92
-0.1117 0.4264 -0.3889 5 43 92
-0.1105 0.4265 -0.3894 5 43 93
-0.1093 0.4266 -0.3898 5 43 93
-0.1081 0.4267 -0.3902 5 43 94
-0.1068 0.4269 -0.3905 5 43 94
-0.1056 0.4270 -0.3909 5 43 94
-0.1044 0.4271 -0.3913 5 43 95
-0.1032 0.4273 -0.3917 5 43 95
-0.1020 0.4274 -0.3921 5 43 96
-0.1008 0.4275 -0.3925 4 43 96
-0.0996 0.4276 -0.3928 4 43 96
-0.0983 0.4278 -0.3932 4 43 97
-0.0971 0.4279 -0.3936 4 43 97
-0.0959 0.4280 -0.3939 4 43 97
-0.0947 0.4281 -0.3943 4 43 98
-0.0934 0.4283 -0.3946 4 43 98
-0.0922 0.4284 -0.3950 4 43 99
-0.0910 0.4285 -0.3953 4 43 99
-0.0898 0.4286 -0.3957 4 43 99
-0.0885 0.4288 -0.3960 4 43 100
-0.0873 0.4289 -0.3964 3 43 100
-0.0861 0.4290 -0.3967 3 43 101
-0.0848 0.4291 -0.3970 3 43 101
-0.0836 0.4292 -0.3973 3 43 101
-0.0824 0.4294 -0.3977 3 43 102
-0.0811 0.4295 -0.3980 3 43 102
-0.0799 0.4296 -0.3983 3 43 103
-0.0786 0.4297 -0.3986 3 43 103
-0.0774 0.4299 -0.3989 3 43 103
-0.0762 0.4300 -0.3992 3 43 104
-0.0749 0.4301 -0.3995 3 43 104
-0.0737 0.4303 -0.3998 3 43 104
-0.0724 0.4304 -0.4001 3 43 105
-0.0712 0.4305 -0.4004 2 43 105
-0.0699 0.4306 -0.4006 2 43 106
-0.0687 0.4308 -0.4009 2 43 106
-0.0674 0.4309 -0.4012 2 43 106
-0.0662 0.4310 -0.4015 2 43 107
-0.0649 0.4311 -0.4017 2 43 107
-0.0637 0.4312 -0.4020 2 43 108
-0.0624 0.4314 -0.4022 2 44 108
-0.0612 0.4315 -0.4025 2 44 108
-0.0599 0.4316 -0.4027 2 44 109
-0.0586 0.4317 -0.4030 2 44 109
-0.0574 0.4319 -0.4032 2 44 110
-0.0561 0.4320 -0.4035 2 44 110
-0.0549 0.4321 -0.4037 2 44 110
-0.0536 0.4323 -0.4039 2 44 111
-0.0523 0.4324 -0.4042 2 44 111
-0.0511 0.4325 -0.4044 2 44 112
-0.0498 0.4326 -0.4046 1 44 112
-0.0486 0.4328 -0.4048 1 44 112
-0.0473 0.4329 -0.4050 1 44 113
-0.0460 0.4330 -0.4052 1 44 113
-0.0448 0.4331 -0.4054 1 44 114
-0.0435 0.4333 -0.4056 1 44 114
-0.0422 0.4334 -0.4058 1 44 114
-0.0410 0.4335 -0.4060 1 44 115
-0.0397 0.4336 -0.4062 1 44 115
-0.0384 0.4337 -0.4064 1 44 116
-0.0371 0.4339 -0.4066 1 44 116
-0.0359 0.4340 -0.4067 1 44 116
-0.0346 0.4341 -0.4069 1 44 117
-0.0333 0.4342 -0.4071 1 44 117
-0.0321 0.4344 -0.4072 1 44 118
-0.0308 0.4345 -0.4074 1 44 118
-0.0295 0.4346 -0.4076 1 44 118
-0.0282 0.4347 -0.4077 1 44 119
-0.0269 0.4349 -0.4079 1 44 119
-0.0257 0.4350 -0.4080 1 44 120
-0.0244 0.4351 -0.4081 1 44 120
-0.0231 0.4353 -0.4083 1 44 120
-0.0218 0.4354 -0.4084 1 44 121
-0.0206 0.4355 -0.4085 1 44 121
-0.0193 0.4356 -0.4086 1 44 122
-0.0180 0.4358 -0.4088 1 44 122
-0.0167 0.4359 -0.4089 1 44 122
-0.0154 0.4360 -0.4090 1 44 123
-0.0141 0.4361 -0.4091 1 44 123
-0.0129 0.4362 -0.4092 1 44 124
-0.0116 0.4364 -0.4093 1 44 124
-0.0103 0.4365 -0.4094 1 44 124
-0.0090 0.4366 -0.4095 1 44 125
-0.0077 0.4367 -0.4096 1 44 125
-0.0064 0.4369 -0.4096 1 44 126
-0.0051 0.4370 -0.4097 1 44 126
-0.0039 0.4371 -0.4098 1 44 126
-0.0026 0.4373 -0.4099 1 44 127
-0.0013 0.4374 -0.4099 1 44 127
-0.0000 0.4375 -0.4100 1 44 127
0.0013 0.4376 -0.4101 1 44 128
0.0026 0.4378 -0.4101 1 44 128
0.0039 0.4379 -0.4102 1 44 129
0.0052 0.4380 -0.4102 1 44 129
0.0064 0.4381 -0.4102 1 44 129
0.0077 0.4383 -0.4103 1 44 130
0.0090 0.4384 -0.4103 1 44 130
0.0103 0.4385 -0.4104 1 44 131
0.0116 0.4386 -0.4104 1 44 131
0.0129 0.4387 -0.4104 1 44 131
0.0142 0.4389 -0.4104 1 44 132
0.0155 0.4390 -0.4104 1 44 132
0.0168 0.4391 -0.4104 1 44 133
0.0181 0.4392 -0.4104 1 44 133
0.0194 0.4394 -0.4104 1 44 133
0.0206 0.4395 -0.4104 1 44 134
0.0219 0.4396 -0.4104 1 44 134
0.0232 0.4397 -0.4104 1 44 135
0.0245 0.4399 -0.4104 1 44 135
0.0258 0.4400 -0.4104 1 44 135
0.0271 0.4401 -0.4104 1 44 136
0.0284 0.4403 -0.4103 1 44 136
0.0297 0.4404 -0.4103 1 44 137
0.0310 0.4405 -0.4103 1 44 137
0.0323 0.4406 -0.4102 1 44 137
0.0336 0.4408 -0.4102 1 44 138
0.0349 0.4409 -0.4101 1 44 138
0.0362 0.4410 -0.4101 1 44 139
0.0375 0.4411 -0.4100 1 44 139
0.0388 0.4412 -0.4100 1 45 139
0.0400 0.4414 -0.4099 1 45 140
0.0413 0.4415 -0.4098 1 45 140
0.0426 0.4416 -0.4098 1 45 141
0.0439 0.4417 -0.4097 1 45 141
0.0452 0.4419 -0.4096 1 45 141
0.0465 0.4420 -0.4095 1 45 142
0.0478 0.4421 -0.4094 1 45 142
0.0491 0.4423 -0.4093 1 45 143
0.0504 0.4424 -0.4092 1 45 143
0.0517 0.4425 -0.4091 2 45 143
0.0530 0.4426 -0.4090 2 45 144
0.0543 0.4428 -0.4089 2 45 144
0.0556 0.4429 -0.4088 2 45 145
0.0569 0.4430 -0.4087 2 45 145
0.0581 0.4431 -0.4086 2 45 145
0.0594 0.4433 -0.4085 2 45 146
0.0607 0.4434 -0.4083 2 45 146
0.0620 0.4435 -0.4082 2 45 147
0.0633 0.4436 -0.4081 2 45 147
0.0646 0.4437 -0.4079 2 45 147
0.0659 0.4439 -0.4078 2 45 148
0.0672 0.4440 -0.4076 2 45 148
0.0685 0.4441 -0.4075 2 45 149
0.0698 0.4442 -0.4073 2 45 149
0.0711 0.4444 -0.4071 2 45 149
0.0723 0.4445 -0.4070 2 45 150
0.0736 0.4446 -0.4068 3 45 150
0.0749 0.4447 -0.4066 3 45 151
0.0762 0.4449 -0.4065 3 45 151
0.0775 0.4450 -0.4063 3 45 151
0.0788 0.4451 -0.4061 3 45 152
0.0801 0.4453 -0.4059 3 45 152
0.0814 0.4454 -0.4057 3 45 152
0.0826 0.4455 -0.4055 3 45 153
0.0839 0.4456 -0.4053 3 45 153
0.0852 0.4457 -0.4051 3 45 154
0.0865 0.4459 -0.4049 3 45 154
0.0878 0.4460 -0.4047 3 45 154
0.0891 0.4461 -0.4044 3 45 155
0.0904 0.4462 -0.4042 4 45 155
0.0916 0.4464 -0.4040 4 45 156
0.0929 0.4465 -0.4038 4 45 156
0.0942 0.4466 -0.4035 4 45 156
0.0955 0.4467 -0.4033 4 45 157
0.0968 0.4469 -0.4030 4 45 157
0.0980 0.4470 -0.4028 4 45 158
0.0993 0.4471 -0.4025 4 45 158
0.1006 0.4473 -0.4023 4 45 158
0.1019 0.4474 -0.4020 4 45 159
0.1032 0.4475 -0.4018 4 45 159
0.1044 0.4476 -0.4015 5 45 159
0.1057 0.4478 -0.4012 5 45 160
0.1070 0.4479 -0.4010 5 45 160
0.1083 0.4480 -0.4007 5 45 161
0.1095 0.4481 -0.4004 5 45 161
0.1108 0.4482 -0.4001 5 45 161
0.1121 0.4484 -0.3998 5 45 162
0.1134 0.4485 -0.3995 5 45 162
0.1146 0.4486 -0.3992 5 45 163
0.1159 0.4487 -0.3989 6 45 163
0.1172 0.4489 -0.3986 6 45 163
0.1184 0.4490 -0.3983 6 45 164
0.1197 0.4491 -0.3980 6 45 164
0.1210 0.4492 -0.3976 6 45 164
0.1222 0.4494 -0.3973 6 45 165
0.1235 0.4495 -0.3970 6 45 165
0.1248 0.4496 -0.3967 6 45 166
0.1260 0.4497 -0.3963 6 45 166
0.1273 0.4499 -0.3960 7 45 166
0.1286 0.4500 -0.3956 7 45 167
0.1298 0.4501 -0.3953 7 45 167
0.1311 0.4503 -0.3949 7 45 168
0.1323 0.4504 -0.3946 7 45 168
0.1336 0.4505 -0.3942 7 45 168
0.1348 0.4506 -0.3939 7 45 169
0.1361 0.4507 -0.3935 7 45 169
0.1374 0.4509 -0.3931 8 45 169
0.1386 0.4510 -0.3927 8 46 170
0.1399 0.4511 -0.3924 8 46 170
0.1411 0.4512 -0.3920 8 46 171
0.1424 0.4514 -0.3916 8 46 171
0.1436 0.4515 -0.3912 8 46 171
0.1449 0.4516 -0.3908 8 46 172
0.1461 0.4517 -0.3904 9 46 172
0.1474 0.4519 -0.3900 9 46 172
0.1486 0.4520 -0.3896 9 46 173
0.1499 0.4521 -0.3892 9 46 173
0.1511 0.4523 -0.3887 9 46 174
0.1523 0.4524 -0.3883 9 46 174
0.1536 0.4525 -0.3879 9 46 174
0.1548 0.4526 -0.3875 10 46 175
0.1561 0.4528 -0.3870 10 46 175
0.1573 0.4529 -0.3866 10 46 175
0.1585 0.4530 -0.3862 10 46 176
0.1598 0.4531 -0.3857 10 46 176
0.1610 0.4532 -0.3853 10 46 176
0.1622 0.4534 -0.3848 10 46 177
0.1635 0.4535 -0.3844 11 46 177
0.1647 0.4536 -0.3839 11 46 178
0.1659 0.4537 -0.3834 11 46 178
0.1672 0.4539 -0.3830 11 46 178
0.1684 0.4540 -0.3825 11 46 179
0.1696 0.4541 -0.3820 11 46 179
0.1708 0.4542 -0.3815 12 46 179
0.1721 0.4544 -0.3811 12 46 180
0.1733 0.4545 -0.3806 12 46 180
0.1745 0.4546 -0.3801 12 46 180
0.1757 0.4547 -0.3796 12 46 181
0.1769 0.4549 -0.3791 12 46 181
0.1781 0.4550 -0.3786 13 46 182
0.1794 0.4551 -0.3781 13 46 182
0.1806 0.4553 -0.3776 13 46 182
0.1818 0.4554 -0.3770 13 46 183
0.1830 0.4555 -0.3765 13 46 183
0.1842 0.4556 -0.3760 13 46 183
0.1854 0.4557 -0.3755 14 46 184
0.1866 0.4559 -0.3749 14 46 184
0.1878 0.4560 -0.3744 14 46 184
0.1890 0.4561 -0.3739 14 46 185
0.1902 0.4562 -0.3733 14 46 185
0.1914 0.4564 -0.3728 15 46 186
0.1926 0.4565 -0.3722 15 46 186
0.1938 0.4566 -0.3717 15 46 186
0.1950 0.4567 -0.3711 15 46 187
0.1962 0.4569 -0.3706 15 46 187
0.1974 0.4570 -0.3700 15 46 187
0.1986 0.4571 -0.3694 16 46 188
0.1998 0.4573 -0.3689 16 46 188
0.2010 0.4574 -0.3683 16 46 188
0.2021 0.4575 -0.3677 16 46 189
0.2033 0.4576 -0.3671 16 46 189
0.2045 0.4578 -0.3665 17 46 189
0.2057 0.4579 -0.3659 17 46 190
0.2069 0.4580 -0.3653 17 46 190
0.2080 0.4581 -0.3647 17 46 190
0.2092 0.4582 -0.3641 17 46 191
0.2104 0.4584 -0.3635 18 46 191
0.2116 0.4585 -0.3629 18 46 191
0.2127 0.4586 -0.3623 18 46 192
0.2139 0.4587 -0.3617 18 46 192
0.2151 0.4589 -0.3611 18 46 192
0.2162 0.4590 -0.3604 19 46 193
0.2174 0.4591 -0.3598 19 46 193
0.2186 0.4592 -0.3592 19 46 194
0.2197 0.4594 -0.3585 19 46 194
0.2209 0.4595 -0.3579 19 46 194
0.2220 0.4596 -0.3572 20 46 195
0.2232 0.4597 -0.3566 20 46 195
0.2243 0.4599 -0.3559 20 46 195
0.2255 0.4600 -0.3553 20 46 196
0.2266 0.4601 -0.3546 20 46 196
0.2278 0.4603 -0.3540 21 46 196
0.2289 0.4604 -0.3533 21 46 197
0.2301 0.4605 -0.3526 21 46 197
0.2312 0.4606 -0.3520 21 46 197
0.2323 0.4607 -0.3513 22 46 198
0.2335 0.4609 -0.3506 22 47 198
0.2346 0.4610 -0.3499 22 47 198
0.2357 0.4611 -0.3492 22 47 199
0.2369 0.4612 -0.3485 22 47 199
0.2380 0.4614 -0.3478 23 47 199
0.2391 0.4615 -0.3471 23 47 200
0.2402 0.4616 -0.3464 23 47 200
0.2414 0.4617 -0.3457 23 47 200
0.2425 0.4619 -0.3450 24 47 201
0.2436 0.4620 -0.3443 24 47 201
0.2447 0.4621 -0.3436 24 47 201
0.2458 0.4623 -0.3429 24 47 202
0.2469 0.4624 -0.3421 25 47 202
0.2480 0.4625 -0.3414 25 47 202
0.2492 0.4626 -0.3407 25 47 202
0.2503 0.4627 -0.3399 25 47 203
0.2514 0.4629 -0.3392 25 47 203
0.2525 0.4630 -0.3385 26 47 203
0.2536 0.4631 -0.3377 26 47 204
0.2547 0.4632 -0.3370 26 47 204
0.2557 0.4634 -0.3362 26 47 204
0.2568 0.4635 -0.3354 27 47 205
0.2579 0.4636 -0.3347 27 47 205
0.2590 0.4637 -0.3339 27 47 205
0.2601 0.4639 -0.3332 27 47 206
0.2612 0.4640 -0.3324 28 47 206
0.2623 0.4641 -0.3316 28 47 206
0.2633 0.4642 -0.3308 28 47 207
0.2644 0.4644 -0.3300 28 47 207
0.2655 0.4645 -0.3293 29 47 207
0.2666 0.4646 -0.3285 29 47 208
0.2676 0.4647 -0.3277 29 47 208
0.2687 0.4649 -0.3269 29 47 208
0.2698 0.4650 -0.3261 30 47 208
0.2708 0.4651 -0.3253 30 47 209
0.2719 0.4652 -0.3245 30 47 209
0.2729 0.4654 -0.3237 30 47 209
0.2740 0.4655 -0.3228 31 47 210
0.2750 0.4656 -0.3220 31 47 210
0.2761 0.4657 -0.3212 31 47 210
0.2771 0.4659 -0.3204 31 47 211
0.2782 0.4660 -0.3196 32 47 211
0.2792 0.4661 -0.3187 32 47 211
0.2803 0.4662 -0.3179 32 47 211
0.2813 0.4664 -0.3171 33 47 212
0.2823 0.4665 -0.3162 33 47 212
0.2834 0.4666 -0.3154 33 47 212
0.2844 0.4667 -0.3145 33 47 213
0.2854 0.4669 -0.3137 34 47 213
0.2864 0.4670 -0.3128 34 47 213
0.2875 0.4671 -0.3120 34 47 214
0.2885 0.4673 -0.3111 34 47 214
0.2895 0.4674 -0.3102 35 47 214
0.2905 0.4675 -0.3094 35 47 214
0.2915 0.4676 -0.3085 35 47 215
0.2925 0.4677 -0.3076 35 47 215
0.2935 0.4679 -0.3068 36 47 215
0.2946 0.4680 -0.3059 36 47 216
0.2956 0.4681 -0.3050 36 47 216
0.2966 0.4682 -0.3041 37 47 216
0.2975 0.4684 -0.3032 37 47 216
0.2985 0.4685 -0.3023 37 47 217
0.2995 0.4686 -0.3014 37 47 217
0.3005 0.4688 -0.3005 38 47 217
0.3015 0.4689 -0.2996 38 47 218
0.3025 0.4690 -0.2987 38 47 218
0.3035 0.4691 -0.2978 39 47 218
0.3044 0.4693 -0.2969 39 47 218
0.3054 0.4694 -0.2960 39 47 219
0.3064 0.4695 -0.2951 39 47 219
0.3074 0.4696 -0.2941 40 47 219
0.3083 0.4698 -0.2932 40 47 220
0.3093 0.4699 -0.2923 40 47 220
0.3102 0.4700 -0.2913 41 47 220
0.3112 0.4701 -0.2904 41 47 220
0.3122 0.4702 -0.2895 41 47 221
0.3131 0.4704 -0.2885 41 47 221
0.3141 0.4705 -0.2876 42 47 221
0.3150 0.4706 -0.2866 42 48 221
0.3160 0.4708 -0.2857 42 48 222
0.3169 0.4709 -0.2847 43 48 222
0.3178 0.4710 -0.2838 43 48 222
0.3188 0.4711 -0.2828 43 48 222
0.3197 0.4713 -0.2819 44 48 223
0.3206 0.4714 -0.2809 44 48 223
0.3216 0.4715 -0.2799 44 48 223
0.3225 0.4716 -0.2789 44 48 224
0.3234 0.4718 -0.2780 45 48 224
0.3243 0.4719 -0.2770 45 48 224
0.3252 0.4720 -0.2760 45 48 224
0.3261 0.4721 -0.2750 46 48 225
0.3270 0.4723 -0.2740 46 48 225
0.3280 0.4724 -0.2730 46 48 225
0.3289 0.4725 -0.2721 47 48 225
0.3298 0.4726 -0.2711 47 48 226
0.3307 0.4728 -0.2701 47 48 226
0.3315 0.4729 -0.2691 47 48 226
0.3324 0.4730 -0.2680 48 48 226
0.3333 0.4731 -0.2670 48 48 227
0.3342 0.4733 -0.2660 48 48 227
0.3351 0.4734 -0.2650 49 48 227
0.3360 0.4735 -0.2640 49 48 227
0.3368 0.4736 -0.2630 49 48 228
0.3377 0.4738 -0.2620 50 48 228
0.3386 0.4739 -0.2609 50 48 228
0.3394 0.4740 -0.2599 50 48 228
0.3403 0.4741 -0.2589 51 48 229
0.3412 0.4743 -0.2578 51 48 229
0.3420 0.4744 -0.2568 51 48 229
0.3429 0.4745 -0.2558 52 48 229
0.3437 0.4746 -0.2547 52 48 230
0.3446 0.4748 -0.2537 52 48 230
0.3454 0.4749 -0.2526 53 48 230
0.3463 0.4750 -0.2516 53 48 230
0.3471 0.4751 -0.2505 53 48 230
0.3479 0.4752 -0.2495 53 48 231
0.3488 0.4754 -0.2484 54 48 231
0.3496 0.4755 -0.2473 54 48 231
0.3504 0.4756 -0.2463 54 48 231
0.3512 0.4758 -0.2452 55 48 232
0.3521 0.4759 -0.2441 55 48 232
0.3529 0.4760 -0.2431 55 48 232
0.3537 0.4761 -0.2420 56 48 232
0.3545 0.4763 -0.2409 56 48 233
0.3553 0.4764 -0.2398 56 48 233
0.3561 0.4765 -0.2387 57 48 233
0.3569 0.4766 -0.2377 57 48 233
0.3577 0.4768 -0.2366 57 48 233
0.3585 0.4769 -0.2355 58 48 234
0.3593 0.4770 -0.2344 58 48 234
0.3601 0.4771 -0.2333 58 48 234
0.3608 0.4772 -0.2322 59 48 234
0.3616 0.4774 -0.2311 59 48 235
0.3624 0.4775 -0.2300 59 48 235
0.3632 0.4776 -0.2289 60 48 235
0.3639 0.4778 -0.2278 60 48 235
0.3647 0.4779 -0.2266 60 48 235
0.3655 0.4780 -0.2255 61 48 236
0.3662 0.4781 -0.2244 61 48 236
0.3670 0.4783 -0.2233 61 48 236
0.3677 0.4784 -0.2222 62 48 236
0.3685 0.4785 -0.2210 62 48 236
0.3692 0.4786 -0.2199 63 48 237
0.3699 0.4788 -0.2188 63 48 237
0.3707 0.4789 -0.2177 63 48 237
0.3714 0.4790 -0.2165 64 48 237
0.3721 0.4791 -0.2154 64 48 237
0.3729 0.4793 -0.2142 64 48 238
0.3736 0.4794 -0.2131 65 48 238
0.3743 0.4795 -0.2120 65 48 238
0.3750 0.4796 -0.2108 65 48 238
0.3757 0.4797 -0.2097 66 48 238
0.3765 0.4799 -0.2085 66 48 239
0.3772 0.4800 -0.2073 66 48 239
0.3779 0.4801 -0.2062 67 48 239
0.3786 0.4802 -0.2050 67 48 239
0.3793 0.4804 -0.2039 67 48 239
0.3799 0.4805 -0.2027 68 49 240
0.3806 0.4806 -0.2015 68 49 240
0.3813 0.4808 -0.2004 68 49 240
0.3820 0.4809 -0.1992 69 49 240
0.3827 0.4810 -0.1980 69 49 240
0.3834 0.4811 -0.1968 69 49 240
0.3840 0.4813 -0.1957 70 49 241
0.3847 0.4814 -0.1945 70 49 241
0.3854 0.4815 -0.1933 71 49 241
0.3860 0.4816 -0.1921 71 49 241
0.3867 0.4818 -0.1909 71 49 241
0.3873 0.4819 -0.1897 72 49 242
0.3880 0.4820 -0.1886 72 49 242
0.3886 0.4821 -0.1874 72 49 242
0.3893 0.4822 -0.1862 73 49 242
0.3899 0.4824 -0.1850 73 49 242
0.3905 0.4825 -0.1838 73 49 242
0.3912 0.4826 -0.1826 74 49 243
0.3918 0.4828 -0.1814 74 49 243
0.3924 0.4829 -0.1802 75 49 243
0.3930 0.4830 -0.1789 75 49 243
0.3936 0.4831 -0.1777 75 49 243
0.3942 0.4833 -0.1765 76 49 243
0.3949 0.4834 -0.1753 76 49 244
0.3955 0.4835 -0.1741 76 49 244
0.3961 0.4836 -0.1729 77 49 244
0.3967 0.4838 -0.1716 77 49 244
0.3972 0.4839 -0.1704 77 49 244
0.3978 0.4840 -0.1692 78 49 244
0.3984 0.4841 -0.1680 78 49 245
0.3990 0.4843 -0.1667 79 49 245
0.3996 0.4844 -0.1655 79 49 245
0.4002 0.4845 -0.1643 79 49 245
0.4007 0.4846 -0.1630 80 49 245
0.4013 0.4847 -0.1618 80 49 245
0.4018 0.4849 -0.1606 80 49 245
0.4024 0.4850 -0.1593 81 49 246
0.4030 0.4851 -0.1581 81 49 246
0.4035 0.4852 -0.1568 81 49 246
0.4041 0.4854 -0.1556 82 49 246
0.4046 0.4855 -0.1543 82 49 246
0.4051 0.4856 -0.1531 83 49 246
0.4057 0.4858 -0.1518 83 49 246
0.4062 0.4859 -0.1506 83 49 247
0.4067 0.4860 -0.1493 84 49 247
0.4073 0.4861 -0.1481 84 49 247
0.4078 0.4863 -0.1468 84 49 247
0.4083 0.4864 -0.1455 85 49 247
0.4088 0.4865 -0.1443 85 49 247
0.4093 0.4866 -0.1430 86 49 247
0.4098 0.4868 -0.1418 86 49 248
0.4103 0.4869 -0.1405 86 49 248
0.4108 0.4870 -0.1392 87 49 248
0.4113 0.4871 -0.1379 87 49 248
0.4118 0.4872 -0.1367 87 49 248
0.4123 0.4874 -0.1354 88 49 248
0.4128 0.4875 -0.1341 88 49 248
0.4132 0.4876 -0.1328 89 49 248
0.4137 0.4878 -0.1316 89 49 249
0.4142 0.4879 -0.1303 89 49 249
0.4146 0.4880 -0.1290 90 49 249
0.4151 0.4881 -0.1277 90 49 249
0.4156 0.4883 -0.1264 91 49 249
0.4160 0.4884 -0.1251 91 49 249
0.4165 0.4885 -0.1238 91 49 249
0.4169 0.4886 -0.1225 92 49 249
0.4173 0.4888 -0.1212 92 49 249
0.4178 0.4889 -0.1200 92 49 250
0.4182 0.4890 -0.1187 93 49 250
0.4186 0.4891 -0.1174 93 49 250
0.4191 0.4893 -0.1161 94 49 250
0.4195 0.4894 -0.1148 94 49 250
0.4199 0.4895 -0.1135 94 49 250
0.4203 0.4896 -0.1122 95 49 250
0.4207 0.4897 -0.1108 95 49 250
0.4211 0.4899 -0.1095 96 49 250
0.4215 0.4900 -0.1082 96 49 251
0.4219 0.4901 -0.1069 96 49 251
0.4223 0.4902 -0.1056 97 50 251
0.4227 0.4904 -0.1043 97 50 251
0.4231 0.4905 -0.1030 97 50 251
0.4235 0.4906 -0.1017 98 50 251
0.4238 0.4908 -0.1003 98 50 251
0.4242 0.4909 -0.0990 99 50 251
0.4246 0.4910 -0.0977 99 50 251
0.4249 0.4911 -0.0964 99 50 251
0.4253 0.4913 -0.0951 100 50 251
0.4257 0.4914 -0.0937 100 50 252
0.4260 0.4915 -0.0924 101 50 252
0.4264 0.4916 -0.0911 101 50 252
0.4267 0.4918 -0.0898 101 50 252
0.4270 0.4919 -0.0884 102 50 252
0.4274 0.4920 -0.0871 102 50 252
0.4277 0.4921 -0.0858 103 50 252
0.4280 0.4922 -0.0844 103 50 252
0.4284 0.4924 -0.0831 103 50 252
0.4287 0.4925 -0.0818 104 50 252
0.4290 0.4926 -0.0804 104 50 252
0.4293 0.4928 -0.0791 104 50 252
0.4296 0.4929 -0.0778 105 50 252
0.4299 0.4930 -0.0764 105 50 253
0.4302 0.4931 -0.0751 106 50 253
0.4305 0.4933 -0.0737 106 50 253
0.4308 0.4934 -0.0724 106 50 253
0.4311 0.4935 -0.0711 107 50 253
0.4313 0.4936 -0.0697 107 50 253
0.4316 0.4938 -0.0684 108 50 253
0.4319 0.4939 -0.0670 108 50 253
0.4322 0.4940 -0.0657 108 50 253
0.4324 0.4941 -0.0643 109 50 253
0.4327 0.4942 -0.0630 109 50 253
0.4329 0.4944 -0.0616 110 50 253
0.4332 0.4945 -0.0603 110 50 253
0.4334 0.4946 -0.0589 110 50 253
0.4337 0.4947 -0.0576 111 50 253
0.4339 0.4949 -0.0562 111 50 253
0.4341 0.4950 -0.0548 112 50 253
0.4344 0.4951 -0.0535 112 50 254
0.4346 0.4952 -0.0521 112 50 254
0.4348 0.4954 -0.0508 113 50 254
0.4350 0.4955 -0.0494 113 50 254
0.4353 0.4956 -0.0481 114 50 254
0.4355 0.4958 -0.0467 114 50 254
0.4357 0.4959 -0.0453 114 50 254
0.4359 0.4960 -0.0440 115 50 254
0.4361 0.4961 -0.0426 115 50 254
0.4363 0.4963 -0.0412 116 50 254
0.4364 0.4964 -0.0399 116 50 254
0.4366 0.4965 -0.0385 116 50 254
0.4368 0.4966 -0.0371 117 50 254
0.4370 0.4967 -0.0358 117 50 254
0.4371 0.4969 -0.0344 118 50 254
0.4373 0.4970 -0.0330 118 50 254
0.4375 0.4971 -0.0317 118 50 254
0.4376 0.4972 -0.0303 119 50 254
0.4378 0.4974 -0.0289 119 50 254
0.4379 0.4975 -0.0276 120 50 254
0.4381 0.4976 -0.0262 120 50 254
0.4382 0.4978 -0.0248 120 50 254
0.4384 0.4979 -0.0234 121 50 254
0.4385 0.4980 -0.0221 121 50 254
0.4386 0.4981 -0.0207 122 50 254
0.4387 0.4983 -0.0193 122 50 254
0.4389 0.4984 -0.0179 122 50 254
0.4390 0.4985 -0.0166 123 50 254
0.4391 0.4986 -0.0152 123 50 254
0.4392 0.4988 -0.0138 124 50 254
0.4393 0.4989 -0.0124 124 50 254
0.4394 0.4990 -0.0110 124 50 254
0.4395 0.4991 -0.0097 125 50 254
0.4396 0.4992 -0.0083 125 50 254
0.4396 0.4994 -0.0069 126 50 254
0.4397 0.4995 -0.0055 126 50 254
0.4398 0.4996 -0.0041 126 50 254
0.4399 0.4997 -0.0028 127 50 254
0.4399 0.4999 -0.0014 127 50 254
0.4400 0.5000 -0.0000 127 51 255
0.4401 0.5001 0.0014 128 51 254
0.4401 0.5002 0.0028 128 51 254
0.4402 0.5004 0.0041 129 51 254
0.4402 0.5005 0.0055 129 51 254
0.4402 0.5006 0.0069 129 51 254
0.4403 0.5008 0.0083 130 51 254
0.4403 0.5009 0.0097 130 51 254
0.4403 0.5010 0.0111 131 51 254
0.4404 0.5011 0.0125 131 51 254
0.4404 0.5012 0.0138 131 51 254
0.4404 0.5014 0.0152 132 51 254
0.4404 0.5015 0.0166 132 51 254
0.4404 0.5016 0.0180 133 51 254
0.4404 0.5017 0.0194 133 51 254
0.4404 0.5019 0.0208 133 51 254
0.4404 0.5020 0.0222 134 51 254
0.4404 0.5021 0.0235 134 51 254
0.4404 0.5022 0.0249 135 51 254
0.4404 0.5024 0.0263 135 51 254
0.4403 0.5025 0.0277 135 51 254
0.4403 0.5026 0.0291 136 51 254
0.4403 0.5028 0.0305 136 51 254
0.4402 0.5029 0.0319 137 51 254
0.4402 0.5030 0.0333 137 51 254
0.4401 0.5031 0.0346 137 51 254
0.4401 0.5032 0.0360 138 51 254
0.4400 0.5034 0.0374 138 51 254
0.4400 0.5035 0.0388 139 51 254
0.4399 0.5036 0.0402 139 51 254
0.4398 0.5038 0.0416 139 51 254
0.4398 0.5039 0.0430 140 51 254
0.4397 0.5040 0.0444 140 51 254
0.4396 0.5041 0.0457 141 51 254
0.4395 0.5042 0.0471 141 51 254
0.4394 0.5044 0.0485 141 51 254
0.4393 0.5045 0.0499 142 51 254
0.4392 0.5046 0.0513 142 51 254
0.4391 0.5048 0.0527 143 51 254
0.4390 0.5049 0.0541 143 51 254
0.4389 0.5050 0.0554 143 51 253
0.4388 0.5051 0.0568 144 51 253
0.4387 0.5052 0.0582 144 51 253
0.4385 0.5054 0.0596 145 51 253
0.4384 0.5055 0.0610 145 51 253
0.4383 0.5056 0.0624 145 51 253
0.4381 0.5058 0.0638 146 51 253
0.4380 0.5059 0.0651 146 51 253
0.4379 0.5060 0.0665 147 51 253
0.4377 0.5061 0.0679 147 51 253
0.4375 0.5063 0.0693 147 51 253
0.4374 0.5064 0.0707 148 51 253
0.4372 0.5065 0.0721 148 51 253
0.4371 0.5066 0.0735 149 51 253
0.4369 0.5068 0.0748 149 51 253
0.4367 0.5069 0.0762 149 51 253
0.4365 0.5070 0.0776 150 51 253
0.4363 0.5071 0.0790 150 51 252
0.4361 0.5072 0.0804 151 51 252
0.4359 0.5074 0.0817 151 51 252
0.4357 0.5075 0.0831 151 51 252
0.4355 0.5076 0.0845 152 51 252
0.4353 0.5078 0.0859 152 51 252
0.4351 0.5079 0.0873 152 51 252
0.4349 0.5080 0.0886 153 51 252
0.4347 0.5081 0.0900 153 51 252
0.4345 0.5082 0.0914 154 51 252
0.4342 0.5084 0.0928 154 51 252
0.4340 0.5085 0.0941 154 51 252
0.4337 0.5086 0.0955 155 51 252
0.4335 0.5087 0.0969 155 51 251
0.4333 0.5089 0.0983 156 51 251
0.4330 0.5090 0.0996 156 51 251
0.4327 0.5091 0.1010 156 51 251
0.4325 0.5092 0.1024 157 51 251
0.4322 0.5094 0.1038 157 51 251
0.4319 0.5095 0.1051 158 51 251
0.4317 0.5096 0.1065 158 51 251
0.4314 0.5098 0.1079 158 51 251
0.4311 0.5099 0.1092 159 52 251
0.4308 0.5100 0.1106 159 52 251
0.4305 0.5101 0.1120 159 52 250
0.4302 0.5102 0.1134 160 52 250
0.4299 0.5104 0.1147 160 52 250
0.4296 0.5105 0.1161 161 52 250
0.4293 0.5106 0.1174 161 52 250
0.4290 0.5108 0.1188 161 52 250
0.4287 0.5109 0.1202 162 52 250
0.4284 0.5110 0.1215 162 52 250
0.4280 0.5111 0.1229 163 52 250
0.4277 0.5112 0.1243 163 52 249
0.4274 0.5114 0.1256 163 52 249
0.4270 0.5115 0.1270 164 52 249
0.4267 0.5116 0.1283 164 52 249
0.4263 0.5117 0.1297 164 52 249
0.4260 0.5119 0.1311 165 52 249
0.4256 0.5120 0.1324 165 52 249
0.4253 0.5121 0.1338 166 52 249
0.4249 0.5122 0.1351 166 52 249
0.4245 0.5124 0.1365 166 52 248
0.4242 0.5125 0.1378 167 52 248
0.4238 0.5126 0.1392 167 52 248
0.4234 0.5128 0.1405 168 52 248
0.4230 0.5129 0.1419 168 52 248
0.4226 0.5130 0.1432 168 52 248
0.4222 0.5131 0.1446 169 52 248
0.4218 0.5132 0.1459 169 52 248
0.4214 0.5134 0.1473 169 52 247
0.4210 0.5135 0.1486 170 52 247
0.4206 0.5136 0.1499 170 52 247
0.4202 0.5137 0.1513 171 52 247
0.4198 0.5139 0.1526 171 52 247
0.4194 0.5140 0.1540 171 52 247
0.4189 0.5141 0.1553 172 52 247
0.4185 0.5142 0.1566 172 52 246
0.4180 0.5144 0.1580 172 52 246
0.4176 0.5145 0.1593 173 52 246
0.4172 0.5146 0.1606 173 52 246
0.4167 0.5148 0.1620 174 52 246
0.4163 0.5149 0.1633 174 52 246
0.4158 0.5150 0.1646 174 52 246
0.4153 0.5151 0.1660 175 52 245
0.4149 0.5152 0.1673 175 52 245
0.4144 0.5154 0.1686 175 52 245
0.4139 0.5155 0.1699 176 52 245
0.4134 0.5156 0.1713 176 52 245
0.4130 0.5158 0.1726 176 52 245
0.4125 0.5159 0.1739 177 52 245
0.4120 0.5160 0.1752 177 52 244
0.4115 0.5161 0.1765 178 52 244
0.4110 0.5162 0.1778 178 52 244
0.4105 0.5164 0.1792 178 52 244
0.4100 0.5165 0.1805 179 52 244
0.4094 0.5166 0.1818 179 52 244
0.4089 0.5168 0.1831 179 52 243
0.4084 0.5169 0.1844 180 52 243
0.4079 0.5170 0.1857 180 52 243
0.4073 0.5171 0.1870 180 52 243
0.4068 0.5172 0.1883 181 52 243
0.4063 0.5174 0.1896 181 52 243
0.4057 0.5175 0.1909 182 52 242
0.4052 0.5176 0.1922 182 52 242
0.4046 0.5178 0.1935 182 52 242
0.4041 0.5179 0.1948 183 52 242
0.4035 0.5180 0.1961 183 52 242
0.4029 0.5181 0.1974 183 52 242
0.4024 0.5182 0.1987 184 52 241
0.4018 0.5184 0.2000 184 52 241
0.4012 0.5185 0.2013 184 52 241
0.4006 0.5186 0.2026 185 52 241
0.4001 0.5187 0.2038 185 52 241
0.3995 0.5189 0.2051 186 52 240
0.3989 0.5190 0.2064 186 52 240
0.3983 0.5191 0.2077 186 52 240
0.3977 0.5192 0.2090 187 52 240
0.3971 0.5194 0.2102 187 52 240
0.3965 0.5195 0.2115 187 52 240
0.3959 0.5196 0.2128 188 53 239
0.3952 0.5198 0.2141 188 53 239
0.3946 0.5199 0.2153 188 53 239
0.3940 0.5200 0.2166 189 53 239
0.3934 0.5201 0.2179 189 53 239
0.3927 0.5202 0.2191 189 53 238
0.3921 0.5204 0.2204 190 53 238
0.3914 0.5205 0.2216 190 53 238
0.3908 0.5206 0.2229 190 53 238
0.3901 0.5208 0.2242 191 53 238
0.3895 0.5209 0.2254 191 53 237
0.3888 0.5210 0.2267 191 53 237
0.3882 0.5211 0.2279 192 53 237
0.3875 0.5212 0.2292 192 53 237
0.3868 0.5214 0.2304 192 53 237
0.3862 0.5215 0.2317 193 53 236
0.3855 0.5216 0.2329 193 53 236
0.3848 0.5217 0.2341 194 53 236
0.3841 0.5219 0.2354 194 53 236
0.3834 0.5220 0.2366 194 53 236
0.3827 0.5221 0.2379 195 53 235
0.3820 0.5222 0.2391 195 53 235
0.3813 0.5224 0.2403 195 53 235
0.3806 0.5225 0.2416 196 53 235
0.3799 0.5226 0.2428 196 53 235
0.3792 0.5228 0.2440 196 53 234
0.3785 0.5229 0.2452 197 53 234
0.3778 0.5230 0.2464 197 53 234
0.3770 0.5231 0.2477 197 53 234
0.3763 0.5232 0.2489 198 53 233
0.3756 0.5234 0.2501 198 53 233
0.3748 0.5235 0.2513 198 53 233
0.3741 0.5236 0.2525 199 53 233
0.3733 0.5237 0.2537 199 53 233
0.3726 0.5239 0.2549 199 53 232
0.3718 0.5240 0.2561 200 53 232
0.3711 0.5241 0.2573 200 53 232
0.3703 0.5242 0.2585 200 53 232
0.3696 0.5244 0.2597 201 53 231
0.3688 0.5245 0.2609 201 53 231
0.3680 0.5246 0.2621 201 53 231
0.3672 0.5248 0.2633 202 53 231
0.3665 0.5249 0.2645 202 53 230
0.3657 0.5250 0.2657 202 53 230
0.3649 0.5251 0.2669 202 53 230
0.3641 0.5252 0.2680 203 53 230
0.3633 0.5254 0.2692 203 53 230
0.3625 0.5255 0.2704 203 53 229
0.3617 0.5256 0.2716 204 53 229
0.3609 0.5257 0.2727 204 53 229
0.3601 0.5259 0.2739 204 53 229
0.3593 0.5260 0.2751 205 53 228
0.3584 0.5261 0.2762 205 53 228
0.3576 0.5262 0.2774 205 53 228
0.3568 0.5264 0.2786 206 53 228
0.3560 0.5265 0.2797 206 53 227
0.3551 0.5266 0.2809 206 53 227
0.3543 0.5268 0.2820 207 53 227
0.3535 0.5269 0.2832 207 53 227
0.3526 0.5270 0.2843 207 53 226
0.3518 0.5271 0.2855 208 53 226
0.3509 0.5272 0.2866 208 53 226
0.3501 0.5274 0.2877 208 53 226
0.3492 0.5275 0.2889 208 53 225
0.3483 0.5276 0.2900 209 53 225
0.3475 0.5278 0.2911 209 53 225
0.3466 0.5279 0.2923 209 53 225
0.3457 0.5280 0.2934 210 53 224
0.3448 0.5281 0.2945 210 53 224
0.3440 0.5282 0.2956 210 53 224
0.3431 0.5284 0.2968 211 53 224
0.3422 0.5285 0.2979 211 53 223
0.3413 0.5286 0.2990 211 53 223
0.3404 0.5287 0.3001 211 53 223
0.3395 0.5289 0.3012 212 53 222
0.3386 0.5290 0.3023 212 53 222
0.3377 0.5291 0.3034 212 53 222
0.3368 0.5292 0.3045 213 53 222
0.3359 0.5294 0.3056 213 53 221
0.3349 0.5295 0.3067 213 54 221
0.3340 0.5296 0.3078 214 54 221
0.3331 0.5298 0.3089 214 54 221
0.3322 0.5299 0.3100 214 54 220
0.3312 0.5300 0.3111 214 54 220
0.3303 0.5301 0.3121 215 54 220
0.3294 0.5302 0.3132 215 54 220
0.3284 0.5304 0.3143 215 54 219
0.3275 0.5305 0.3154 216 54 219
0.3265 0.5306 0.3164 216 54 219
0.3256 0.5307 0.3175 216 54 218
0.3246 0.5309 0.3186 216 54 218
0.3237 0.5310 0.3196 217 54 218
0.3227 0.5311 0.3207 217 54 218
0.3217 0.5313 0.3217 217 54 217
0.3208 0.5314 0.3228 218 54 217
0.3198 0.5315 0.3238 218 54 217
0.3188 0.5316 0.3249 218 54 216
0.3178 0.5317 0.3259 218 54 216
0.3168 0.5319 0.3270 219 54 216
0.3159 0.5320 0.3280 219 54 216
0.3149 0.5321 0.3290 219 54 215
0.3139 0.5323 0.3301 220 54 215
0.3129 0.5324 0.3311 220 54 215
0.3119 0.5325 0.3321 220 54 214
0.3109 0.5326 0.3331 220 54 214
0.3099 0.5328 0.3342 221 54 214
0.3089 0.5329 0.3352 221 54 214
0.3078 0.5330 0.3362 221 54 213
0.3068 0.5331 0.3372 221 54 213
0.3058 0.5333 0.3382 222 54 213
0.3048 0.5334 0.3392 222 54 212
0.3038 0.5335 0.3402 222 54 212
0.3027 0.5336 0.3412 222 54 212
0.3017 0.5337 0.3422 223 54 211
0.3007 0.5339 0.3432 223 54 211
0.2996 0.5340 0.3442 223 54 211
0.2986 0.5341 0.3452 224 54 211
0.2975 0.5343 0.3461 224 54 210
0.2965 0.5344 0.3471 224 54 210
0.2954 0.5345 0.3481 224 54 210
0.2944 0.5346 0.3491 225 54 209
0.2933 0.5348 0.3500 225 54 209
0.2922 0.5349 0.3510 225 54 209
0.2912 0.5350 0.3520 225 54 208
0.2901 0.5351 0.3529 226 54 208
0.2890 0.5353 0.3539 226 54 208
0.2880 0.5354 0.3548 226 54 208
0.2869 0.5355 0.3558 226 54 207
0.2858 0.5356 0.3567 227 54 207
0.2847 0.5357 0.3577 227 54 207
0.2836 0.5359 0.3586 227 54 206
0.2825 0.5360 0.3596 227 54 206
0.2814 0.5361 0.3605 228 54 206
0.2803 0.5363 0.3614 228 54 205
0.2792 0.5364 0.3623 228 54 205
0.2781 0.5365 0.3633 228 54 205
0.2770 0.5366 0.3642 229 54 204
0.2759 0.5368 0.3651 229 54 204
0.2748 0.5369 0.3660 229 54 204
0.2737 0.5370 0.3669 229 54 203
0.2726 0.5371 0.3678 230 54 203
0.2715 0.5373 0.3687 230 54 203
0.2703 0.5374 0.3696 230 54 202
0.2692 0.5375 0.3705 230 54 202
0.2681 0.5376 0.3714 230 54 202
0.2669 0.5378 0.3723 231 54 202
0.2658 0.5379 0.3732 231 54 201
0.2647 0.5380 0.3741 231 54 201
0.2635 0.5381 0.3750 231 54 201
0.2624 0.5383 0.3758 232 54 200
0.2612 0.5384 0.3767 232 54 200
0.2601 0.5385 0.3776 232 54 200
0.2589 0.5386 0.3784 232 54 199
0.2578 0.5387 0.3793 233 54 199
0.2566 0.5389 0.3802 233 54 199
0.2554 0.5390 0.3810 233 54 198
0.2543 0.5391 0.3819 233 54 198
0.2531 0.5393 0.3827 233 55 198
0.2519 0.5394 0.3836 234 55 197
0.2508 0.5395 0.3844 234 55 197
0.2496 0.5396 0.3852 234 55 197
0.2484 0.5398 0.3861 234 55 196
0.2472 0.5399 0.3869 235 55 196
0.2461 0.5400 0.3877 235 55 196
0.2449 0.5401 0.3885 235 55 195
0.2437 0.5403 0.3894 235 55 195
0.2425 0.5404 0.3902 235 55 195
0.2413 0.5405 0.3910 236 55 194
0.2401 0.5406 0.3918 236 55 194
0.2389 0.5407 0.3926 236 55 194
0.2377 0.5409 0.3934 236 55 193
0.2365 0.5410 0.3942 236 55 193
0.2353 0.5411 0.3950 237 55 192
0.2341 0.5413 0.3958 237 55 192
0.2328 0.5414 0.3966 237 55 192
0.2316 0.5415 0.3973 237 55 191
0.2304 0.5416 0.3981 237 55 191
0.2292 0.5417 0.3989 238 55 191
0.2280 0.5419 0.3997 238 55 190
0.2267 0.5420 0.4004 238 55 190
0.2255 0.5421 0.4012 238 55 190
0.2243 0.5423 0.4019 238 55 189
0.2230 0.5424 0.4027 239 55 189
0.2218 0.5425 0.4035 239 55 189
0.2206 0.5426 0.4042 239 55 188
0.2193 0.5427 0.4049 239 55 188
0.2181 0.5429 0.4057 239 55 188
0.2168 0.5430 0.4064 240 55 187
0.2156 0.5431 0.4072 240 55 187
0.2143 0.5433 0.4079 240 55 187
0.2131 0.5434 0.4086 240 55 186
0.2118 0.5435 0.4093 240 55 186
0.2106 0.5436 0.4100 240 55 186
0.2093 0.5437 0.4108 241 55 185
0.2080 0.5439 0.4115 241 55 185
0.2068 0.5440 0.4122 241 55 184
0.2055 0.5441 0.4129 241 55 184
0.2042 0.5443 0.4136 241 55 184
0.2029 0.5444 0.4143 242 55 183
0.2017 0.5445 0.4149 242 55 183
0.2004 0.5446 0.4156 242 55 183
0.1991 0.5448 0.4163 242 55 182
0.1978 0.5449 0.4170 242 55 182
0.1965 0.5450 0.4177 242 55 182
0.1953 0.5451 0.4183 243 55 181
0.1940 0.5453 0.4190 243 55 181
0.1927 0.5454 0.4197 243 55 180
0.1914 0.5455 0.4203 243 55 180
0.1901 0.5456 0.4210 243 55 180
0.1888 0.5457 0.4216 243 55 179
0.1875 0.5459 0.4223 244 55 179
0.1862 0.5460 0.4229 244 55 179
0.1849 0.5461 0.4236 244 55 178
0.1836 0.5463 0.4242 244 55 178
0.1823 0.5464 0.4248 244 55 178
0.1809 0.5465 0.4254 244 55 177
0.1796 0.5466 0.4261 245 55 177
0.1783 0.5468 0.4267 245 55 176
0.1770 0.5469 0.4273 245 55 176
0.1757 0.5470 0.4279 245 55 176
0.1743 0.5471 0.4285 245 55 175
0.1730 0.5473 0.4291 245 55 175
0.1717 0.5474 0.4297 245 55 175
0.1704 0.5475 0.4303 246 55 174
0.1690 0.5476 0.4309 246 55 174
0.1677 0.5477 0.4315 246 55 174
0.1664 0.5479 0.4321 246 55 173
0.1650 0.5480 0.4326 246 55 173
0.1637 0.5481 0.4332 246 55 172
0.1624 0.5483 0.4338 246 55 172
0.1610 0.5484 0.4343 247 55 172
0.1597 0.5485 0.4349 247 55 171
0.1583 0.5486 0.4355 247 55 171
0.1570 0.5487 0.4360 247 55 171
0.1556 0.5489 0.4366 247 55 170
0.1543 0.5490 0.4371 247 55 170
0.1529 0.5491 0.4376 247 56 169
0.1516 0.5493 0.4382 248 56 169
0.1502 0.5494 0.4387 248 56 169
0.1488 0.5495 0.4392 248 56 168
0.1475 0.5496 0.4397 248 56 168
0.1461 0.5498 0.4403 248 56 168
0.1448 0.5499 0.4408 248 56 167
0.1434 0.5500 0.4413 248 56 167
0.1420 0.5501 0.4418 248 56 166
0.1406 0.5503 0.4423 249 56 166
0.1393 0.5504 0.4428 249 56 166
0.1379 0.5505 0.4433 249 56 165
0.1365 0.5506 0.4438 249 56 165
0.1351 0.5507 0.4443 249 56 164
0.1338 0.5509 0.4447 249 56 164
0.1324 0.5510 0.4452 249 56 164
0.1310 0.5511 0.4457 249 56 163
0.1296 0.5513 0.4462 249 56 163
0.1282 0.5514 0.4466 250 56 163
0.1268 0.5515 0.4471 250 56 162
0.1255 0.5516 0.4475 250 56 162
0.1241 0.5517 0.4480 250 56 161
0.1227 0.5519 0.4484 250 56 161
0.1213 0.5520 0.4489 250 56 161
0.1199 0.5521 0.4493 250 56 160
0.1185 0.5523 0.4497 250 56 160
0.1171 0.5524 0.4502 250 56 159
0.1157 0.5525 0.4506 251 56 159
0.1143 0.5526 0.4510 251 56 159
0.1129 0.5527 0.4514 251 56 158
0.1115 0.5529 0.4518 251 56 158
0.1101 0.5530 0.4522 251 56 158
0.1087 0.5531 0.4526 251 56 157
0.1073 0.5533 0.4530 251 56 157
0.1058 0.5534 0.4534 251 56 156
0.1044 0.5535 0.4538 251 56 156
0.1030 0.5536 0.4542 251 56 156
0.1016 0.5537 0.4546 251 56 155
0.1002 0.5539 0.4550 252 56 155
0.0988 0.5540 0.4553 252 56 154
0.0974 0.5541 0.4557 252 56 154
0.0959 0.5543 0.4561 252 56 154
0.0945 0.5544 0.4564 252 56 153
0.0931 0.5545 0.4568 252 56 153
0.0917 0.5546 0.4571 252 56 152
0.0902 0.5547 0.4575 252 56 152
0.0888 0.5549 0.4578 252 56 152
0.0874 0.5550 0.4581 252 56 151
0.0860 0.5551 0.4585 252 56 151
0.0845 0.5553 0.4588 252 56 151
0.0831 0.5554 0.4591 252 56 150
0.0817 0.5555 0.4594 253 56 150
0.0802 0.5556 0.4598 253 56 149
0.0788 0.5557 0.4601 253 56 149
0.0774 0.5559 0.4604 253 56 149
0.0759 0.5560 0.4607 253 56 148
0.0745 0.5561 0.4610 253 56 148
0.0731 0.5563 0.4613 253 56 147
0.0716 0.5564 0.4615 253 56 147
0.0702 0.5565 0.4618 253 56 147
0.0687 0.5566 0.4621 253 56 146
0.0673 0.5568 0.4624 253 56 146
0.0658 0.5569 0.4626 253 56 145
0.0644 0.5570 0.4629 253 56 145
0.0630 0.5571 0.4632 253 56 145
0.0615 0.5573 0.4634 253 56 144
0.0601 0.5574 0.4637 253 56 144
0.0586 0.5575 0.4639 253 56 143
0.0572 0.5576 0.4642 254 56 143
0.0557 0.5577 0.4644 254 56 143
0.0543 0.5579 0.4646 254 56 142
0.0528 0.5580 0.4649 254 56 142
0.0513 0.5581 0.4651 254 56 141
0.0499 0.5583 0.4653 254 56 141
0.0484 0.5584 0.4655 254 56 141
0.0470 0.5585 0.4657 254 56 140
0.0455 0.5586 0.4659 254 56 140
0.0441 0.5587 0.4661 254 56 139
0.0426 0.5589 0.4663 254 57 139
0.0411 0.5590 0.4665 254 57 139
0.0397 0.5591 0.4667 254 57 138
0.0382 0.5593 0.4669 254 57 138
0.0368 0.5594 0.4671 254 57 137
0.0353 0.5595 0.4672 254 57 137
0.0338 0.5596 0.4674 254 57 137
0.0324 0.5597 0.4676 254 57 136
0.0309 0.5599 0.4677 254 57 136
0.0294 0.5600 0.4679 254 57 135
0.0280 0.5601 0.4680 254 57 135
0.0265 0.5603 0.4682 254 57 135
0.0250 0.5604 0.4683 254 57 134
0.0236 0.5605 0.4684 254 57 134
0.0221 0.5606 0.4686 254 57 133
0.0206 0.5607 0.4687 254 57 133
0.0192 0.5609 0.4688 254 57 133
0.0177 0.5610 0.4689 254 57 132
0.0162 0.5611 0.4691 254 57 132
0.0147 0.5613 0.4692 254 57 131
0.0133 0.5614 0.4693 254 57 131
0.0118 0.5615 0.4694 254 57 131
0.0103 0.5616 0.4695 254 57 130
0.0089 0.5617 0.4696 254 57 130
0.0074 0.5619 0.4696 254 57 129
0.0059 0.5620 0.4697 254 57 129
0.0044 0.5621 0.4698 254 57 129
0.0030 0.5622 0.4699 254 57 128
0.0015 0.5624 0.4699 254 57 128
0.0000 0.5625 0.4700 255 57 128
-0.0015 0.5626 0.4701 254 57 127
-0.0030 0.5627 0.4701 254 57 127
-0.0044 0.5629 0.4702 254 57 126
-0.0059 0.5630 0.4702 254 57 126
-0.0074 0.5631 0.4702 254 57 126
-0.0089 0.5633 0.4703 254 57 125
-0.0103 0.5634 0.4703 254 57 125
-0.0118 0.5635 0.4703 254 57 124
-0.0133 0.5636 0.4704 254 57 124
-0.0148 0.5637 0.4704 254 57 124
-0.0163 0.5639 0.4704 254 57 123
-0.0177 0.5640 0.4704 254 57 123
-0.0192 0.5641 0.4704 254 57 122
-0.0207 0.5643 0.4704 254 57 122
-0.0222 0.5644 0.4704 254 57 122
-0.0237 0.5645 0.4704 254 57 121
-0.0251 0.5646 0.4703 254 57 121
-0.0266 0.5647 0.4703 254 57 120
-0.0281 0.5649 0.4703 254 57 120
-0.0296 0.5650 0.4703 254 57 120
-0.0311 0.5651 0.4702 254 57 119
-0.0325 0.5653 0.4702 254 57 119
-0.0340 0.5654 0.4701 254 57 118
-0.0355 0.5655 0.4701 254 57 118
-0.0370 0.5656 0.4700 254 57 118
-0.0385 0.5657 0.4700 254 57 117
-0.0400 0.5659 0.4699 254 57 117
-0.0414 0.5660 0.4699 254 57 116
-0.0429 0.5661 0.4698 254 57 116
-0.0444 0.5663 0.4697 254 57 116
-0.0459 0.5664 0.4696 254 57 115
-0.0474 0.5665 0.4695 254 57 115
-0.0488 0.5666 0.4694 254 57 114
-0.0503 0.5668 0.4693 254 57 114
-0.0518 0.5669 0.4692 254 57 114
-0.0533 0.5670 0.4691 254 57 113
-0.0548 0.5671 0.4690 254 57 113
-0.0562 0.5673 0.4689 254 57 112
-0.0577 0.5674 0.4688 254 57 112
-0.0592 0.5675 0.4687 253 57 112
-0.0607 0.5676 0.4685 253 57 111
-0.0622 0.5677 0.4684 253 57 111
-0.0636 0.5679 0.4683 253 57 110
-0.0651 0.5680 0.4681 253 57 110
-0.0666 0.5681 0.4680 253 57 110
-0.0681 0.5683 0.4678 253 57 109
-0.0696 0.5684 0.4677 253 57 109
-0.0710 0.5685 0.4675 253 57 108
-0.0725 0.5686 0.4673 253 57 108
-0.0740 0.5687 0.4672 253 58 108
-0.0755 0.5689 0.4670 253 58 107
-0.0769 0.5690 0.4668 253 58 107
-0.0784 0.5691 0.4666 253 58 106
-0.0799 0.5693 0.4664 253 58 106
-0.0814 0.5694 0.4663 253 58 106
-0.0828 0.5695 0.4661 253 58 105
-0.0843 0.5696 0.4658 252 58 105
-0.0858 0.5697 0.4656 252 58 104
-0.0873 0.5699 0.4654 252 58 104
-0.0887 0.5700 0.4652 252 58 104
-0.0902 0.5701 0.4650 252 58 103
-0.0917 0.5703 0.4648 252 58 103
-0.0932 0.5704 0.4645 252 58 103
-0.0946 0.5705 0.4643 252 58 102
-0.0961 0.5706 0.4641 252 58 102
-0.0976 0.5707 0.4638 252 58 101
-0.0990 0.5709 0.4636 252 58 101
-0.1005 0.5710 0.4633 252 58 101
-0.1020 0.5711 0.4630 252 58 100
-0.1034 0.5713 0.4628 251 58 100
-0.1049 0.5714 0.4625 251 58 99
-0.1064 0.5715 0.4622 251 58 99
-0.1078 0.5716 0.4620 251 58 99
-0.1093 0.5717 0.4617 251 58 98
-0.1108 0.5719 0.4614 251 58 98
-0.1122 0.5720 0.4611 251 58 97
-0.1137 0.5721 0.4608 251 58 97
-0.1152 0.5722 0.4605 251 58 97
-0.1166 0.5724 0.4602 251 58 96
-0.1181 0.5725 0.4599 251 58 96
-0.1195 0.5726 0.4596 250 58 96
-0.1210 0.5727 0.4592 250 58 95
-0.1225 0.5729 0.4589 250 58 95
-0.1239 0.5730 0.4586 250 58 94
-0.1254 0.5731 0.4583 250 58 94
-0.1268 0.5733 0.4579 250 58 94
-0.1283 0.5734 0.4576 250 58 93
-0.1297 0.5735 0.4572 250 58 93
-0.1312 0.5736 0.4569 250 58 92
-0.1326 0.5737 0.4565 249 58 92
-0.1341 0.5739 0.4562 249 58 92
-0.1355 0.5740 0.4558 249 58 91
-0.1370 0.5741 0.4554 249 58 91
-0.1384 0.5742 0.4551 249 58 91
-0.1399 0.5744 0.4547 249 58 90
-0.1413 0.5745 0.4543 249 58 90
-0.1428 0.5746 0.4539 249 58 89
-0.1442 0.5747 0.4535 249 58 89
-0.1457 0.5749 0.4531 248 58 89
-0.1471 0.5750 0.4527 248 58 88
-0.1485 0.5751 0.4523 248 58 88
-0.1500 0.5753 0.4519 248 58 87
-0.1514 0.5754 0.4515 248 58 87
-0.1528 0.5755 0.4510 248 58 87
-0.1543 0.5756 0.4506 248 58 86
-0.1557 0.5757 0.4502 248 58 86
-0.1571 0.5759 0.4498 247 58 86
-0.1586 0.5760 0.4493 247 58 85
-0.1600 0.5761 0.4489 247 58 85
-0.1614 0.5763 0.4484 247 58 84
-0.1629 0.5764 0.4480 247 58 84
-0.1643 0.5765 0.4475 247 58 84
-0.1657 0.5766 0.4471 247 58 83
-0.1671 0.5767 0.4466 246 58 83
-0.1686 0.5769 0.4461 246 58 83
-0.1700 0.5770 0.4456 246 58 82
-0.1714 0.5771 0.4452 246 58 82
-0.1728 0.5773 0.4447 246 58 81
-0.1743 0.5774 0.4442 246 58 81
-0.1757 0.5775 0.4437 246 58 81
-0.1771 0.5776 0.4432 245 58 80
-0.1785 0.5777 0.4427 245 58 80
-0.1799 0.5779 0.4422 245 58 80
-0.1813 0.5780 0.4417 245 58 79
-0.1827 0.5781 0.4412 245 58 79
-0.1841 0.5783 0.4406 245 58 79
-0.1855 0.5784 0.4401 245 58 78
-0.1870 0.5785 0.4396 244 59 78
-0.1884 0.5786 0.4390 244 59 77
-0.1898 0.5787 0.4385 244 59 77
-0.1912 0.5789 0.4380 244 59 77
-0.1926 0.5790 0.4374 244 59 76
-0.1940 0.5791 0.4369 244 59 76
-0.1954 0.5792 0.4363 243 59 76
-0.1967 0.5794 0.4357 243 59 75
-0.1981 0.5795 0.4352 243 59 75
-0.1995 0.5796 0.4346 243 59 75
-0.2009 0.5797 0.4340 243 59 74
-0.2023 0.5799 0.4335 243 59 74
-0.2037 0.5800 0.4329 242 59 73
-0.2051 0.5801 0.4323 242 59 73
-0.2065 0.5803 0.4317 242 59 73
-0.2078 0.5804 0.4311 242 59 72
-0.2092 0.5805 0.4305 242 59 72
-0.2106 0.5806 0.4299 242 59 72
-0.2120 0.5807 0.4293 241 59 71
-0.2133 0.5809 0.4287 241 59 71
-0.2147 0.5810 0.4280 241 59 71
-0.2161 0.5811 0.4274 241 59 70
-0.2175 0.5813 0.4268 241 59 70
-0.2188 0.5814 0.4262 240 59 69
-0.2202 0.5815 0.4255 240 59 69
-0.2216 0.5816 0.4249 240 59 69
-0.2229 0.5817 0.4242 240 59 68
-0.2243 0.5819 0.4236 240 59 68
-0.2256 0.5820 0.4229 240 59 68
-0.2270 0.5821 0.4223 239 59 67
-0.2283 0.5822 0.4216 239 59 67
-0.2297 0.5824 0.4209 239 59 67
-0.2310 0.5825 0.4203 239 59 66
-0.2324 0.5826 0.4196 239 59 66
-0.2337 0.5827 0.4189 238 59 66
-0.2351 0.5829 0.4182 238 59 65
-0.2364 0.5830 0.4175 238 59 65
-0.2378 0.5831 0.4169 238 59 65
-0.2391 0.5833 0.4162 238 59 64
-0.2404 0.5834 0.4155 237 59 64
-0.2418 0.5835 0.4148 237 59 64
-0.2431 0.5836 0.4140 237 59 63
-0.2444 0.5837 0.4133 237 59 63
-0.2458 0.5839 0.4126 237 59 63
-0.2471 0.5840 0.4119 236 59 62
-0.2484 0.5841 0.4112 236 59 62
-0.2497 0.5842 0.4104 236 59 61
-0.2511 0.5844 0.4097 236 59 61
-0.2524 0.5845 0.4090 236 59 61
-0.2537 0.5846 0.4082 235 59 60
-0.2550 0.5847 0.4075 235 59 60
-0.2563 0.5849 0.4067 235 59 60
-0.2576 0.5850 0.4060 235 59 59
-0.2589 0.5851 0.4052 235 59 59
-0.2602 0.5853 0.4044 234 59 59
-0.2615 0.5854 0.4037 234 59 58
-0.2628 0.5855 0.4029 234 59 58
-0.2641 0.5856 0.4021 234 59 58
-0.2654 0.5857 0.4013 233 59 57
-0.2667 0.5859 0.4005 233 59 57
-0.2680 0.5860 0.3997 233 59 57
-0.2693 0.5861 0.3990 233 59 56
-0.2706 0.5862 0.3982 233 59 56
-0.2719 0.5864 0.3974 232 59 56
-0.2732 0.5865 0.3965 232 59 55
-0.2744 0.5866 0.3957 232 59 55
-0.2757 0.5867 0.3949 232 59 55
-0.2770 0.5869 0.3941 231 59 54
-0.2783 0.5870 0.3933 231 59 54
-0.2795 0.5871 0.3925 231 59 54
-0.2808 0.5873 0.3916 231 59 53
-0.2821 0.5874 0.3908 230 59 53
-0.2833 0.5875 0.3899 230 59 53
-0.2846 0.5876 0.3891 230 59 53
-0.2858 0.5877 0.3883 230 59 52
-0.2871 0.5879 0.3874 230 59 52
-0.2883 0.5880 0.3865 229 59 52
-0.2896 0.5881 0.3857 229 59 51
-0.2908 0.5883 0.3848 229 60 51
-0.2921 0.5884 0.3840 229 60 51
-0.2933 0.5885 0.3831 228 60 50
-0.2946 0.5886 0.3822 228 60 50
-0.2958 0.5887 0.3813 228 60 50
-0.2970 0.5889 0.3804 228 60 49
-0.2983 0.5890 0.3796 227 60 49
-0.2995 0.5891 0.3787 227 60 49
-0.3007 0.5892 0.3778 227 60 48
-0.3019 0.5894 0.3769 227 60 48
-0.3031 0.5895 0.3760 226 60 48
-0.3044 0.5896 0.3751 226 60 47
-0.3056 0.5897 0.3741 226 60 47
-0.3068 0.5899 0.3732 226 60 47
-0.3080 0.5900 0.3723 225 60 47
-0.3092 0.5901 0.3714 225 60 46
-0.3104 0.5903 0.3705 225 60 46
-0.3116 0.5904 0.3695 225 60 46
-0.3128 0.5905 0.3686 224 60 45
-0.3140 0.5906 0.3677 224 60 45
-0.3152 0.5907 0.3667 224 60 45
-0.3164 0.5909 0.3658 224 60 44
-0.3176 0.5910 0.3648 223 60 44
-0.3188 0.5911 0.3639 223 60 44
-0.3199 0.5912 0.3629 223 60 44
-0.3211 0.5914 0.3619 222 60 43
-0.3223 0.5915 0.3610 222 60 43
-0.3235 0.5916 0.3600 222 60 43
-0.3246 0.5917 0.3590 222 60 42
-0.3258 0.5919 0.3581 221 60 42
-0.3270 0.5920 0.3571 221 60 42
-0.3281 0.5921 0.3561 221 60 41
-0.3293 0.5922 0.3551 221 60 41
-0.3304 0.5924 0.3541 220 60 41
-0.3316 0.5925 0.3531 220 60 41
-0.3327 0.5926 0.3521 220 60 40
-0.3339 0.5927 0.3511 220 60 40
-0.3350 0.5929 0.3501 219 60 40
-0.3362 0.5930 0.3491 219 60 39
-0.3373 0.5931 0.3481 219 60 39
-0.3384 0.5933 0.3471 218 60 39
-0.3396 0.5934 0.3460 218 60 39
-0.3407 0.5935 0.3450 218 60 38
-0.3418 0.5936 0.3440 218 60 38
-0.3429 0.5938 0.3429 217 60 38
-0.3441 0.5939 0.3419 217 60 37
-0.3452 0.5940 0.3409 217 60 37
-0.3463 0.5941 0.3398 216 60 37
-0.3474 0.5942 0.3388 216 60 37
-0.3485 0.5944 0.3377 216 60 36
-0.3496 0.5945 0.3367 216 60 36
-0.3507 0.5946 0.3356 215 60 36
-0.3518 0.5948 0.3346 215 60 35
-0.3529 0.5949 0.3335 215 60 35
-0.3540 0.5950 0.3324 214 60 35
-0.3551 0.5951 0.3313 214 60 35
-0.3562 0.5953 0.3303 214 60 34
-0.3572 0.5954 0.3292 214 60 34
-0.3583 0.5955 0.3281 213 60 34
-0.3594 0.5956 0.3270 213 60 34
-0.3605 0.5958 0.3259 213 60 33
-0.3615 0.5959 0.3248 212 60 33
-0.3626 0.5960 0.3237 212 60 33
-0.3636 0.5961 0.3226 212 60 33
-0.3647 0.5962 0.3215 211 60 32
-0.3658 0.5964 0.3204 211 60 32
-0.3668 0.5965 0.3193 211 60 32
-0.3679 0.5966 0.3182 211 60 31
-0.3689 0.5968 0.3171 210 60 31
-0.3699 0.5969 0.3160 210 60 31
-0.3710 0.5970 0.3148 210 60 31
-0.3720 0.5971 0.3137 209 60 30
-0.3730 0.5973 0.3126 209 60 30
-0.3741 0.5974 0.3114 209 60 30
-0.3751 0.5975 0.3103 208 60 30
-0.3761 0.5976 0.3092 208 60 29
-0.3771 0.5978 0.3080 208 60 29
-0.3781 0.5979 0.3069 208 60 29
-0.3791 0.5980 0.3057 207 60 29
-0.3801 0.5981 0.3046 207 61 28
-0.3811 0.5983 0.3034 207 61 28
-0.3821 0.5984 0.3022 206 61 28
-0.3831 0.5985 0.3011 206 61 28
-0.3841 0.5986 0.2999 206 61 27
-0.3851 0.5988 0.2987 205 61 27
-0.3861 0.5989 0.2976 205 61 27
-0.3871 0.5990 0.2964 205 61 27
-0.3881 0.5991 0.2952 204 61 26
-0.3890 0.5992 0.2940 204 61 26
-0.3900 0.5994 0.2928 204 61 26
-0.3910 0.5995 0.2916 203 61 26
-0.3919 0.5996 0.2904 203 61 25
-0.3929 0.5998 0.2892 203 61 25
-0.3938 0.5999 0.2880 202 61 25
-0.3948 0.6000 0.2868 202 61 25
-0.3957 0.6001 0.2856 202 61 25
-0.3967 0.6003 0.2844 202 61 24
-0.3976 0.6004 0.2832 201 61 24
-0.3986 0.6005 0.2820 201 61 24
-0.3995 0.6006 0.2808 201 61 24
-0.4004 0.6008 0.2796 200 61 23
-0.4014 0.6009 0.2783 200 61 23
-0.4023 0.6010 0.2771 200 61 23
-0.4032 0.6011 0.2759 199 61 23
-0.4041 0.6012 0.2746 199 61 22
-0.4050 0.6014 0.2734 199 61 22
-0.4059 0.6015 0.2722 198 61 22
-0.4068 0.6016 0.2709 198 61 22
-0.4077 0.6018 0.2697 198 61 22
-0.4086 0.6019 0.2684 197 61 21
-0.4095 0.6020 0.2672 197 61 21
-0.4104 0.6021 0.2659 197 61 21
-0.4113 0.6022 0.2647 196 61 21
-0.4122 0.6024 0.2634 196 61 20
-0.4130 0.6025 0.2621 196 61 20
-0.4139 0.6026 0.2609 195 61 20
-0.4148 0.6028 0.2596 195 61 20
-0.4157 0.6029 0.2583 195 61 20
-0.4165 0.6030 0.2570 194 61 19
-0.4174 0.6031 0.2558 194 61 19
-0.4182 0.6032 0.2545 194 61 19
-0.4191 0.6034 0.2532 193 61 19
-0.4199 0.6035 0.2519 193 61 19
-0.4208 0.6036 0.2506 192 61 18
-0.4216 0.6038 0.2493 192 61 18
-0.4224 0.6039 0.2480 192 61 18
-0.4233 0.6040 0.2467 191 61 18
-0.4241 0.6041 0.2454 191 61 18
-0.4249 0.6042 0.2441 191 61 17
-0.4257 0.6044 0.2428 190 61 17
-0.4265 0.6045 0.2415 190 61 17
-0.4273 0.6046 0.2402 190 61 17
-0.4281 0.6048 0.2389 189 61 17
-0.4289 0.6049 0.2376 189 61 16
-0.4297 0.6050 0.2363 189 61 16
-0.4305 0.6051 0.2349 188 61 16
-0.4313 0.6053 0.2336 188 61 16
-0.4321 0.6054 0.2323 188 61 16
-0.4329 0.6055 0.2309 187 61 15
-0.4337 0.6056 0.2296 187 61 15
-0.4344 0.6058 0.2283 187 61 15
-0.4352 0.6059 0.2269 186 61 15
-0.4360 0.6060 0.2256 186 61 15
-0.4367 0.6061 0.2243 186 61 15
-0.4375 0.6062 0.2229 185 61 14
-0.4382 0.6064 0.2216 185 61 14
-0.4390 0.6065 0.2202 184 61 14
-0.4397 0.6066 0.2189 184 61 14
-0.4405 0.6068 0.2175 184 61 14
-0.4412 0.6069 0.2161 183 61 13
-0.4419 0.6070 0.2148 183 61 13
-0.4427 0.6071 0.2134 183 61 13
-0.4434 0.6073 0.2121 182 61 13
-0.4441 0.6074 0.2107 182 61 13
-0.4448 0.6075 0.2093 182 61 13
-0.4455 0.6076 0.2079 181 61 12
-0.4462 0.6078 0.2066 181 61 12
-0.4469 0.6079 0.2052 180 62 12
-0.4476 0.6080 0.2038 180 62 12
-0.4483 0.6081 0.2024 180 62 12
-0.4490 0.6082 0.2010 179 62 12
-0.4497 0.6084 0.1997 179 62 11
-0.4504 0.6085 0.1983 179 62 11
-0.4510 0.6086 0.1969 178 62 11
-0.4517 0.6088 0.1955 178 62 11
-0.4524 0.6089 0.1941 178 62 11
-0.4530 0.6090 0.1927 177 62 11
-0.4537 0.6091 0.1913 177 62 10
-0.4544 0.6092 0.1899 176 62 10
-0.4550 0.6094 0.1885 176 62 10
-0.4557 0.6095 0.1871 176 62 10
-0.4563 0.6096 0.1857 175 62 10
-0.4569 0.6098 0.1842 175 62 10
-0.4576 0.6099 0.1828 175 62 10
-0.4582 0.6100 0.1814 174 62 9
-0.4588 0.6101 0.1800 174 62 9
-0.4594 0.6103 0.1786 174 62 9
-0.4601 0.6104 0.1772 173 62 9
-0.4607 0.6105 0.1757 173 62 9
-0.4613 0.6106 0.1743 172 62 9
-0.4619 0.6108 0.1729 172 62 9
-0.4625 0.6109 0.1714 172 62 8
-0.4631 0.6110 0.1700 171 62 8
-0.4636 0.6111 0.1686 171 62 8
-0.4642 0.6112 0.1671 171 62 8
-0.4648 0.6114 0.1657 170 62 8
-0.4654 0.6115 0.1643 170 62 8
-0.4660 0.6116 0.1628 169 62 8
-0.4665 0.6118 0.1614 169 62 7
-0.4671 0.6119 0.1599 169 62 7
-0.4676 0.6120 0.1585 168 62 7
-0.4682 0.6121 0.1570 168 62 7
-0.4687 0.6122 0.1556 168 62 7
-0.4693 0.6124 0.1541 167 62 7
-0.4698 0.6125 0.1527 167 62 7
-0.4704 0.6126 0.1512 166 62 7
-0.4709 0.6128 0.1497 166 62 6
-0.4714 0.6129 0.1483 166 62 6
-0.4719 0.6130 0.1468 165 62 6
-0.4724 0.6131 0.1453 165 62 6
-0.4730 0.6132 0.1439 164 62 6
-0.4735 0.6134 0.1424 164 62 6
-0.4740 0.6135 0.1409 164 62 6
-0.4745 0.6136 0.1395 163 62 6
-0.4750 0.6138 0.1380 163 62 6
-0.4755 0.6139 0.1365 163 62 5
-0.4759 0.6140 0.1350 162 62 5
-0.4764 0.6141 0.1336 162 62 5
-0.4769 0.6142 0.1321 161 62 5
-0.4774 0.6144 0.1306 161 62 5
-0.4778 0.6145 0.1291 161 62 5
-0.4783 0.6146 0.1276 160 62 5
-0.4787 0.6148 0.1261 160 62 5
-0.4792 0.6149 0.1246 159 62 5
-0.4796 0.6150 0.1232 159 62 4
-0.4801 0.6151 0.1217 159 62 4
-0.4805 0.6153 0.1202 158 62 4
-0.4810 0.6154 0.1187 158 62 4
-0.4814 0.6155 0.1172 158 62 4
-0.4818 0.6156 0.1157 157 62 4
-0.4822 0.6158 0.1142 157 62 4
-0.4826 0.6159 0.1127 156 62 4
-0.4831 0.6160 0.1112 156 62 4
-0.4835 0.6161 0.1097 156 62 4
-0.4839 0.6162 0.1082 155 62 4
-0.4843 0.6164 0.1066 155 62 3
-0.4846 0.6165 0.1051 154 62 3
-0.4850 0.6166 0.1036 154 62 3
-0.4854 0.6168 0.1021 154 62 3
-0.4858 0.6169 0.1006 153 62 3
-0.4862 0.6170 0.0991 153 62 3
-0.4865 0.6171 0.0976 152 62 3
-0.4869 0.6173 0.0961 152 62 3
-0.4873 0.6174 0.0945 152 62 3
-0.4876 0.6175 0.0930 151 62 3
-0.4880 0.6176 0.0915 151 62 3
-0.4883 0.6178 0.0900 151 63 3
-0.4886 0.6179 0.0884 150 63 3
-0.4890 0.6180 0.0869 150 63 2
-0.4893 0.6181 0.0854 149 63 2
-0.4896 0.6182 0.0839 149 63 2
-0.4899 0.6184 0.0823 149 63 2
-0.4903 0.6185 0.0808 148 63 2
-0.4906 0.6186 0.0793 148 63 2
-0.4909 0.6188 0.0777 147 63 2
-0.4912 0.6189 0.0762 147 63 2
-0.4915 0.6190 0.0747 147 63 2
-0.4918 0.6191 0.0731 146 63 2
-0.4921 0.6192 0.0716 146 63 2
-0.4923 0.6194 0.0701 145 63 2
-0.4926 0.6195 0.0685 145 63 2
-0.4929 0.6196 0.0670 145 63 2
-0.4932 0.6198 0.0655 144 63 2
-0.4934 0.6199 0.0639 144 63 2
-0.4937 0.6200 0.0624 143 63 2
-0.4939 0.6201 0.0608 143 63 1
-0.4942 0.6202 0.0593 143 63 1
-0.4944 0.6204 0.0577 142 63 1
-0.4947 0.6205 0.0562 142 63 1
-0.4949 0.6206 0.0546 141 63 1
-0.4951 0.6208 0.0531 141 63 1
-0.4953 0.6209 0.0515 141 63 1
-0.4956 0.6210 0.0500 140 63 1
-0.4958 0.6211 0.0484 140 63 1
-0.4960 0.6212 0.0469 139 63 1
-0.4962 0.6214 0.0453 139 63 1
-0.4964 0.6215 0.0438 139 63 1
-0.4966 0.6216 0.0422 138 63 1
-0.4968 0.6218 0.0407 138 63 1
-0.4970 0.6219 0.0391 137 63 1
-0.4971 0.6220 0.0376 137 63 1
-0.4973 0.6221 0.0360 137 63 1
-0.4975 0.6222 0.0344 136 63 1
-0.4977 0.6224 0.0329 136 63 1
-0.4978 0.6225 0.0313 135 63 1
-0.4980 0.6226 0.0298 135 63 1
-0.4981 0.6227 0.0282 135 63 1
-0.4983 0.6229 0.0266 134 63 1
-0.4984 0.6230 0.0251 134 63 1
-0.4985 0.6231 0.0235 133 63 1
-0.4987 0.6232 0.0219 133 63 1
-0.4988 0.6234 0.0204 133 63 1
-0.4989 0.6235 0.0188 132 63 1
-0.4990 0.6236 0.0173 132 63 1
-0.4992 0.6238 0.0157 131 63 1
-0.4993 0.6239 0.0141 131 63 1
-0.4994 0.6240 0.0126 131 63 1
-0.4995 0.6241 0.0110 130 63 1
-0.4996 0.6242 0.0094 130 63 1
-0.4996 0.6244 0.0078 129 63 1
-0.4997 0.6245 0.0063 129 63 1
-0.4998 0.6246 0.0047 129 63 1
-0.4999 0.6248 0.0031 128 63 1
-0.4999 0.6249 0.0016 128 63 1
-0.5000 0.6250 0.0000 128 63 1
-0.5001 0.6251 -0.0016 127 63 1
-0.5001 0.6252 -0.0031 127 63 1
-0.5002 0.6254 -0.0047 126 63 1
-0.5002 0.6255 -0.0063 126 63 1
-0.5002 0.6256 -0.0079 126 63 1
-0.5003 0.6258 -0.0094 125 63 1
-0.5003 0.6259 -0.0110 125 63 1
-0.5003 0.6260 -0.0126 124 63 1
-0.5003 0.6261 -0.0142 124 63 1
-0.5004 0.6262 -0.0157 124 63 1
-0.5004 0.6264 -0.0173 123 63 1
-0.5004 0.6265 -0.0189 123 63 1
-0.5004 0.6266 -0.0204 122 63 1
-0.5004 0.6267 -0.0220 122 63 1
-0.5003 0.6269 -0.0236 122 63 1
-0.5003 0.6270 -0.0252 121 63 1
-0.5003 0.6271 -0.0267 121 63 1
-0.5003 0.6273 -0.0283 120 63 1
-0.5002 0.6274 -0.0299 120 63 1
-0.5002 0.6275 -0.0315 120 64 1
-0.5002 0.6276 -0.0330 119 64 1
-0.5001 0.6278 -0.0346 119 64 1
-0.5001 0.6279 -0.0362 118 64 1
-0.5000 0.6280 -0.0378 118 64 1
-0.5000 0.6281 -0.0393 118 64 1
-0.4999 0.6283 -0.0409 117 64 1
-0.4998 0.6284 -0.0425 117 64 1
-0.4997 0.6285 -0.0441 116 64 1
-0.4997 0.6286 -0.0456 116 64 1
-0.4996 0.6288 -0.0472 116 64 1
-0.4995 0.6289 -0.0488 115 64 1
-0.4994 0.6290 -0.0504 115 64 1
-0.4993 0.6291 -0.0519 114 64 1
-0.4992 0.6292 -0.0535 114 64 1
-0.4991 0.6294 -0.0551 114 64 1
-0.4990 0.6295 -0.0567 113 64 1
-0.4988 0.6296 -0.0582 113 64 1
-0.4987 0.6298 -0.0598 112 64 1
-0.4986 0.6299 -0.0614 112 64 1
-0.4984 0.6300 -0.0630 112 64 2
-0.4983 0.6301 -0.0645 111 64 2
-0.4982 0.6302 -0.0661 111 64 2
-0.4980 0.6304 -0.0677 110 64 2
-0.4978 0.6305 -0.0693 110 64 2
-0.4977 0.6306 -0.0708 110 64 2
-0.4975 0.6308 -0.0724 109 64 2
-0.4973 0.6309 -0.0740 109 64 2
-0.4972 0.6310 -0.0755 108 64 2
-0.4970 0.6311 -0.0771 108 64 2
-0.4968 0.6312 -0.0787 108 64 2
-0.4966 0.6314 -0.0803 107 64 2
-0.4964 0.6315 -0.0818 107 64 2
-0.4962 0.6316 -0.0834 106 64 2
-0.4960 0.6317 -0.0850 106 64 2
-0.4958 0.6319 -0.0865 106 64 2
-0.4956 0.6320 -0.0881 105 64 2
-0.4954 0.6321 -0.0897 105 64 3
-0.4951 0.6322 -0.0912 104 64 3
-0.4949 0.6324 -0.0928 104 64 3
-0.4947 0.6325 -0.0944 104 64 3
-0.4944 0.6326 -0.0959 103 64 3
-0.4942 0.6327 -0.0975 103 64 3
-0.4939 0.6329 -0.0991 103 64 3
-0.4937 0.6330 -0.1006 102 64 3
-0.4934 0.6331 -0.1022 102 64 3
-0.4932 0.6333 -0.1037 101 64 3
-0.4929 0.6334 -0.1053 101 64 3
-0.4926 0.6335 -0.1069 101 64 3
-0.4923 0.6336 -0.1084 100 64 3
-0.4921 0.6338 -0.1100 100 64 4
-0.4918 0.6339 -0.1115 99 64 4
-0.4915 0.6340 -0.1131 99 64 4
-0.4912 0.6341 -0.1147 99 64 4
-0.4909 0.6342 -0.1162 98 64 4
-0.4906 0.6344 -0.1178 98 64 4
-0.4902 0.6345 -0.1193 97 64 4
-0.4899 0.6346 -0.1209 97 64 4
-0.4896 0.6348 -0.1224 97 64 4
-0.4893 0.6349 -0.1240 96 64 4
-0.4889 0.6350 -0.1255 96 64 4
-0.4886 0.6351 -0.1271 96 64 5
-0.4883 0.6352 -0.1286 95 64 5
-0.4879 0.6354 -0.1302 95 64 5
-0.4876 0.6355 -0.1317 94 64 5
-0.4872 0.6356 -0.1333 94 64 5
-0.4868 0.6358 -0.1348 94 64 5
-0.4865 0.6359 -0.1364 93 64 5
-0.4861 0.6360 -0.1379 93 64 5
-0.4857 0.6361 -0.1395 92 64 5
-0.4853 0.6362 -0.1410 92 64 6
-0.4849 0.6364 -0.1425 92 64 6
-0.4846 0.6365 -0.1441 91 64 6
-0.4842 0.6366 -0.1456 91 64 6
-0.4838 0.6367 -0.1472 91 64 6
-0.4833 0.6369 -0.1487 90 64 6
-0.4829 0.6370 -0.1502 90 64 6
-0.4825 0.6371 -0.1518 89 64 6
-0.4821 0.6373 -0.1533 89 64 6
-0.4817 0.6374 -0.1548 89 65 7
-0.4812 0.6375 -0.1564 88 65 7
-0.4808 0.6376 -0.1579 88 65 7
-0.4804 0.6378 -0.1594 87 65 7
-0.4799 0.6379 -0.1609 87 65 7
-0.4795 0.6380 -0.1625 87 65 7
-0.4790 0.6381 -0.1640 86 65 7
-0.4785 0.6383 -0.1655 86 65 7
-0.4781 0.6384 -0.1670 86 65 8
-0.4776 0.6385 -0.1686 85 65 8
-0.4771 0.6386 -0.1701 85 65 8
-0.4767 0.6388 -0.1716 84 65 8
-0.4762 0.6389 -0.1731 84 65 8
-0.4757 0.6390 -0.1746 84 65 8
-0.4752 0.6391 -0.1762 83 65 8
-0.4747 0.6392 -0.1777 83 65 9
-0.4742 0.6394 -0.1792 83 65 9
-0.4737 0.6395 -0.1807 82 65 9
-0.4732 0.6396 -0.1822 82 65 9
-0.4726 0.6398 -0.1837 81 65 9
-0.4721 0.6399 -0.1852 81 65 9
-0.4716 0.6400 -0.1867 81 65 9
-0.4710 0.6401 -0.1882 80 65 10
-0.4705 0.6402 -0.1897 80 65 10
-0.4700 0.6404 -0.1912 80 65 10
-0.4694 0.6405 -0.1927 79 65 10
-0.4689 0.6406 -0.1942 79 65 10
-0.4683 0.6407 -0.1957 79 65 10
-0.4677 0.6409 -0.1972 78 65 10
-0.4672 0.6410 -0.1987 78 65 11
-0.4666 0.6411 -0.2002 77 65 11
-0.4660 0.6412 -0.2017 77 65 11
-0.4655 0.6414 -0.2032 77 65 11
-0.4649 0.6415 -0.2046 76 65 11
-0.4643 0.6416 -0.2061 76 65 11
-0.4637 0.6417 -0.2076 76 65 12
-0.4631 0.6419 -0.2091 75 65 12
-0.4625 0.6420 -0.2106 75 65 12
-0.4619 0.6421 -0.2120 75 65 12
-0.4613 0.6422 -0.2135 74 65 12
-0.4606 0.6424 -0.2150 74 65 12
-0.4600 0.6425 -0.2165 73 65 13
-0.4594 0.6426 -0.2179 73 65 13
-0.4588 0.6427 -0.2194 73 65 13
-0.4581 0.6429 -0.2209 72 65 13
-0.4575 0.6430 -0.2223 72 65 13
-0.4568 0.6431 -0.2238 72 65 13
-0.4562 0.6432 -0.2253 71 65 14
-0.4555 0.6434 -0.2267 71 65 14
-0.4549 0.6435 -0.2282 71 65 14
-0.4542 0.6436 -0.2296 70 65 14
-0.4535 0.6438 -0.2311 70 65 14
-0.4528 0.6439 -0.2325 69 65 15
-0.4522 0.6440 -0.2340 69 65 15
-0.4515 0.6441 -0.2354 69 65 15
-0.4508 0.6442 -0.2369 68 65 15
-0.4501 0.6444 -0.2383 68 65 15
-0.4494 0.6445 -0.2398 68 65 15
-0.4487 0.6446 -0.2412 67 65 16
-0.4480 0.6448 -0.2426 67 65 16
-0.4473 0.6449 -0.2441 67 65 16
-0.4466 0.6450 -0.2455 66 65 16
-0.4458 0.6451 -0.2469 66 65 16
-0.4451 0.6452 -0.2484 66 65 17
-0.4444 0.6454 -0.2498 65 65 17
-0.4437 0.6455 -0.2512 65 65 17
-0.4429 0.6456 -0.2526 65 65 17
-0.4422 0.6457 -0.2541 64 65 17
-0.4414 0.6459 -0.2555 64 65 18
-0.4407 0.6460 -0.2569 64 65 18
-0.4399 0.6461 -0.2583 63 65 18
-0.4392 0.6462 -0.2597 63 65 18
-0.4384 0.6464 -0.2611 63 65 18
-0.4376 0.6465 -0.2625 62 65 19
-0.4368 0.6466 -0.2639 62 65 19
-0.4361 0.6467 -0.2653 61 65 19
-0.4353 0.6469 -0.2667 61 65 19
-0.4345 0.6470 -0.2681 61 65 19
-0.4337 0.6471 -0.2695 60 66 20
-0.4329 0.6473 -0.2709 60 66 20
-0.4321 0.6474 -0.2723 60 66 20
-0.4313 0.6475 -0.2737 59 66 20
-0.4305 0.6476 -0.2751 59 66 20
-0.4297 0.6478 -0.2765 59 66 21
-0.4288 0.6479 -0.2779 58 66 21
-0.4280 0.6480 -0.2792 58 66 21
-0.4272 0.6481 -0.2806 58 66 21
-0.4263 0.6482 -0.2820 57 66 22
-0.4255 0.6484 -0.2834 57 66 22
-0.4247 0.6485 -0.2847 57 66 22
-0.4238 0.6486 -0.2861 56 66 22
-0.4230 0.6488 -0.2874 56 66 22
-0.4221 0.6489 -0.2888 56 66 23
-0.4213 0.6490 -0.2902 55 66 23
-0.4204 0.6491 -0.2915 55 66 23
-0.4195 0.6492 -0.2929 55 66 23
-0.4186 0.6494 -0.2942 54 66 24
-0.4178 0.6495 -0.2956 54 66 24
-0.4169 0.6496 -0.2969 54 66 24
-0.4160 0.6498 -0.2983 53 66 24
-0.4151 0.6499 -0.2996 53 66 25
-0.4142 0.6500 -0.3009 53 66 25
-0.4133 0.6501 -0.3023 53 66 25
-0.4124 0.6502 -0.3036 52 66 25
-0.4115 0.6504 -0.3049 52 66 25
-0.4106 0.6505 -0.3063 52 66 26
-0.4097 0.6506 -0.3076 51 66 26
-0.4088 0.6507 -0.3089 51 66 26
-0.4078 0.6509 -0.3102 51 66 26
-0.4069 0.6510 -0.3116 50 66 27
-0.4060 0.6511 -0.3129 50 66 27
-0.4050 0.6512 -0.3142 50 66 27
-0.4041 0.6514 -0.3155 49 66 27
-0.4031 0.6515 -0.3168 49 66 28
-0.4022 0.6516 -0.3181 49 66 28
-0.4012 0.6517 -0.3194 48 66 28
-0.4003 0.6519 -0.3207 48 66 28
-0.3993 0.6520 -0.3220 48 66 29
-0.3984 0.6521 -0.3233 47 66 29
-0.3974 0.6522 -0.3246 47 66 29
-0.3964 0.6524 -0.3258 47 66 29
-0.3954 0.6525 -0.3271 47 66 30
-0.3944 0.6526 -0.3284 46 66 30
-0.3935 0.6527 -0.3297 46 66 30
-0.3925 0.6529 -0.3310 46 66 30
-0.3915 0.6530 -0.3322 45 66 31
-0.3905 0.6531 -0.3335 45 66 31
-0.3895 0.6532 -0.3348 45 66 31
-0.3885 0.6534 -0.3360 44 66 31
-0.3874 0.6535 -0.3373 44 66 32
-0.3864 0.6536 -0.3385 44 66 32
-0.3854 0.6538 -0.3398 44 66 32
-0.3844 0.6539 -0.3410 43 66 33
-0.3834 0.6540 -0.3423 43 66 33
-0.3823 0.6541 -0.3435 43 66 33
-0.3813 0.6542 -0.3448 42 66 33
-0.3802 0.6544 -0.3460 42 66 34
-0.3792 0.6545 -0.3472 42 66 34
-0.3782 0.6546 -0.3485 41 66 34
-0.3771 0.6548 -0.3497 41 66 34
-0.3760 0.6549 -0.3509 41 66 35
-0.3750 0.6550 -0.3521 41 66 35
-0.3739 0.6551 -0.3533 40 66 35
-0.3728 0.6552 -0.3546 40 66 35
-0.3718 0.6554 -0.3558 40 66 36
-0.3707 0.6555 -0.3570 39 66 36
-0.3696 0.6556 -0.3582 39 66 36
-0.3685 0.6557 -0.3594 39 66 37
-0.3674 0.6559 -0.3606 39 66 37
-0.3664 0.6560 -0.3618 38 66 37
-0.3653 0.6561 -0.3630 38 66 37
-0.3642 0.6563 -0.3642 38 66 38
-0.3631 0.6564 -0.3653 37 66 38
-0.3619 0.6565 -0.3665 37 66 38
-0.3608 0.6566 -0.3677 37 66 39
-0.3597 0.6567 -0.3689 37 66 39
-0.3586 0.6569 -0.3701 36 67 39
-0.3575 0.6570 -0.3712 36 67 39
-0.3564 0.6571 -0.3724 36 67 40
-0.3552 0.6573 -0.3735 35 67 40
-0.3541 0.6574 -0.3747 35 67 40
-0.3530 0.6575 -0.3759 35 67 41
-0.3518 0.6576 -0.3770 35 67 41
-0.3507 0.6578 -0.3782 34 67 41
-0.3495 0.6579 -0.3793 34 67 41
-0.3484 0.6580 -0.3804 34 67 42
-0.3472 0.6581 -0.3816 34 67 42
-0.3460 0.6583 -0.3827 33 67 42
-0.3449 0.6584 -0.3838 33 67 43
-0.3437 0.6585 -0.3850 33 67 43
-0.3425 0.6586 -0.3861 33 67 43
-0.3414 0.6588 -0.3872 32 67 44
-0.3402 0.6589 -0.3883 32 67 44
-0.3390 0.6590 -0.3894 32 67 44
-0.3378 0.6591 -0.3905 31 67 44
-0.3366 0.6593 -0.3916 31 67 45
-0.3354 0.6594 -0.3927 31 67 45
-0.3342 0.6595 -0.3938 31 67 45
-0.3330 0.6596 -0.3949 30 67 46
-0.3318 0.6598 -0.3960 30 67 46
-0.3306 0.6599 -0.3971 30 67 46
-0.3294 0.6600 -0.3982 30 67 47
-0.3282 0.6601 -0.3993 29 67 47
-0.3270 0.6603 -0.4004 29 67 47
-0.3258 0.6604 -0.4014 29 67 47
-0.3245 0.6605 -0.4025 29 67 48
-0.3233 0.6606 -0.4036 28 67 48
-0.3221 0.6607 -0.4046 28 67 48
-0.3208 0.6609 -0.4057 28 67 49
-0.3196 0.6610 -0.4067 28 67 49
-0.3184 0.6611 -0.4078 27 67 49
-0.3171 0.6613 -0.4088 27 67 50
-0.3159 0.6614 -0.4099 27 67 50
-0.3146 0.6615 -0.4109 27 67 50
-0.3134 0.6616 -0.4119 26 67 51
-0.3121 0.6617 -0.4130 26 67 51
-0.3108 0.6619 -0.4140 26 67 51
-0.3096 0.6620 -0.4150 26 67 52
-0.3083 0.6621 -0.4160 25 67 52
-0.3070 0.6623 -0.4171 25 67 52
-0.3058 0.6624 -0.4181 25 67 53
-0.3045 0.6625 -0.4191 25 67 53
-0.3032 0.6626 -0.4201 25 67 53
-0.3019 0.6627 -0.4211 24 67 53
-0.3006 0.6629 -0.4221 24 67 54
-0.2993 0.6630 -0.4231 24 67 54
-0.2980 0.6631 -0.4240 24 67 54
-0.2967 0.6632 -0.4250 23 67 55
-0.2954 0.6634 -0.4260 23 67 55
-0.2941 0.6635 -0.4270 23 67 55
-0.2928 0.6636 -0.4280 23 67 56
-0.2915 0.6638 -0.4289 22 67 56
-0.2902 0.6639 -0.4299 22 67 56
-0.2889 0.6640 -0.4308 22 67 57
-0.2875 0.6641 -0.4318 22 67 57
-0.2862 0.6643 -0.4328 22 67 57
-0.2849 0.6644 -0.4337 21 67 58
-0.2836 0.6645 -0.4346 21 67 58
-0.2822 0.6646 -0.4356 21 67 58
-0.2809 0.6648 -0.4365 21 67 59
-0.2795 0.6649 -0.4374 20 67 59
-0.2782 0.6650 -0.4384 20 67 59
-0.2769 0.6651 -0.4393 20 67 60
-0.2755 0.6653 -0.4402 20 67 60
-0.2742 0.6654 -0.4411 20 67 60
-0.2728 0.6655 -0.4420 19 67 61
-0.2714 0.6656 -0.4429 19 67 61
-0.2701 0.6657 -0.4438 19 67 61
-0.2687 0.6659 -0.4447 19 67 62
-0.2673 0.6660 -0.4456 19 67 62
-0.2660 0.6661 -0.4465 18 67 63
-0.2646 0.6663 -0.4474 18 67 63
-0.2632 0.6664 -0.4483 18 67 63
-0.2618 0.6665 -0.4492 18 67 64
-0.2605 0.6666 -0.4500 18 67 64
-0.2591 0.6667 -0.4509 17 68 64
-0.2577 0.6669 -0.4518 17 68 65
-0.2563 0.6670 -0.4526 17 68 65
-0.2549 0.6671 -0.4535 17 68 65
-0.2535 0.6673 -0.4543 17 68 66
-0.2521 0.6674 -0.4552 16 68 66
-0.2507 0.6675 -0.4560 16 68 66
-0.2493 0.6676 -0.4569 16 68 67
-0.2479 0.6678 -0.4577 16 68 67
-0.2465 0.6679 -0.4585 16 68 67
-0.2451 0.6680 -0.4594 15 68 68
-0.2437 0.6681 -0.4602 15 68 68
-0.2422 0.6683 -0.4610 15 68 68
-0.2408 0.6684 -0.4618 15 68 69
-0.2394 0.6685 -0.4626 15 68 69
-0.2380 0.6686 -0.4634 15 68 69
-0.2365 0.6688 -0.4642 14 68 70
-0.2351 0.6689 -0.4650 14 68 70
-0.2337 0.6690 -0.4658 14 68 71
-0.2322 0.6691 -0.4666 14 68 71
-0.2308 0.6693 -0.4674 14 68 71
-0.2293 0.6694 -0.4681 13 68 72
-0.2279 0.6695 -0.4689 13 68 72
-0.2264 0.6696 -0.4697 13 68 72
-0.2250 0.6698 -0.4704 13 68 73
-0.2235 0.6699 -0.4712 13 68 73
-0.2221 0.6700 -0.4720 13 68 73
-0.2206 0.6701 -0.4727 12 68 74
-0.2192 0.6703 -0.4735 12 68 74
-0.2177 0.6704 -0.4742 12 68 75
-0.2162 0.6705 -0.4749 12 68 75
-0.2148 0.6706 -0.4757 12 68 75
-0.2133 0.6707 -0.4764 12 68 76
-0.2118 0.6709 -0.4771 11 68 76
-0.2103 0.6710 -0.4778 11 68 76
-0.2089 0.6711 -0.4785 11 68 77
-0.2074 0.6713 -0.4793 11 68 77
-0.2059 0.6714 -0.4800 11 68 77
-0.2044 0.6715 -0.4807 11 68 78
-0.2029 0.6716 -0.4814 10 68 78
-0.2014 0.6717 -0.4820 10 68 79
-0.2000 0.6719 -0.4827 10 68 79
-0.1985 0.6720 -0.4834 10 68 79
-0.1970 0.6721 -0.4841 10 68 80
-0.1955 0.6722 -0.4848 10 68 80
-0.1940 0.6724 -0.4854 10 68 80
-0.1925 0.6725 -0.4861 9 68 81
-0.1909 0.6726 -0.4867 9 68 81
-0.1894 0.6727 -0.4874 9 68 81
-0.1879 0.6729 -0.4880 9 68 82
-0.1864 0.6730 -0.4887 9 68 82
-0.1849 0.6731 -0.4893 9 68 83
-0.1834 0.6732 -0.4900 9 68 83
-0.1819 0.6734 -0.4906 8 68 83
-0.1803 0.6735 -0.4912 8 68 84
-0.1788 0.6736 -0.4918 8 68 84
-0.1773 0.6738 -0.4925 8 68 84
-0.1758 0.6739 -0.4931 8 68 85
-0.1742 0.6740 -0.4937 8 68 85
-0.1727 0.6741 -0.4943 8 68 86
-0.1712 0.6743 -0.4949 7 68 86
-0.1696 0.6744 -0.4955 7 68 86
-0.1681 0.6745 -0.4961 7 68 87
-0.1666 0.6746 -0.4966 7 68 87
-0.1650 0.6747 -0.4972 7 68 87
-0.1635 0.6749 -0.4978 7 68 88
-0.1619 0.6750 -0.4984 7 68 88
-0.1604 0.6751 -0.4989 7 68 89
-0.1588 0.6753 -0.4995 6 68 89
-0.1573 0.6754 -0.5000 6 68 89
-0.1557 0.6755 -0.5006 6 68 90
-0.1542 0.6756 -0.5011 6 68 90
-0.1526 0.6757 -0.5017 6 68 91
-0.1510 0.6759 -0.5022 6 68 91
-0.1495 0.6760 -0.5027 6 68 91
-0.1479 0.6761 -0.5033 6 68 92
-0.1464 0.6763 -0.5038 6 68 92
-0.1448 0.6764 -0.5043 5 68 92
-0.1432 0.6765 -0.5048 5 69 93
-0.1417 0.6766 -0.5053 5 69 93
-0.1401 0.6767 -0.5058 5 69 94
-0.1385 0.6769 -0.5063 5 69 94
-0.1369 0.6770 -0.5068 5 69 94
-0.1354 0.6771 -0.5073 5 69 95
-0.1338 0.6772 -0.5078 5 69 95
-0.1322 0.6774 -0.5082 5 69 96
-0.1306 0.6775 -0.5087 4 69 96
-0.1290 0.6776 -0.5092 4 69 96
-0.1274 0.6778 -0.5096 4 69 97
-0.1259 0.6779 -0.5101 4 69 97
-0.1243 0.6780 -0.5105 4 69 97
-0.1227 0.6781 -0.5110 4 69 98
-0.1211 0.6783 -0.5114 4 69 98
-0.1195 0.6784 -0.5119 4 69 99
-0.1179 0.6785 -0.5123 4 69 99
-0.1163 0.6786 -0.5127 4 69 99
-0.1147 0.6788 -0.5131 4 69 100
-0.1131 0.6789 -0.5136 3 69 100
-0.1115 0.6790 -0.5140 3 69 101
-0.1099 0.6791 -0.5144 3 69 101
-0.1083 0.6793 -0.5148 3 69 101
-0.1067 0.6794 -0.5152 3 69 102
-0.1051 0.6795 -0.5156 3 69 102
-0.1035 0.6796 -0.5159 3 69 103
-0.1019 0.6797 -0.5163 3 69 103
-0.1003 0.6799 -0.5167 3 69 103
-0.0986 0.6800 -0.5171 3 69 104
-0.0970 0.6801 -0.5174 3 69 104
-0.0954 0.6803 -0.5178 3 69 104
-0.0938 0.6804 -0.5182 3 69 105
-0.0922 0.6805 -0.5185 2 69 105
-0.0906 0.6806 -0.5189 2 69 106
-0.0889 0.6807 -0.5192 2 69 106
-0.0873 0.6809 -0.5195 2 69 106
-0.0857 0.6810 -0.5199 2 69 107
-0.0841 0.6811 -0.5202 2 69 107
-0.0824 0.6813 -0.5205 2 69 108
-0.0808 0.6814 -0.5208 2 69 108
-0.0792 0.6815 -0.5211 2 69 108
-0.0776 0.6816 -0.5214 2 69 109
-0.0759 0.6817 -0.5217 2 69 109
-0.0743 0.6819 -0.5220 2 69 110
-0.0727 0.6820 -0.5223 2 69 110
-0.0710 0.6821 -0.5226 2 69 110
-0.0694 0.6822 -0.5229 2 69 111
-0.0678 0.6824 -0.5232 2 69 111
-0.0661 0.6825 -0.5234 2 69 112
-0.0645 0.6826 -0.5237 1 69 112
-0.0628 0.6827 -0.5240 1 69 112
-0.0612 0.6829 -0.5242 1 69 113
-0.0596 0.6830 -0.5245 1 69 113
-0.0579 0.6831 -0.5247 1 69 114
-0.0563 0.6832 -0.5250 1 69 114
-0.0546 0.6834 -0.5252 1 69 114
-0.0530 0.6835 -0.5254 1 69 115
-0.0514 0.6836 -0.5256 1 69 115
-0.0497 0.6838 -0.5259 1 69 116
-0.0481 0.6839 -0.5261 1 69 116
-0.0464 0.6840 -0.5263 1 69 116
-0.0448 0.6841 -0.5265 1 69 117
-0.0431 0.6843 -0.5267 1 69 117
-0.0415 0.6844 -0.5269 1 69 118
-0.0398 0.6845 -0.5271 1 69 118
-0.0382 0.6846 -0.5272 1 69 118
-0.0365 0.6847 -0.5274 1 69 119
-0.0349 0.6849 -0.5276 1 69 119
-0.0332 0.6850 -0.5278 1 69 120
-0.0315 0.6851 -0.5279 1 69 120
-0.0299 0.6853 -0.5281 1 69 120
-0.0282 0.6854 -0.5282 1 69 121
-0.0266 0.6855 -0.5284 1 69 121
-0.0249 0.6856 -0.5285 1 69 122
-0.0233 0.6857 -0.5286 1 69 122
-0.0216 0.6859 -0.5288 1 69 122
-0.0199 0.6860 -0.5289 1 69 123
-0.0183 0.6861 -0.5290 1 69 123
-0.0166 0.6863 -0.5291 1 69 124
-0.0150 0.6864 -0.5292 1 70 124
-0.0133 0.6865 -0.5294 1 70 124
-0.0116 0.6866 -0.5295 1 70 125
-0.0100 0.6867 -0.5295 1 70 125
-0.0083 0.6869 -0.5296 1 70 126
-0.0067 0.6870 -0.5297 1 70 126
-0.0050 0.6871 -0.5298 1 70 126
-0.0033 0.6872 -0.5299 1 70 127
-0.0017 0.6874 -0.5299 1 70 127
0.0000 0.6875 -0.5300 1 70 128
0.0017 0.6876 -0.5301 1 70 128
0.0033 0.6878 -0.5301 1 70 128
0.0050 0.6879 -0.5302 1 70 129
0.0067 0.6880 -0.5302 1 70 129
0.0083 0.6881 -0.5302 1 70 129
0.0100 0.6883 -0.5303 1 70 130
0.0117 0.6884 -0.5303 1 70 130
0.0133 0.6885 -0.5303 1 70 131
0.0150 0.6886 -0.5303 1 70 131
0.0167 0.6888 -0.5303 1 70 131
0.0183 0.6889 -0.5303 1 70 132
0.0200 0.6890 -0.5303 1 70 132
0.0217 0.6891 -0.5303 1 70 133
0.0233 0.6893 -0.5303 1 70 133
0.0250 0.6894 -0.5303 1 70 133
0.0267 0.6895 -0.5303 1 70 134
0.0283 0.6896 -0.5303 1 70 134
0.0300 0.6897 -0.5302 1 70 135
0.0317 0.6899 -0.5302 1 70 135
0.0334 0.6900 -0.5302 1 70 135
0.0350 0.6901 -0.5301 1 70 136
0.0367 0.6903 -0.5301 1 70 136
0.0384 0.6904 -0.5300 1 70 137
0.0400 0.6905 -0.5299 1 70 137
0.0417 0.6906 -0.5299 1 70 137
0.0434 0.6907 -0.5298 1 70 138
0.0450 0.6909 -0.5297 1 70 138
0.0467 0.6910 -0.5296 1 70 139
0.0484 0.6911 -0.5295 1 70 139
0.0500 0.6913 -0.5294 1 70 139
0.0517 0.6914 -0.5293 1 70 140
0.0534 0.6915 -0.5292 1 70 140
0.0551 0.6916 -0.5291 1 70 141
0.0567 0.6917 -0.5290 1 70 141
0.0584 0.6919 -0.5289 1 70 141
0.0601 0.6920 -0.5288 1 70 142
0.0617 0.6921 -0.5286 1 70 142
0.0634 0.6922 -0.5285 1 70 143
0.0651 0.6924 -0.5283 1 70 143
0.0667 0.6925 -0.5282 2 70 143
0.0684 0.6926 -0.5280 2 70 144
0.0701 0.6927 -0.5279 2 70 144
0.0717 0.6929 -0.5277 2 70 145
0.0734 0.6930 -0.5276 2 70 145
0.0751 0.6931 -0.5274 2 70 145
0.0767 0.6932 -0.5272 2 70 146
0.0784 0.6934 -0.5270 2 70 146
0.0801 0.6935 -0.5268 2 70 147
0.0817 0.6936 -0.5266 2 70 147
0.0834 0.6938 -0.5264 2 70 147
0.0850 0.6939 -0.5262 2 70 148
0.0867 0.6940 -0.5260 2 70 148
0.0884 0.6941 -0.5258 2 70 149
0.0900 0.6943 -0.5256 2 70 149
0.0917 0.6944 -0.5254 2 70 149
0.0934 0.6945 -0.5251 2 70 150
0.0950 0.6946 -0.5249 3 70 150
0.0967 0.6947 -0.5246 3 70 151
0.0983 0.6949 -0.5244 3 70 151
0.1000 0.6950 -0.5241 3 70 151
0.1016 0.6951 -0.5239 3 70 152
0.1033 0.6953 -0.5236 3 70 152
0.1050 0.6954 -0.5234 3 70 152
0.1066 0.6955 -0.5231 3 70 153
0.1083 0.6956 -0.5228 3 70 153
0.1099 0.6957 -0.5225 3 70 154
0.1116 0.6959 -0.5222 3 70 154
0.1132 0.6960 -0.5219 3 70 154
0.1149 0.6961 -0.5216 3 71 155
0.1165 0.6963 -0.5213 4 71 155
0.1182 0.6964 -0.5210 4 71 156
0.1198 0.6965 -0.5207 4 71 156
0.1215 0.6966 -0.5204 4 71 156
0.1231 0.6967 -0.5201 4 71 157
0.1248 0.6969 -0.5197 4 71 157
0.1264 0.6970 -0.5194 4 71 158
0.1281 0.6971 -0.5191 4 71 158
0.1297 0.6972 -0.5187 4 71 158
0.1314 0.6974 -0.5184 4 71 159
0.1330 0.6975 -0.5180 4 71 159
0.1346 0.6976 -0.5176 5 71 159
0.1363 0.6978 -0.5173 5 71 160
0.1379 0.6979 -0.5169 5 71 160
0.1396 0.6980 -0.5165 5 71 161
0.1412 0.6981 -0.5161 5 71 161
0.1428 0.6983 -0.5157 5 71 161
0.1445 0.6984 -0.5154 5 71 162
0.1461 0.6985 -0.5150 5 71 162
0.1477 0.6986 -0.5146 5 71 163
0.1494 0.6988 -0.5141 6 71 163
0.1510 0.6989 -0.5137 6 71 163
0.1526 0.6990 -0.5133 6 71 164
0.1543 0.6991 -0.5129 6 71 164
0.1559 0.6993 -0.5125 6 71 164
0.1575 0.6994 -0.5120 6 71 165
0.1591 0.6995 -0.5116 6 71 165
0.1608 0.6996 -0.5111 6 71 166
0.1624 0.6997 -0.5107 6 71 166
0.1640 0.6999 -0.5102 7 71 166
0.1656 0.7000 -0.5098 7 71 167
0.1673 0.7001 -0.5093 7 71 167
0.1689 0.7003 -0.5088 7 71 168
0.1705 0.7004 -0.5084 7 71 168
0.1721 0.7005 -0.5079 7 71 168
0.1737 0.7006 -0.5074 7 71 169
0.1753 0.7007 -0.5069 7 71 169
0.1769 0.7009 -0.5064 8 71 169
0.1786 0.7010 -0.5059 8 71 170
0.1802 0.7011 -0.5054 8 71 170
0.1818 0.7013 -0.5049 8 71 171
0.1834 0.7014 -0.5044 8 71 171
0.1850 0.7015 -0.5038 8 71 171
0.1866 0.7016 -0.5033 8 71 172
0.1882 0.7017 -0.5028 9 71 172
0.1898 0.7019 -0.5022 9 71 172
0.1914 0.7020 -0.5017 9 71 173
0.1930 0.7021 -0.5011 9 71 173
0.1946 0.7022 -0.5006 9 71 174
0.1962 0.7024 -0.5000 9 71 174
0.1978 0.7025 -0.4995 9 71 174
0.1993 0.7026 -0.4989 10 71 175
0.2009 0.7027 -0.4983 10 71 175
0.2025 0.7029 -0.4978 10 71 175
0.2041 0.7030 -0.4972 10 71 176
0.2057 0.7031 -0.4966 10 71 176
0.2073 0.7032 -0.4960 10 71 176
0.2089 0.7034 -0.4954 10 71 177
0.2104 0.7035 -0.4948 11 71 177
0.2120 0.7036 -0.4942 11 71 178
0.2136 0.7037 -0.4936 11 71 178
0.2152 0.7039 -0.4929 11 71 178
0.2167 0.7040 -0.4923 11 71 179
0.2183 0.7041 -0.4917 11 71 179
0.2199 0.7043 -0.4911 12 71 179
0.2214 0.7044 -0.4904 12 71 180
0.2230 0.7045 -0.4898 12 71 180
0.2246 0.7046 -0.4891 12 71 180
0.2261 0.7047 -0.4885 12 71 181
0.2277 0.7049 -0.4878 12 71 181
0.2292 0.7050 -0.4872 13 71 182
0.2308 0.7051 -0.4865 13 71 182
0.2323 0.7053 -0.4858 13 71 182
0.2339 0.7054 -0.4851 13 71 183
0.2354 0.7055 -0.4845 13 71 183
0.2370 0.7056 -0.4838 13 71 183
0.2385 0.7057 -0.4831 14 71 184
0.2401 0.7059 -0.4824 14 71 184
0.2416 0.7060 -0.4817 14 72 184
0.2432 0.7061 -0.4810 14 72 185
0.2447 0.7062 -0.4803 14 72 185
0.2462 0.7064 -0.4795 15 72 186
0.2478 0.7065 -0.4788 15 72 186
0.2493 0.7066 -0.4781 15 72 186
0.2508 0.7067 -0.4774 15 72 187
0.2524 0.7069 -0.4766 15 72 187
0.2539 0.7070 -0.4759 15 72 187
0.2554 0.7071 -0.4751 16 72 188
0.2569 0.7072 -0.4744 16 72 188
0.2584 0.7074 -0.4736 16 72 188
0.2600 0.7075 -0.4729 16 72 189
0.2615 0.7076 -0.4721 16 72 189
0.2630 0.7078 -0.4713 17 72 189
0.2645 0.7079 -0.4705 17 72 190
0.2660 0.7080 -0.4698 17 72 190
0.2675 0.7081 -0.4690 17 72 190
0.2690 0.7083 -0.4682 17 72 191
0.2705 0.7084 -0.4674 18 72 191
0.2720 0.7085 -0.4666 18 72 191
0.2735 0.7086 -0.4658 18 72 192
0.2750 0.7087 -0.4650 18 72 192
0.2765 0.7089 -0.4642 18 72 192
0.2780 0.7090 -0.4633 19 72 193
0.2794 0.7091 -0.4625 19 72 193
0.2809 0.7093 -0.4617 19 72 194
0.2824 0.7094 -0.4609 19 72 194
0.2839 0.7095 -0.4600 19 72 194
0.2854 0.7096 -0.4592 20 72 195
0.2868 0.7097 -0.4583 20 72 195
0.2883 0.7099 -0.4575 20 72 195
0.2898 0.7100 -0.4566 20 72 196
0.2912 0.7101 -0.4558 20 72 196
0.2927 0.7103 -0.4549 21 72 196
0.2942 0.7104 -0.4540 21 72 197
0.2956 0.7105 -0.4531 21 72 197
0.2971 0.7106 -0.4523 21 72 197
0.2985 0.7107 -0.4514 22 72 198
0.3000 0.7109 -0.4505 22 72 198
0.3014 0.7110 -0.4496 22 72 198
0.3029 0.7111 -0.4487 22 72 199
0.3043 0.7112 -0.4478 22 72 199
0.3058 0.7114 -0.4469 23 72 199
0.3072 0.7115 -0.4460 23 72 200
0.3086 0.7116 -0.4450 23 72 200
0.3101 0.7117 -0.4441 23 72 200
0.3115 0.7119 -0.4432 24 72 201
0.3129 0.7120 -0.4423 24 72 201
0.3143 0.7121 -0.4413 24 72 201
0.3157 0.7122 -0.4404 24 72 202
0.3172 0.7124 -0.4394 25 72 202
0.3186 0.7125 -0.4385 25 72 202
0.3200 0.7126 -0.4375 25 72 202
0.3214 0.7127 -0.4366 25 72 203
0.3228 0.7129 -0.4356 25 72 203
0.3242 0.7130 -0.4346 26 72 203
0.3256 0.7131 -0.4337 26 72 204
0.3270 0.7132 -0.4327 26 72 204
0.3284 0.7134 -0.4317 26 72 204
0.3298 0.7135 -0.4307 27 72 205
0.3312 0.7136 -0.4297 27 72 205
0.3326 0.7137 -0.4287 27 72 205
0.3339 0.7139 -0.4277 27 72 206
0.3353 0.7140 -0.4267 28 72 206
0.3367 0.7141 -0.4257 28 72 206
0.3381 0.7143 -0.4247 28 72 207
0.3394 0.7144 -0.4237 28 72 207
0.3408 0.7145 -0.4227 29 72 207
0.3422 0.7146 -0.4216 29 72 208
0.3435 0.7147 -0.4206 29 72 208
0.3449 0.7149 -0.4196 29 72 208
0.3462 0.7150 -0.4185 30 72 208
0.3476 0.7151 -0.4175 30 72 209
0.3489 0.7153 -0.4165 30 72 209
0.3503 0.7154 -0.4154 30 72 209
0.3516 0.7155 -0.4143 31 72 210
0.3530 0.7156 -0.4133 31 72 210
0.3543 0.7157 -0.4122 31 73 210
0.3556 0.7159 -0.4111 31 73 211
0.3570 0.7160 -0.4101 32 73 211
0.3583 0.7161 -0.4090 32 73 211
0.3596 0.7162 -0.4079 32 73 211
0.3609 0.7164 -0.4068 33 73 212
0.3623 0.7165 -0.4057 33 73 212
0.3636 0.7166 -0.4046 33 73 212
0.3649 0.7167 -0.4035 33 73 213
0.3662 0.7169 -0.4024 34 73 213
0.3675 0.7170 -0.4013 34 73 213
0.3688 0.7171 -0.4002 34 73 214
0.3701 0.7172 -0.3991 34 73 214
0.3714 0.7174 -0.3980 35 73 214
0.3727 0.7175 -0.3969 35 73 214
0.3740 0.7176 -0.3957 35 73 215
0.3752 0.7178 -0.3946 35 73 215
0.3765 0.7179 -0.3935 36 73 215
0.3778 0.7180 -0.3923 36 73 216
0.3791 0.7181 -0.3912 36 73 216
0.3803 0.7183 -0.3900 37 73 216
0.3816 0.7184 -0.3889 37 73 216
0.3829 0.7185 -0.3877 37 73 217
0.3841 0.7186 -0.3865 37 73 217
0.3854 0.7188 -0.3854 38 73 217
0.3866 0.7189 -0.3842 38 73 218
0.3879 0.7190 -0.3830 38 73 218
0.3891 0.7191 -0.3819 39 73 218
0.3904 0.7193 -0.3807 39 73 218
0.3916 0.7194 -0.3795 39 73 219
0.3928 0.7195 -0.3783 39 73 219
0.3941 0.7196 -0.3771 40 73 219
0.3953 0.7198 -0.3759 40 73 220
0.3965 0.7199 -0.3747 40 73 220
0.3977 0.7200 -0.3735 41 73 220
0.3989 0.7201 -0.3723 41 73 220
0.4002 0.7203 -0.3711 41 73 221
0.4014 0.7204 -0.3698 41 73 221
0.4026 0.7205 -0.3686 42 73 221
0.4038 0.7206 -0.3674 42 73 221
0.4050 0.7208 -0.3662 42 73 222
0.4062 0.7209 -0.3649 43 73 222
0.4073 0.7210 -0.3637 43 73 222
0.4085 0.7211 -0.3625 43 73 222
0.4097 0.7212 -0.3612 44 73 223
0.4109 0.7214 -0.3600 44 73 223
0.4121 0.7215 -0.3587 44 73 223
0.4132 0.7216 -0.3574 44 73 224
0.4144 0.7218 -0.3562 45 73 224
0.4156 0.7219 -0.3549 45 73 224
0.4167 0.7220 -0.3537 45 73 224
0.4179 0.7221 -0.3524 46 73 225
0.4190 0.7222 -0.3511 46 73 225
0.4202 0.7224 -0.3498 46 73 225
0.4213 0.7225 -0.3485 47 73 225
0.4225 0.7226 -0.3473 47 73 226
0.4236 0.7228 -0.3460 47 73 226
0.4247 0.7229 -0.3447 47 73 226
0.4259 0.7230 -0.3434 48 73 226
0.4270 0.7231 -0.3421 48 73 227
0.4281 0.7232 -0.3408 48 73 227
0.4292 0.7234 -0.3395 49 73 227
0.4303 0.7235 -0.3381 49 73 227
0.4314 0.7236 -0.3368 49 73 228
0.4325 0.7237 -0.3355 50 73 228
0.4336 0.7239 -0.3342 50 73 228
0.4347 0.7240 -0.3329 50 73 228
0.4358 0.7241 -0.3315 51 73 229
0.4369 0.7243 -0.3302 51 73 229
0.4380 0.7244 -0.3289 51 73 229
0.4391 0.7245 -0.3275 52 73 229
0.4401 0.7246 -0.3262 52 73 230
0.4412 0.7248 -0.3248 52 73 230
0.4423 0.7249 -0.3235 53 73 230
0.4433 0.7250 -0.3221 53 73 230
0.4444 0.7251 -0.3207 53 73 230
0.4455 0.7253 -0.3194 53 73 231
0.4465 0.7254 -0.3180 54 73 231
0.4475 0.7255 -0.3166 54 74 231
0.4486 0.7256 -0.3153 54 74 231
0.4496 0.7258 -0.3139 55 74 232
0.4507 0.7259 -0.3125 55 74 232
0.4517 0.7260 -0.3111 55 74 232
0.4527 0.7261 -0.3097 56 74 232
0.4537 0.7262 -0.3084 56 74 233
0.4548 0.7264 -0.3070 56 74 233
0.4558 0.7265 -0.3056 57 74 233
0.4568 0.7266 -0.3042 57 74 233
0.4578 0.7268 -0.3028 57 74 233
0.4588 0.7269 -0.3014 58 74 234
0.4598 0.7270 -0.2999 58 74 234
0.4608 0.7271 -0.2985 58 74 234
0.4617 0.7272 -0.2971 59 74 234
0.4627 0.7274 -0.2957 59 74 235
0.4637 0.7275 -0.2943 59 74 235
0.4647 0.7276 -0.2928 60 74 235
0.4656 0.7278 -0.2914 60 74 235
0.4666 0.7279 -0.2900 60 74 235
0.4676 0.7280 -0.2886 61 74 236
0.4685 0.7281 -0.2871 61 74 236
0.4695 0.7283 -0.2857 61 74 236
0.4704 0.7284 -0.2842 62 74 236
0.4714 0.7285 -0.2828 62 74 236
0.4723 0.7286 -0.2813 63 74 237
0.4732 0.7288 -0.2799 63 74 237
0.4742 0.7289 -0.2784 63 74 237
0.4751 0.7290 -0.2770 64 74 237
0.4760 0.7291 -0.2755 64 74 237
0.4769 0.7293 -0.2740 64 74 238
0.4778 0.7294 -0.2726 65 74 238
0.4787 0.7295 -0.2711 65 74 238
0.4796 0.7296 -0.2696 65 74 238
0.4805 0.7298 -0.2681 66 74 238
0.4814 0.7299 -0.2666 66 74 239
0.4823 0.7300 -0.2652 66 74 239
0.4832 0.7301 -0.2637 67 74 239
0.4841 0.7303 -0.2622 67 74 239
0.4850 0.7304 -0.2607 67 74 239
0.4858 0.7305 -0.2592 68 74 240
0.4867 0.7306 -0.2577 68 74 240
0.4875 0.7308 -0.2562 68 74 240
0.4884 0.7309 -0.2547 69 74 240
0.4893 0.7310 -0.2532 69 74 240
0.4901 0.7311 -0.2517 69 74 240
0.4909 0.7312 -0.2501 70 74 241
0.4918 0.7314 -0.2486 70 74 241
0.4926 0.7315 -0.2471 71 74 241
0.4934 0.7316 -0.2456 71 74 241
0.4943 0.7318 -0.2441 71 74 241
0.4951 0.7319 -0.2425 72 74 242
0.4959 0.7320 -0.2410 72 74 242
0.4967 0.7321 -0.2395 72 74 242
0.4975 0.7322 -0.2379 73 74 242
0.4983 0.7324 -0.2364 73 74 242
0.4991 0.7325 -0.2349 73 74 242
0.4999 0.7326 -0.2333 74 74 243
0.5007 0.7328 -0.2318 74 74 243
0.5015 0.7329 -0.2302 75 74 243
0.5022 0.7330 -0.2287 75 74 243
0.5030 0.7331 -0.2271 75 74 243
0.5038 0.7332 -0.2256 76 74 243
0.5045 0.7334 -0.2240 76 74 244
0.5053 0.7335 -0.2224 76 74 244
0.5060 0.7336 -0.2209 77 74 244
0.5068 0.7337 -0.2193 77 74 244
0.5075 0.7339 -0.2177 77 74 244
0.5083 0.7340 -0.2162 78 74 244
0.5090 0.7341 -0.2146 78 74 245
0.5097 0.7343 -0.2130 79 74 245
0.5104 0.7344 -0.2114 79 74 245
0.5112 0.7345 -0.2099 79 74 245
0.5119 0.7346 -0.2083 80 74 245
0.5126 0.7348 -0.2067 80 74 245
0.5133 0.7349 -0.2051 80 74 245
0.5140 0.7350 -0.2035 81 74 246
0.5147 0.7351 -0.2019 81 74 246
0.5154 0.7352 -0.2003 81 74 246
0.5160 0.7354 -0.1987 82 75 246
0.5167 0.7355 -0.1971 82 75 246
0.5174 0.7356 -0.1955 83 75 246
0.5181 0.7358 -0.1939 83 75 246
0.5187 0.7359 -0.1923 83 75 247
0.5194 0.7360 -0.1907 84 75 247
0.5200 0.7361 -0.1891 84 75 247
0.5207 0.7362 -0.1875 84 75 247
0.5213 0.7364 -0.1858 85 75 247
0.5220 0.7365 -0.1842 85 75 247
0.5226 0.7366 -0.1826 86 75 247
0.5232 0.7368 -0.1810 86 75 248
0.5238 0.7369 -0.1794 86 75 248
0.5245 0.7370 -0.1777 87 75 248
0.5251 0.7371 -0.1761 87 75 248
0.5257 0.7372 -0.1745 87 75 248
0.5263 0.7374 -0.1728 88 75 248
0.5269 0.7375 -0.1712 88 75 248
0.5275 0.7376 -0.1696 89 75 248
0.5281 0.7377 -0.1679 89 75 249
0.5286 0.7379 -0.1663 89 75 249
0.5292 0.7380 -0.1646 90 75 249
0.5298 0.7381 -0.1630 90 75 249
0.5304 0.7383 -0.1613 91 75 249
0.5309 0.7384 -0.1597 91 75 249
0.5315 0.7385 -0.1580 91 75 249
0.5320 0.7386 -0.1564 92 75 249
0.5326 0.7388 -0.1547 92 75 249
0.5331 0.7389 -0.1531 92 75 250
0.5337 0.7390 -0.1514 93 75 250
0.5342 0.7391 -0.1498 93 75 250
0.5347 0.7393 -0.1481 94 75 250
0.5352 0.7394 -0.1464 94 75 250
0.5357 0.7395 -0.1448 94 75 250
0.5363 0.7396 -0.1431 95 75 250
0.5368 0.7398 -0.1414 95 75 250
0.5373 0.7399 -0.1397 96 75 250
0.5378 0.7400 -0.1381 96 75 251
0.5382 0.7401 -0.1364 96 75 251
0.5387 0.7402 -0.1347 97 75 251
0.5392 0.7404 -0.1330 97 75 251
0.5397 0.7405 -0.1314 97 75 251
0.5402 0.7406 -0.1297 98 75 251
0.5406 0.7408 -0.1280 98 75 251
0.5411 0.7409 -0.1263 99 75 251
0.5415 0.7410 -0.1246 99 75 251
0.5420 0.7411 -0.1229 99 75 251
0.5424 0.7412 -0.1212 100 75 251
0.5429 0.7414 -0.1196 100 75 252
0.5433 0.7415 -0.1179 101 75 252
0.5437 0.7416 -0.1162 101 75 252
0.5441 0.7418 -0.1145 101 75 252
0.5445 0.7419 -0.1128 102 75 252
0.5450 0.7420 -0.1111 102 75 252
0.5454 0.7421 -0.1094 103 75 252
0.5458 0.7422 -0.1077 103 75 252
0.5462 0.7424 -0.1060 103 75 252
0.5465 0.7425 -0.1043 104 75 252
0.5469 0.7426 -0.1026 104 75 252
0.5473 0.7427 -0.1008 104 75 252
0.5477 0.7429 -0.0991 105 75 252
0.5480 0.7430 -0.0974 105 75 253
0.5484 0.7431 -0.0957 106 75 253
0.5488 0.7432 -0.0940 106 75 253
0.5491 0.7434 -0.0923 106 75 253
0.5495 0.7435 -0.0906 107 75 253
0.5498 0.7436 -0.0889 107 75 253
0.5501 0.7437 -0.0871 108 75 253
0.5505 0.7439 -0.0854 108 75 253
0.5508 0.7440 -0.0837 108 75 253
0.5511 0.7441 -0.0820 109 75 253
0.5514 0.7443 -0.0802 109 75 253
0.5517 0.7444 -0.0785 110 75 253
0.5520 0.7445 -0.0768 110 75 253
0.5523 0.7446 -0.0751 110 75 253
0.5526 0.7448 -0.0733 111 75 253
0.5529 0.7449 -0.0716 111 75 253
0.5532 0.7450 -0.0699 112 75 253
0.5535 0.7451 -0.0682 112 76 254
0.5538 0.7452 -0.0664 112 76 254
0.5540 0.7454 -0.0647 113 76 254
0.5543 0.7455 -0.0630 113 76 254
0.5545 0.7456 -0.0612 114 76 254
0.5548 0.7458 -0.0595 114 76 254
0.5550 0.7459 -0.0577 114 76 254
0.5553 0.7460 -0.0560 115 76 254
0.5555 0.7461 -0.0543 115 76 254
0.5557 0.7462 -0.0525 116 76 254
0.5559 0.7464 -0.0508 116 76 254
0.5562 0.7465 -0.0490 116 76 254
0.5564 0.7466 -0.0473 117 76 254
0.5566 0.7468 -0.0456 117 76 254
0.5568 0.7469 -0.0438 118 76 254
0.5570 0.7470 -0.0421 118 76 254
0.5572 0.7471 -0.0403 118 76 254
0.5573 0.7472 -0.0386 119 76 254
0.5575 0.7474 -0.0368 119 76 254
0.5577 0.7475 -0.0351 120 76 254
0.5579 0.7476 -0.0333 120 76 254
0.5580 0.7477 -0.0316 120 76 254
0.5582 0.7479 -0.0298 121 76 254
0.5583 0.7480 -0.0281 121 76 254
0.5585 0.7481 -0.0263 122 76 254
0.5586 0.7483 -0.0246 122 76 254
0.5588 0.7484 -0.0228 122 76 254
0.5589 0.7485 -0.0211 123 76 254
0.5590 0.7486 -0.0193 123 76 254
0.5591 0.7488 -0.0176 124 76 254
0.5592 0.7489 -0.0158 124 76 254
0.5593 0.7490 -0.0141 124 76 254
0.5594 0.7491 -0.0123 125 76 254
0.5595 0.7493 -0.0105 125 76 254
0.5596 0.7494 -0.0088 126 76 254
0.5597 0.7495 -0.0070 126 76 254
0.5598 0.7496 -0.0053 126 76 254
0.5599 0.7498 -0.0035 127 76 254
0.5599 0.7499 -0.0018 127 76 254
0.5600 0.7500 -0.0000 127 76 255
0.5601 0.7501 0.0018 128 76 254
0.5601 0.7502 0.0035 128 76 254
0.5602 0.7504 0.0053 129 76 254
0.5602 0.7505 0.0070 129 76 254
0.5602 0.7506 0.0088 129 76 254
0.5603 0.7508 0.0106 130 76 254
0.5603 0.7509 0.0123 130 76 254
0.5603 0.7510 0.0141 131 76 254
0.5603 0.7511 0.0158 131 76 254
0.5603 0.7512 0.0176 131 76 254
0.5603 0.7514 0.0194 132 76 254
0.5603 0.7515 0.0211 132 76 254
0.5603 0.7516 0.0229 133 76 254
0.5603 0.7518 0.0247 133 76 254
0.5603 0.7519 0.0264 133 76 254
0.5603 0.7520 0.0282 134 76 254
0.5602 0.7521 0.0299 134 76 254
0.5602 0.7522 0.0317 135 76 254
0.5601 0.7524 0.0335 135 76 254
0.5601 0.7525 0.0352 135 76 254
0.5600 0.7526 0.0370 136 76 254
0.5600 0.7527 0.0388 136 76 254
0.5599 0.7529 0.0405 137 76 254
0.5598 0.7530 0.0423 137 76 254
0.5598 0.7531 0.0441 137 76 254
0.5597 0.7532 0.0458 138 76 254
0.5596 0.7534 0.0476 138 76 254
0.5595 0.7535 0.0493 139 76 254
0.5594 0.7536 0.0511 139 76 254
0.5593 0.7537 0.0529 139 76 254
0.5592 0.7539 0.0546 140 76 254
0.5591 0.7540 0.0564 140 76 254
0.5590 0.7541 0.0582 141 76 254
0.5588 0.7543 0.0599 141 76 254
0.5587 0.7544 0.0617 141 76 254
0.5586 0.7545 0.0634 142 76 254
0.5584 0.7546 0.0652 142 76 254
0.5583 0.7548 0.0670 143 76 254
0.5581 0.7549 0.0687 143 76 254
0.5580 0.7550 0.0705 143 77 253
0.5578 0.7551 0.0722 144 77 253
0.5576 0.7552 0.0740 144 77 253
0.5575 0.7554 0.0758 145 77 253
0.5573 0.7555 0.0775 145 77 253
0.5571 0.7556 0.0793 145 77 253
0.5569 0.7558 0.0810 146 77 253
0.5567 0.7559 0.0828 146 77 253
0.5565 0.7560 0.0846 147 77 253
0.5563 0.7561 0.0863 147 77 253
0.5561 0.7562 0.0881 147 77 253
0.5558 0.7564 0.0898 148 77 253
0.5556 0.7565 0.0916 148 77 253
0.5554 0.7566 0.0933 149 77 253
0.5552 0.7568 0.0951 149 77 253
0.5549 0.7569 0.0968 149 77 253
0.5547 0.7570 0.0986 150 77 253
0.5544 0.7571 0.1004 150 77 252
0.5542 0.7572 0.1021 151 77 252
0.5539 0.7574 0.1039 151 77 252
0.5536 0.7575 0.1056 151 77 252
0.5533 0.7576 0.1074 152 77 252
0.5531 0.7577 0.1091 152 77 252
0.5528 0.7579 0.1109 152 77 252
0.5525 0.7580 0.1126 153 77 252
0.5522 0.7581 0.1144 153 77 252
0.5519 0.7583 0.1161 154 77 252
0.5516 0.7584 0.1178 154 77 252
0.5513 0.7585 0.1196 154 77 252
0.5509 0.7586 0.1213 155 77 252
0.5506 0.7588 0.1231 155 77 251
0.5503 0.7589 0.1248 156 77 251
0.5499 0.7590 0.1266 156 77 251
0.5496 0.7591 0.1283 156 77 251
0.5493 0.7593 0.1300 157 77 251
0.5489 0.7594 0.1318 157 77 251
0.5485 0.7595 0.1335 158 77 251
0.5482 0.7596 0.1353 158 77 251
0.5478 0.7598 0.1370 158 77 251
0.5474 0.7599 0.1387 159 77 251
0.5471 0.7600 0.1405 159 77 251
0.5467 0.7601 0.1422 159 77 250
0.5463 0.7602 0.1439 160 77 250
0.5459 0.7604 0.1457 160 77 250
0.5455 0.7605 0.1474 161 77 250
0.5451 0.7606 0.1491 161 77 250
0.5447 0.7608 0.1508 161 77 250
0.5442 0.7609 0.1526 162 77 250
0.5438 0.7610 0.1543 162 77 250
0.5434 0.7611 0.1560 163 77 250
0.5430 0.7612 0.1577 163 77 249
0.5425 0.7614 0.1595 163 77 249
0.5421 0.7615 0.1612 164 77 249
0.5416 0.7616 0.1629 164 77 249
0.5412 0.7618 0.1646 164 77 249
0.5407 0.7619 0.1663 165 77 249
0.5402 0.7620 0.1681 165 77 249
0.5398 0.7621 0.1698 166 77 249
0.5393 0.7622 0.1715 166 77 249
0.5388 0.7624 0.1732 166 77 248
0.5383 0.7625 0.1749 167 77 248
0.5378 0.7626 0.1766 167 77 248
0.5373 0.7627 0.1783 168 77 248
0.5368 0.7629 0.1800 168 77 248
0.5363 0.7630 0.1817 168 77 248
0.5358 0.7631 0.1834 169 77 248
0.5352 0.7632 0.1851 169 77 248
0.5347 0.7634 0.1868 169 77 247
0.5342 0.7635 0.1885 170 77 247
0.5336 0.7636 0.1902 170 77 247
0.5331 0.7637 0.1919 171 77 247
0.5326 0.7639 0.1936 171 77 247
0.5320 0.7640 0.1953 171 77 247
0.5314 0.7641 0.1970 172 77 247
0.5309 0.7643 0.1987 172 77 246
0.5303 0.7644 0.2004 172 77 246
0.5297 0.7645 0.2021 173 77 246
0.5291 0.7646 0.2038 173 77 246
0.5286 0.7648 0.2054 174 78 246
0.5280 0.7649 0.2071 174 78 246
0.5274 0.7650 0.2088 174 78 246
0.5268 0.7651 0.2105 175 78 245
0.5262 0.7652 0.2122 175 78 245
0.5255 0.7654 0.2138 175 78 245
0.5249 0.7655 0.2155 176 78 245
0.5243 0.7656 0.2172 176 78 245
0.5237 0.7658 0.2188 176 78 245
0.5230 0.7659 0.2205 177 78 245
0.5224 0.7660 0.2222 177 78 244
0.5218 0.7661 0.2238 178 78 244
0.5211 0.7662 0.2255 178 78 244
0.5204 0.7664 0.2272 178 78 244
0.5198 0.7665 0.2288 179 78 244
0.5191 0.7666 0.2305 179 78 244
0.5184 0.7667 0.2321 179 78 243
0.5178 0.7669 0.2338 180 78 243
0.5171 0.7670 0.2354 180 78 243
0.5164 0.7671 0.2371 180 78 243
0.5157 0.7672 0.2387 181 78 243
0.5150 0.7674 0.2404 181 78 243
0.5143 0.7675 0.2420 182 78 242
0.5136 0.7676 0.2437 182 78 242
0.5129 0.7677 0.2453 182 78 242
0.5122 0.7679 0.2469 183 78 242
0.5114 0.7680 0.2486 183 78 242
0.5107 0.7681 0.2502 183 78 242
0.5100 0.7683 0.2518 184 78 241
0.5092 0.7684 0.2535 184 78 241
0.5085 0.7685 0.2551 184 78 241
0.5077 0.7686 0.2567 185 78 241
0.5070 0.7688 0.2583 185 78 241
0.5062 0.7689 0.2599 186 78 240
0.5055 0.7690 0.2616 186 78 240
0.5047 0.7691 0.2632 186 78 240
0.5039 0.7692 0.2648 187 78 240
0.5031 0.7694 0.2664 187 78 240
0.5023 0.7695 0.2680 187 78 240
0.5015 0.7696 0.2696 188 78 239
0.5008 0.7698 0.2712 188 78 239
0.5000 0.7699 0.2728 188 78 239
0.4991 0.7700 0.2744 189 78 239
0.4983 0.7701 0.2760 189 78 239
0.4975 0.7702 0.2776 189 78 238
0.4967 0.7704 0.2792 190 78 238
0.4959 0.7705 0.2808 190 78 238
0.4950 0.7706 0.2824 190 78 238
0.4942 0.7708 0.2839 191 78 238
0.4934 0.7709 0.2855 191 78 237
0.4925 0.7710 0.2871 191 78 237
0.4917 0.7711 0.2887 192 78 237
0.4908 0.7712 0.2903 192 78 237
0.4899 0.7714 0.2918 192 78 237
0.4891 0.7715 0.2934 193 78 236
0.4882 0.7716 0.2950 193 78 236
0.4873 0.7717 0.2965 194 78 236
0.4864 0.7719 0.2981 194 78 236
0.4855 0.7720 0.2996 194 78 236
0.4847 0.7721 0.3012 195 78 235
0.4838 0.7722 0.3028 195 78 235
0.4829 0.7724 0.3043 195 78 235
0.4819 0.7725 0.3058 196 78 235
0.4810 0.7726 0.3074 196 78 235
0.4801 0.7727 0.3089 196 78 234
0.4792 0.7729 0.3105 197 78 234
0.4783 0.7730 0.3120 197 78 234
0.4773 0.7731 0.3135 197 78 234
0.4764 0.7732 0.3151 198 78 233
0.4754 0.7734 0.3166 198 78 233
0.4745 0.7735 0.3181 198 78 233
0.4736 0.7736 0.3197 199 78 233
0.4726 0.7737 0.3212 199 78 233
0.4716 0.7739 0.3227 199 78 232
0.4707 0.7740 0.3242 200 78 232
0.4697 0.7741 0.3257 200 78 232
0.4687 0.7742 0.3272 200 78 232
0.4677 0.7744 0.3287 201 78 231
0.4668 0.7745 0.3302 201 78 231
0.4658 0.7746 0.3317 201 79 231
0.4648 0.7748 0.3332 202 79 231
0.4638 0.7749 0.3347 202 79 230
0.4628 0.7750 0.3362 202 79 230
0.4617 0.7751 0.3377 202 79 230
0.4607 0.7752 0.3392 203 79 230
0.4597 0.7754 0.3407 203 79 230
0.4587 0.7755 0.3421 203 79 229
0.4577 0.7756 0.3436 204 79 229
0.4566 0.7758 0.3451 204 79 229
0.4556 0.7759 0.3466 204 79 229
0.4545 0.7760 0.3480 205 79 228
0.4535 0.7761 0.3495 205 79 228
0.4524 0.7762 0.3510 205 79 228
0.4514 0.7764 0.3524 206 79 228
0.4503 0.7765 0.3539 206 79 227
0.4493 0.7766 0.3553 206 79 227
0.4482 0.7767 0.3568 207 79 227
0.4471 0.7769 0.3582 207 79 227
0.4460 0.7770 0.3596 207 79 226
0.4449 0.7771 0.3611 208 79 226
0.4439 0.7772 0.3625 208 79 226
0.4428 0.7774 0.3639 208 79 226
0.4417 0.7775 0.3654 208 79 225
0.4406 0.7776 0.3668 209 79 225
0.4394 0.7777 0.3682 209 79 225
0.4383 0.7779 0.3696 209 79 225
0.4372 0.7780 0.3710 210 79 224
0.4361 0.7781 0.3725 210 79 224
0.4350 0.7783 0.3739 210 79 224
0.4338 0.7784 0.3753 211 79 224
0.4327 0.7785 0.3767 211 79 223
0.4316 0.7786 0.3781 211 79 223
0.4304 0.7788 0.3795 211 79 223
0.4293 0.7789 0.3809 212 79 222
0.4281 0.7790 0.3822 212 79 222
0.4270 0.7791 0.3836 212 79 222
0.4258 0.7792 0.3850 213 79 222
0.4246 0.7794 0.3864 213 79 221
0.4235 0.7795 0.3877 213 79 221
0.4223 0.7796 0.3891 214 79 221
0.4211 0.7798 0.3905 214 79 221
0.4199 0.7799 0.3918 214 79 220
0.4187 0.7800 0.3932 214 79 220
0.4175 0.7801 0.3946 215 79 220
0.4163 0.7802 0.3959 215 79 220
0.4151 0.7804 0.3973 215 79 219
0.4139 0.7805 0.3986 216 79 219
0.4127 0.7806 0.3999 216 79 219
0.4115 0.7808 0.4013 216 79 218
0.4103 0.7809 0.4026 216 79 218
0.4090 0.7810 0.4039 217 79 218
0.4078 0.7811 0.4053 217 79 218
0.4066 0.7813 0.4066 217 79 217
0.4053 0.7814 0.4079 218 79 217
0.4041 0.7815 0.4092 218 79 217
0.4029 0.7816 0.4105 218 79 216
0.4016 0.7817 0.4118 218 79 216
0.4004 0.7819 0.4131 219 79 216
0.3991 0.7820 0.4144 219 79 216
0.3978 0.7821 0.4157 219 79 215
0.3966 0.7823 0.4170 220 79 215
0.3953 0.7824 0.4183 220 79 215
0.3940 0.7825 0.4196 220 79 214
0.3927 0.7826 0.4209 220 79 214
0.3915 0.7827 0.4221 221 79 214
0.3902 0.7829 0.4234 221 79 214
0.3889 0.7830 0.4247 221 79 213
0.3876 0.7831 0.4260 221 79 213
0.3863 0.7833 0.4272 222 79 213
0.3850 0.7834 0.4285 222 79 212
0.3837 0.7835 0.4297 222 79 212
0.3824 0.7836 0.4310 222 79 212
0.3810 0.7837 0.4322 223 79 211
0.3797 0.7839 0.4335 223 79 211
0.3784 0.7840 0.4347 223 79 211
0.3771 0.7841 0.4359 224 79 211
0.3757 0.7842 0.4372 224 79 210
0.3744 0.7844 0.4384 224 80 210
0.3731 0.7845 0.4396 224 80 210
0.3717 0.7846 0.4408 225 80 209
0.3704 0.7848 0.4420 225 80 209
0.3690 0.7849 0.4432 225 80 209
0.3677 0.7850 0.4444 225 80 208
0.3663 0.7851 0.4456 226 80 208
0.3649 0.7853 0.4468 226 80 208
0.3636 0.7854 0.4480 226 80 208
0.3622 0.7855 0.4492 226 80 207
0.3608 0.7856 0.4504 227 80 207
0.3594 0.7858 0.4516 227 80 207
0.3581 0.7859 0.4527 227 80 206
0.3567 0.7860 0.4539 227 80 206
0.3553 0.7861 0.4551 228 80 206
0.3539 0.7863 0.4562 228 80 205
0.3525 0.7864 0.4574 228 80 205
0.3511 0.7865 0.4585 228 80 205
0.3497 0.7866 0.4597 229 80 204
0.3483 0.7867 0.4608 229 80 204
0.3469 0.7869 0.4620 229 80 204
0.3454 0.7870 0.4631 229 80 203
0.3440 0.7871 0.4642 230 80 203
0.3426 0.7873 0.4654 230 80 203
0.3412 0.7874 0.4665 230 80 202
0.3397 0.7875 0.4676 230 80 202
0.3383 0.7876 0.4687 230 80 202
0.3369 0.7877 0.4698 231 80 202
0.3354 0.7879 0.4709 231 80 201
0.3340 0.7880 0.4720 231 80 201
0.3325 0.7881 0.4731 231 80 201
0.3311 0.7883 0.4742 232 80 200
0.3296 0.7884 0.4753 232 80 200
0.3282 0.7885 0.4764 232 80 200
0.3267 0.7886 0.4775 232 80 199
0.3252 0.7888 0.4785 233 80 199
0.3238 0.7889 0.4796 233 80 199
0.3223 0.7890 0.4807 233 80 198
0.3208 0.7891 0.4817 233 80 198
0.3193 0.7893 0.4828 233 80 198
0.3178 0.7894 0.4838 234 80 197
0.3163 0.7895 0.4849 234 80 197
0.3148 0.7896 0.4859 234 80 197
0.3134 0.7898 0.4870 234 80 196
0.3119 0.7899 0.4880 235 80 196
0.3104 0.7900 0.4890 235 80 196
0.3088 0.7901 0.4901 235 80 195
0.3073 0.7903 0.4911 235 80 195
0.3058 0.7904 0.4921 235 80 195
0.3043 0.7905 0.4931 236 80 194
0.3028 0.7906 0.4941 236 80 194
0.3013 0.7908 0.4951 236 80 194
0.2997 0.7909 0.4961 236 80 193
0.2982 0.7910 0.4971 236 80 193
0.2967 0.7911 0.4981 237 80 192
0.2951 0.7913 0.4991 237 80 192
0.2936 0.7914 0.5000 237 80 192
0.2921 0.7915 0.5010 237 80 191
0.2905 0.7916 0.5020 237 80 191
0.2890 0.7917 0.5029 238 80 191
0.2874 0.7919 0.5039 238 80 190
0.2859 0.7920 0.5048 238 80 190
0.2843 0.7921 0.5058 238 80 190
0.2827 0.7923 0.5067 238 80 189
0.2812 0.7924 0.5077 239 80 189
0.2796 0.7925 0.5086 239 80 189
0.2780 0.7926 0.5095 239 80 188
0.2765 0.7927 0.5105 239 80 188
0.2749 0.7929 0.5114 239 80 188
0.2733 0.7930 0.5123 240 80 187
0.2717 0.7931 0.5132 240 80 187
0.2701 0.7933 0.5141 240 80 187
0.2686 0.7934 0.5150 240 80 186
0.2670 0.7935 0.5159 240 80 186
0.2654 0.7936 0.5168 240 80 186
0.2638 0.7937 0.5177 241 80 185
0.2622 0.7939 0.5186 241 80 185
0.2606 0.7940 0.5194 241 80 184
0.2590 0.7941 0.5203 241 81 184
0.2573 0.7942 0.5212 241 81 184
0.2557 0.7944 0.5220 242 81 183
0.2541 0.7945 0.5229 242 81 183
0.2525 0.7946 0.5237 242 81 183
0.2509 0.7948 0.5246 242 81 182
0.2493 0.7949 0.5254 242 81 182
0.2476 0.7950 0.5262 242 81 182
0.2460 0.7951 0.5271 243 81 181
0.2444 0.7953 0.5279 243 81 181
0.2427 0.7954 0.5287 243 81 180
0.2411 0.7955 0.5295 243 81 180
0.2395 0.7956 0.5303 243 81 180
0.2378 0.7958 0.5311 243 81 179
0.2362 0.7959 0.5319 244 81 179
0.2345 0.7960 0.5327 244 81 179
0.2329 0.7961 0.5335 244 81 178
0.2312 0.7963 0.5343 244 81 178
0.2296 0.7964 0.5351 244 81 178
0.2279 0.7965 0.5359 244 81 177
0.2262 0.7966 0.5366 245 81 177
0.2246 0.7967 0.5374 245 81 176
0.2229 0.7969 0.5382 245 81 176
0.2212 0.7970 0.5389 245 81 176
0.2196 0.7971 0.5397 245 81 175
0.2179 0.7973 0.5404 245 81 175
0.2162 0.7974 0.5411 245 81 175
0.2145 0.7975 0.5419 246 81 174
0.2129 0.7976 0.5426 246 81 174
0.2112 0.7977 0.5433 246 81 174
0.2095 0.7979 0.5440 246 81 173
0.2078 0.7980 0.5448 246 81 173
0.2061 0.7981 0.5455 246 81 172
0.2044 0.7982 0.5462 246 81 172
0.2027 0.7984 0.5469 247 81 172
0.2010 0.7985 0.5475 247 81 171
0.1993 0.7986 0.5482 247 81 171
0.1976 0.7988 0.5489 247 81 171
0.1959 0.7989 0.5496 247 81 170
0.1942 0.7990 0.5503 247 81 170
0.1925 0.7991 0.5509 247 81 169
0.1908 0.7993 0.5516 248 81 169
0.1891 0.7994 0.5522 248 81 169
0.1874 0.7995 0.5529 248 81 168
0.1856 0.7996 0.5535 248 81 168
0.1839 0.7998 0.5542 248 81 168
0.1822 0.7999 0.5548 248 81 167
0.1805 0.8000 0.5554 248 81 167
0.1787 0.8001 0.5560 248 81 166
0.1770 0.8003 0.5567 249 81 166
0.1753 0.8004 0.5573 249 81 166
0.1735 0.8005 0.5579 249 81 165
0.1718 0.8006 0.5585 249 81 165
0.1701 0.8007 0.5591 249 81 164
0.1683 0.8009 0.5597 249 81 164
0.1666 0.8010 0.5602 249 81 164
0.1648 0.8011 0.5608 249 81 163
0.1631 0.8013 0.5614 249 81 163
0.1614 0.8014 0.5620 250 81 163
0.1596 0.8015 0.5625 250 81 162
0.1578 0.8016 0.5631 250 81 162
0.1561 0.8017 0.5636 250 81 161
0.1543 0.8019 0.5642 250 81 161
0.1526 0.8020 0.5647 250 81 161
0.1508 0.8021 0.5652 250 81 160
0.1491 0.8023 0.5658 250 81 160
0.1473 0.8024 0.5663 250 81 159
0.1455 0.8025 0.5668 251 81 159
0.1438 0.8026 0.5673 251 81 159
0.1420 0.8027 0.5678 251 81 158
0.1402 0.8029 0.5683 251 81 158
0.1385 0.8030 0.5688 251 81 158
0.1367 0.8031 0.5693 251 81 157
0.1349 0.8032 0.5698 251 81 157
0.1331 0.8034 0.5703 251 81 156
0.1314 0.8035 0.5708 251 81 156
0.1296 0.8036 0.5712 251 81 156
0.1278 0.8037 0.5717 251 81 155
0.1260 0.8039 0.5721 252 81 155
0.1242 0.8040 0.5726 252 82 154
0.1224 0.8041 0.5730 252 82 154
0.1206 0.8042 0.5735 252 82 154
0.1189 0.8044 0.5739 252 82 153
0.1171 0.8045 0.5744 252 82 153
0.1153 0.8046 0.5748 252 82 152
0.1135 0.8048 0.5752 252 82 152
0.1117 0.8049 0.5756 252 82 152
0.1099 0.8050 0.5760 252 82 151
0.1081 0.8051 0.5764 252 82 151
0.1063 0.8053 0.5768 252 82 151
0.1045 0.8054 0.5772 252 82 150
0.1027 0.8055 0.5776 253 82 150
0.1009 0.8056 0.5780 253 82 149
0.0991 0.8057 0.5783 253 82 149
0.0973 0.8059 0.5787 253 82 149
0.0954 0.8060 0.5791 253 82 148
0.0936 0.8061 0.5794 253 82 148
0.0918 0.8063 0.5798 253 82 147
0.0900 0.8064 0.5801 253 82 147
0.0882 0.8065 0.5805 253 82 147
0.0864 0.8066 0.5808 253 82 146
0.0846 0.8067 0.5811 253 82 146
0.0828 0.8069 0.5814 253 82 145
0.0809 0.8070 0.5818 253 82 145
0.0791 0.8071 0.5821 253 82 145
0.0773 0.8073 0.5824 253 82 144
0.0755 0.8074 0.5827 253 82 144
0.0736 0.8075 0.5830 253 82 143
0.0718 0.8076 0.5833 254 82 143
0.0700 0.8077 0.5835 254 82 143
0.0682 0.8079 0.5838 254 82 142
0.0663 0.8080 0.5841 254 82 142
0.0645 0.8081 0.5843 254 82 141
0.0627 0.8082 0.5846 254 82 141
0.0609 0.8084 0.5849 254 82 141
0.0590 0.8085 0.5851 254 82 140
0.0572 0.8086 0.5854 254 82 140
0.0554 0.8088 0.5856 254 82 139
0.0535 0.8089 0.5858 254 82 139
0.0517 0.8090 0.5860 254 82 139
0.0498 0.8091 0.5863 254 82 138
0.0480 0.8093 0.5865 254 82 138
0.0462 0.8094 0.5867 254 82 137
0.0443 0.8095 0.5869 254 82 137
0.0425 0.8096 0.5871 254 82 137
0.0407 0.8098 0.5873 254 82 136
0.0388 0.8099 0.5875 254 82 136
0.0370 0.8100 0.5876 254 82 135
0.0351 0.8101 0.5878 254 82 135
0.0333 0.8103 0.5880 254 82 135
0.0314 0.8104 0.5881 254 82 134
0.0296 0.8105 0.5883 254 82 134
0.0278 0.8106 0.5884 254 82 133
0.0259 0.8107 0.5886 254 82 133
0.0241 0.8109 0.5887 254 82 133
0.0222 0.8110 0.5889 254 82 132
0.0204 0.8111 0.5890 254 82 132
0.0185 0.8113 0.5891 254 82 131
0.0167 0.8114 0.5892 254 82 131
0.0148 0.8115 0.5893 254 82 131
0.0130 0.8116 0.5894 254 82 130
0.0111 0.8117 0.5895 254 82 130
0.0093 0.8119 0.5896 254 82 129
0.0074 0.8120 0.5897 254 82 129
0.0056 0.8121 0.5898 254 82 129
0.0037 0.8123 0.5899 254 82 128
0.0019 0.8124 0.5899 254 82 128
-0.0000 0.8125 0.5900 255 82 127
-0.0019 0.8126 0.5901 254 82 127
-0.0037 0.8127 0.5901 254 82 127
-0.0056 0.8129 0.5902 254 82 126
-0.0074 0.8130 0.5902 254 82 126
-0.0093 0.8131 0.5902 254 82 126
-0.0111 0.8132 0.5903 254 82 125
-0.0130 0.8134 0.5903 254 82 125
-0.0148 0.8135 0.5903 254 82 124
-0.0167 0.8136 0.5903 254 82 124
-0.0186 0.8137 0.5903 254 83 124
-0.0204 0.8139 0.5903 254 83 123
-0.0223 0.8140 0.5903 254 83 123
-0.0241 0.8141 0.5903 254 83 122
-0.0260 0.8142 0.5903 254 83 122
-0.0278 0.8144 0.5902 254 83 122
-0.0297 0.8145 0.5902 254 83 121
-0.0315 0.8146 0.5902 254 83 121
-0.0334 0.8148 0.5901 254 83 120
-0.0353 0.8149 0.5901 254 83 120
-0.0371 0.8150 0.5900 254 83 120
-0.0390 0.8151 0.5900 254 83 119
-0.0408 0.8153 0.5899 254 83 119
-0.0427 0.8154 0.5898 254 83 118
-0.0446 0.8155 0.5898 254 83 118
-0.0464 0.8156 0.5897 254 83 118
-0.0483 0.8157 0.5896 254 83 117
-0.0501 0.8159 0.5895 254 83 117
-0.0520 0.8160 0.5894 254 83 116
-0.0538 0.8161 0.5893 254 83 116
-0.0557 0.8163 0.5892 254 83 116
-0.0575 0.8164 0.5891 254 83 115
-0.0594 0.8165 0.5889 254 83 115
-0.0613 0.8166 0.5888 254 83 114
-0.0631 0.8167 0.5887 254 83 114
-0.0650 0.8169 0.5885 254 83 114
-0.0668 0.8170 0.5884 254 83 113
-0.0687 0.8171 0.5882 254 83 113
-0.0705 0.8173 0.5881 254 83 112
-0.0724 0.8174 0.5879 254 83 112
-0.0742 0.8175 0.5877 253 83 112
-0.0761 0.8176 0.5876 253 83 111
-0.0780 0.8177 0.5874 253 83 111
-0.0798 0.8179 0.5872 253 83 110
-0.0817 0.8180 0.5870 253 83 110
-0.0835 0.8181 0.5868 253 83 110
-0.0854 0.8182 0.5866 253 83 109
-0.0872 0.8184 0.5864 253 83 109
-0.0891 0.8185 0.5862 253 83 108
-0.0909 0.8186 0.5859 253 83 108
-0.0928 0.8188 0.5857 253 83 108
-0.0946 0.8189 0.5855 253 83 107
-0.0965 0.8190 0.5852 253 83 107
-0.0983 0.8191 0.5850 253 83 106
-0.1002 0.8193 0.5847 253 83 106
-0.1020 0.8194 0.5845 253 83 106
-0.1039 0.8195 0.5842 253 83 105
-0.1057 0.8196 0.5839 252 83 105
-0.1075 0.8198 0.5837 252 83 104
-0.1094 0.8199 0.5834 252 83 104
-0.1112 0.8200 0.5831 252 83 104
-0.1131 0.8201 0.5828 252 83 103
-0.1149 0.8203 0.5825 252 83 103
-0.1168 0.8204 0.5822 252 83 103
-0.1186 0.8205 0.5819 252 83 102
-0.1204 0.8206 0.5816 252 83 102
-0.1223 0.8207 0.5812 252 83 101
-0.1241 0.8209 0.5809 252 83 101
-0.1259 0.8210 0.5806 252 83 101
-0.1278 0.8211 0.5802 252 83 100
-0.1296 0.8213 0.5799 251 83 100
-0.1315 0.8214 0.5795 251 83 99
-0.1333 0.8215 0.5792 251 83 99
-0.1351 0.8216 0.5788 251 83 99
-0.1370 0.8217 0.5784 251 83 98
-0.1388 0.8219 0.5781 251 83 98
-0.1406 0.8220 0.5777 251 83 97
-0.1424 0.8221 0.5773 251 83 97
-0.1443 0.8223 0.5769 251 83 97
-0.1461 0.8224 0.5765 251 83 96
-0.1479 0.8225 0.5761 251 83 96
-0.1497 0.8226 0.5757 250 83 96
-0.1516 0.8227 0.5753 250 83 95
-0.1534 0.8229 0.5749 250 83 95
-0.1552 0.8230 0.5744 250 83 94
-0.1570 0.8231 0.5740 250 83 94
-0.1588 0.8232 0.5736 250 83 94
-0.1607 0.8234 0.5731 250 83 93
-0.1625 0.8235 0.5727 250 83 93
-0.1643 0.8236 0.5722 250 84 92
-0.1661 0.8237 0.5718 249 84 92
-0.1679 0.8239 0.5713 249 84 92
-0.1697 0.8240 0.5708 249 84 91
-0.1715 0.8241 0.5703 249 84 91
-0.1734 0.8242 0.5699 249 84 91
-0.1752 0.8244 0.5694 249 84 90
-0.1770 0.8245 0.5689 249 84 90
-0.1788 0.8246 0.5684 249 84 89
-0.1806 0.8248 0.5679 249 84 89
-0.1824 0.8249 0.5673 248 84 89
-0.1842 0.8250 0.5668 248 84 88
-0.1860 0.8251 0.5663 248 84 88
-0.1878 0.8253 0.5658 248 84 87
-0.1896 0.8254 0.5652 248 84 87
-0.1914 0.8255 0.5647 248 84 87
-0.1932 0.8256 0.5642 248 84 86
-0.1949 0.8257 0.5636 248 84 86
-0.1967 0.8259 0.5630 247 84 86
-0.1985 0.8260 0.5625 247 84 85
-0.2003 0.8261 0.5619 247 84 85
-0.2021 0.8263 0.5613 247 84 84
-0.2039 0.8264 0.5607 247 84 84
-0.2057 0.8265 0.5602 247 84 84
-0.2074 0.8266 0.5596 247 84 83
-0.2092 0.8267 0.5590 246 84 83
-0.2110 0.8269 0.5584 246 84 83
-0.2128 0.8270 0.5578 246 84 82
-0.2145 0.8271 0.5571 246 84 82
-0.2163 0.8273 0.5565 246 84 81
-0.2181 0.8274 0.5559 246 84 81
-0.2198 0.8275 0.5553 246 84 81
-0.2216 0.8276 0.5546 245 84 80
-0.2234 0.8277 0.5540 245 84 80
-0.2251 0.8279 0.5533 245 84 80
-0.2269 0.8280 0.5527 245 84 79
-0.2287 0.8281 0.5520 245 84 79
-0.2304 0.8282 0.5514 245 84 79
-0.2322 0.8284 0.5507 245 84 78
-0.2339 0.8285 0.5500 244 84 78
-0.2357 0.8286 0.5493 244 84 77
-0.2374 0.8288 0.5486 244 84 77
-0.2392 0.8289 0.5479 244 84 77
-0.2409 0.8290 0.5472 244 84 76
-0.2426 0.8291 0.5465 244 84 76
-0.2444 0.8293 0.5458 243 84 76
-0.2461 0.8294 0.5451 243 84 75
-0.2479 0.8295 0.5444 243 84 75
-0.2496 0.8296 0.5437 243 84 75
-0.2513 0.8297 0.5429 243 84 74
-0.2531 0.8299 0.5422 243 84 74
-0.2548 0.8300 0.5414 242 84 73
-0.2565 0.8301 0.5407 242 84 73
-0.2582 0.8303 0.5399 242 84 73
-0.2600 0.8304 0.5392 242 84 72
-0.2617 0.8305 0.5384 242 84 72
-0.2634 0.8306 0.5376 242 84 72
-0.2651 0.8307 0.5369 241 84 71
-0.2668 0.8309 0.5361 241 84 71
-0.2685 0.8310 0.5353 241 84 71
-0.2702 0.8311 0.5345 241 84 70
-0.2719 0.8313 0.5337 241 84 70
-0.2736 0.8314 0.5329 240 84 69
-0.2753 0.8315 0.5321 240 84 69
-0.2770 0.8316 0.5313 240 84 69
-0.2787 0.8317 0.5305 240 84 68
-0.2804 0.8319 0.5296 240 84 68
-0.2821 0.8320 0.5288 240 84 68
-0.2838 0.8321 0.5280 239 84 67
-0.2855 0.8322 0.5271 239 84 67
-0.2872 0.8324 0.5263 239 84 67
-0.2889 0.8325 0.5254 239 84 66
-0.2905 0.8326 0.5246 239 84 66
-0.2922 0.8327 0.5237 238 84 66
-0.2939 0.8329 0.5228 238 84 65
-0.2956 0.8330 0.5220 238 84 65
-0.2972 0.8331 0.5211 238 84 65
-0.2989 0.8332 0.5202 238 84 64
-0.3006 0.8334 0.5193 237 85 64
-0.3022 0.8335 0.5184 237 85 64
-0.3039 0.8336 0.5175 237 85 63
-0.3055 0.8337 0.5166 237 85 63
-0.3072 0.8339 0.5157 237 85 63
-0.3088 0.8340 0.5148 236 85 62
-0.3105 0.8341 0.5139 236 85 62
-0.3121 0.8342 0.5129 236 85 61
-0.3138 0.8344 0.5120 236 85 61
-0.3154 0.8345 0.5111 236 85 61
-0.3170 0.8346 0.5101 235 85 60
-0.3187 0.8347 0.5092 235 85 60
-0.3203 0.8349 0.5082 235 85 60
-0.3219 0.8350 0.5073 235 85 59
-0.3235 0.8351 0.5063 235 85 59
-0.3252 0.8353 0.5053 234 85 59
-0.3268 0.8354 0.5044 234 85 58
-0.3284 0.8355 0.5034 234 85 58
-0.3300 0.8356 0.5024 234 85 58
-0.3316 0.8357 0.5014 233 85 57
-0.3332 0.8359 0.5004 233 85 57
-0.3348 0.8360 0.4994 233 85 57
-0.3364 0.8361 0.4984 233 85 56
-0.3380 0.8363 0.4974 233 85 56
-0.3396 0.8364 0.4964 232 85 56
-0.3412 0.8365 0.4954 232 85 55
-0.3428 0.8366 0.4943 232 85 55
-0.3444 0.8367 0.4933 232 85 55
-0.3460 0.8369 0.4923 231 85 54
-0.3476 0.8370 0.4912 231 85 54
-0.3491 0.8371 0.4902 231 85 54
-0.3507 0.8372 0.4891 231 85 53
-0.3523 0.8374 0.4881 230 85 53
-0.3538 0.8375 0.4870 230 85 53
-0.3554 0.8376 0.4860 230 85 53
-0.3570 0.8377 0.4849 230 85 52
-0.3585 0.8379 0.4838 230 85 52
-0.3601 0.8380 0.4827 229 85 52
-0.3616 0.8381 0.4817 229 85 51
-0.3632 0.8382 0.4806 229 85 51
-0.3647 0.8384 0.4795 229 85 51
-0.3663 0.8385 0.4784 228 85 50
-0.3678 0.8386 0.4773 228 85 50
-0.3693 0.8388 0.4761 228 85 50
-0.3709 0.8389 0.4750 228 85 49
-0.3724 0.8390 0.4739 227 85 49
-0.3739 0.8391 0.4728 227 85 49
-0.3754 0.8393 0.4717 227 85 48
-0.3770 0.8394 0.4705 227 85 48
-0.3785 0.8395 0.4694 226 85 48
-0.3800 0.8396 0.4682 226 85 47
-0.3815 0.8397 0.4671 226 85 47
-0.3830 0.8399 0.4659 226 85 47
-0.3845 0.8400 0.4648 225 85 47
-0.3860 0.8401 0.4636 225 85 46
-0.3875 0.8403 0.4624 225 85 46
-0.3890 0.8404 0.4613 225 85 46
-0.3905 0.8405 0.4601 224 85 45
-0.3919 0.8406 0.4589 224 85 45
-0.3934 0.8407 0.4577 224 85 45
-0.3949 0.8409 0.4565 224 85 44
-0.3964 0.8410 0.4553 223 85 44
-0.3978 0.8411 0.4541 223 85 44
-0.3993 0.8413 0.4529 223 85 44
-0.4008 0.8414 0.4517 222 85 43
-0.4022 0.8415 0.4505 222 85 43
-0.4037 0.8416 0.4493 222 85 43
-0.4051 0.8417 0.4480 222 85 42
-0.4066 0.8419 0.4468 221 85 42
-0.4080 0.8420 0.4456 221 85 42
-0.4094 0.8421 0.4443 221 85 41
-0.4109 0.8422 0.4431 221 85 41
-0.4123 0.8424 0.4418 220 85 41
-0.4137 0.8425 0.4406 220 85 41
-0.4152 0.8426 0.4393 220 85 40
-0.4166 0.8427 0.4381 220 85 40
-0.4180 0.8429 0.4368 219 85 40
-0.4194 0.8430 0.4355 219 85 39
-0.4208 0.8431 0.4343 219 85 39
-0.4222 0.8432 0.4330 218 86 39
-0.4236 0.8434 0.4317 218 86 39
-0.4250 0.8435 0.4304 218 86 38
-0.4264 0.8436 0.4291 218 86 38
-0.4278 0.8438 0.4278 217 86 38
-0.4292 0.8439 0.4265 217 86 37
-0.4306 0.8440 0.4252 217 86 37
-0.4319 0.8441 0.4239 216 86 37
-0.4333 0.8442 0.4226 216 86 37
-0.4347 0.8444 0.4212 216 86 36
-0.4360 0.8445 0.4199 216 86 36
-0.4374 0.8446 0.4186 215 86 36
-0.4388 0.8447 0.4172 215 86 35
-0.4401 0.8449 0.4159 215 86 35
-0.4415 0.8450 0.4146 214 86 35
-0.4428 0.8451 0.4132 214 86 35
-0.4441 0.8453 0.4119 214 86 34
-0.4455 0.8454 0.4105 214 86 34
-0.4468 0.8455 0.4091 213 86 34
-0.4481 0.8456 0.4078 213 86 34
-0.4495 0.8458 0.4064 213 86 33
-0.4508 0.8459 0.4050 212 86 33
-0.4521 0.8460 0.4037 212 86 33
-0.4534 0.8461 0.4023 212 86 33
-0.4547 0.8463 0.4009 211 86 32
-0.4560 0.8464 0.3995 211 86 32
-0.4573 0.8465 0.3981 211 86 32
-0.4586 0.8466 0.3967 211 86 31
-0.4599 0.8468 0.3953 210 86 31
-0.4612 0.8469 0.3939 210 86 31
-0.4625 0.8470 0.3925 210 86 31
-0.4637 0.8471 0.3911 209 86 30
-0.4650 0.8472 0.3896 209 86 30
-0.4663 0.8474 0.3882 209 86 30
-0.4675 0.8475 0.3868 208 86 30
-0.4688 0.8476 0.3854 208 86 29
-0.4701 0.8478 0.3839 208 86 29
-0.4713 0.8479 0.3825 208 86 29
-0.4726 0.8480 0.3810 207 86 29
-0.4738 0.8481 0.3796 207 86 28
-0.4750 0.8482 0.3781 207 86 28
-0.4763 0.8484 0.3767 206 86 28
-0.4775 0.8485 0.3752 206 86 28
-0.4787 0.8486 0.3737 206 86 27
-0.4799 0.8488 0.3723 205 86 27
-0.4812 0.8489 0.3708 205 86 27
-0.4824 0.8490 0.3693 205 86 27
-0.4836 0.8491 0.3678 204 86 26
-0.4848 0.8493 0.3664 204 86 26
-0.4860 0.8494 0.3649 204 86 26
-0.4872 0.8495 0.3634 203 86 26
-0.4883 0.8496 0.3619 203 86 25
-0.4895 0.8498 0.3604 203 86 25
-0.4907 0.8499 0.3589 202 86 25
-0.4919 0.8500 0.3574 202 86 25
-0.4931 0.8501 0.3559 202 86 25
-0.4942 0.8503 0.3543 202 86 24
-0.4954 0.8504 0.3528 201 86 24
-0.4965 0.8505 0.3513 201 86 24
-0.4977 0.8506 0.3498 201 86 24
-0.4988 0.8508 0.3482 200 86 23
-0.5000 0.8509 0.3467 200 86 23
-0.5011 0.8510 0.3452 200 86 23
-0.5022 0.8511 0.3436 199 86 23
-0.5034 0.8513 0.3421 199 86 22
-0.5045 0.8514 0.3405 199 86 22
-0.5056 0.8515 0.3390 198 86 22
-0.5067 0.8516 0.3374 198 86 22
-0.5078 0.8518 0.3359 198 86 22
-0.5089 0.8519 0.3343 197 86 21
-0.5100 0.8520 0.3327 197 86 21
-0.5111 0.8521 0.3312 197 86 21
-0.5122 0.8522 0.3296 196 86 21
-0.5133 0.8524 0.3280 196 86 20
-0.5144 0.8525 0.3264 196 86 20
-0.5154 0.8526 0.3248 195 86 20
-0.5165 0.8528 0.3233 195 86 20
-0.5176 0.8529 0.3217 195 86 20
-0.5186 0.8530 0.3201 194 87 19
-0.5197 0.8531 0.3185 194 87 19
-0.5207 0.8532 0.3169 194 87 19
-0.5218 0.8534 0.3153 193 87 19
-0.5228 0.8535 0.3136 193 87 19
-0.5239 0.8536 0.3120 192 87 18
-0.5249 0.8538 0.3104 192 87 18
-0.5259 0.8539 0.3088 192 87 18
-0.5269 0.8540 0.3072 191 87 18
-0.5279 0.8541 0.3055 191 87 18
-0.5289 0.8542 0.3039 191 87 17
-0.5300 0.8544 0.3023 190 87 17
-0.5310 0.8545 0.3006 190 87 17
-0.5319 0.8546 0.2990 190 87 17
-0.5329 0.8547 0.2974 189 87 17
-0.5339 0.8549 0.2957 189 87 16
-0.5349 0.8550 0.2941 189 87 16
-0.5359 0.8551 0.2924 188 87 16
-0.5368 0.8553 0.2908 188 87 16
-0.5378 0.8554 0.2891 188 87 16
-0.5388 0.8555 0.2874 187 87 15
-0.5397 0.8556 0.2858 187 87 15
-0.5407 0.8558 0.2841 187 87 15
-0.5416 0.8559 0.2824 186 87 15
-0.5425 0.8560 0.2807 186 87 15
-0.5435 0.8561 0.2791 186 87 15
-0.5444 0.8563 0.2774 185 87 14
-0.5453 0.8564 0.2757 185 87 14
-0.5462 0.8565 0.2740 184 87 14
-0.5472 0.8566 0.2723 184 87 14
-0.5481 0.8568 0.2706 184 87 14
-0.5490 0.8569 0.2689 183 87 13
-0.5499 0.8570 0.2672 183 87 13
-0.5508 0.8571 0.2655 183 87 13
-0.5516 0.8572 0.2638 182 87 13
-0.5525 0.8574 0.2621 182 87 13
-0.5534 0.8575 0.2604 182 87 13
-0.5543 0.8576 0.2587 181 87 12
-0.5551 0.8578 0.2570 181 87 12
-0.5560 0.8579 0.2553 180 87 12
-0.5568 0.8580 0.2535 180 87 12
-0.5577 0.8581 0.2518 180 87 12
-0.5585 0.8582 0.2501 179 87 12
-0.5594 0.8584 0.2483 179 87 11
-0.5602 0.8585 0.2466 179 87 11
-0.5610 0.8586 0.2449 178 87 11
-0.5618 0.8588 0.2431 178 87 11
-0.5627 0.8589 0.2414 178 87 11
-0.5635 0.8590 0.2396 177 87 11
-0.5643 0.8591 0.2379 177 87 10
-0.5651 0.8593 0.2361 176 87 10
-0.5659 0.8594 0.2344 176 87 10
-0.5667 0.8595 0.2326 176 87 10
-0.5674 0.8596 0.2309 175 87 10
-0.5682 0.8598 0.2291 175 87 10
-0.5690 0.8599 0.2274 175 87 10
-0.5698 0.8600 0.2256 174 87 9
-0.5705 0.8601 0.2238 174 87 9
-0.5713 0.8603 0.2220 174 87 9
-0.5720 0.8604 0.2203 173 87 9
-0.5728 0.8605 0.2185 173 87 9
-0.5735 0.8606 0.2167 172 87 9
-0.5743 0.8608 0.2149 172 87 9
-0.5750 0.8609 0.2131 172 87 8
-0.5757 0.8610 0.2114 171 87 8
-0.5764 0.8611 0.2096 171 87 8
-0.5771 0.8612 0.2078 171 87 8
-0.5778 0.8614 0.2060 170 87 8
-0.5785 0.8615 0.2042 170 87 8
-0.5792 0.8616 0.2024 169 87 8
-0.5799 0.8618 0.2006 169 87 7
-0.5806 0.8619 0.1988 169 87 7
-0.5813 0.8620 0.1970 168 87 7
-0.5820 0.8621 0.1952 168 87 7
-0.5826 0.8622 0.1934 168 87 7
-0.5833 0.8624 0.1916 167 87 7
-0.5839 0.8625 0.1897 167 87 7
-0.5846 0.8626 0.1879 166 87 7
-0.5852 0.8628 0.1861 166 88 6
-0.5859 0.8629 0.1843 166 88 6
-0.5865 0.8630 0.1825 165 88 6
-0.5871 0.8631 0.1806 165 88 6
-0.5878 0.8632 0.1788 164 88 6
-0.5884 0.8634 0.1770 164 88 6
-0.5890 0.8635 0.1751 164 88 6
-0.5896 0.8636 0.1733 163 88 6
-0.5902 0.8637 0.1715 163 88 6
-0.5908 0.8639 0.1696 163 88 5
-0.5914 0.8640 0.1678 162 88 5
-0.5920 0.8641 0.1659 162 88 5
-0.5925 0.8642 0.1641 161 88 5
-0.5931 0.8644 0.1623 161 88 5
-0.5937 0.8645 0.1604 161 88 5
-0.5942 0.8646 0.1586 160 88 5
-0.5948 0.8647 0.1567 160 88 5
-0.5953 0.8649 0.1549 159 88 5
-0.5959 0.8650 0.1530 159 88 4
-0.5964 0.8651 0.1511 159 88 4
-0.5969 0.8653 0.1493 158 88 4
-0.5975 0.8654 0.1474 158 88 4
-0.5980 0.8655 0.1456 158 88 4
-0.5985 0.8656 0.1437 157 88 4
-0.5990 0.8658 0.1418 157 88 4
-0.5995 0.8659 0.1399 156 88 4
-0.6000 0.8660 0.1381 156 88 4
-0.6005 0.8661 0.1362 156 88 4
-0.6010 0.8662 0.1343 155 88 4
-0.6014 0.8664 0.1325 155 88 3
-0.6019 0.8665 0.1306 154 88 3
-0.6024 0.8666 0.1287 154 88 3
-0.6028 0.8668 0.1268 154 88 3
-0.6033 0.8669 0.1249 153 88 3
-0.6037 0.8670 0.1231 153 88 3
-0.6042 0.8671 0.1212 152 88 3
-0.6046 0.8672 0.1193 152 88 3
-0.6051 0.8674 0.1174 152 88 3
-0.6055 0.8675 0.1155 151 88 3
-0.6059 0.8676 0.1136 151 88 3
-0.6063 0.8678 0.1117 151 88 3
-0.6067 0.8679 0.1098 150 88 3
-0.6071 0.8680 0.1079 150 88 2
-0.6075 0.8681 0.1060 149 88 2
-0.6079 0.8682 0.1041 149 88 2
-0.6083 0.8684 0.1022 149 88 2
-0.6087 0.8685 0.1003 148 88 2
-0.6090 0.8686 0.0984 148 88 2
-0.6094 0.8687 0.0965 147 88 2
-0.6098 0.8689 0.0946 147 88 2
-0.6101 0.8690 0.0927 147 88 2
-0.6105 0.8691 0.0908 146 88 2
-0.6108 0.8693 0.0889 146 88 2
-0.6111 0.8694 0.0870 145 88 2
-0.6115 0.8695 0.0851 145 88 2
-0.6118 0.8696 0.0832 145 88 2
-0.6121 0.8698 0.0812 144 88 2
-0.6124 0.8699 0.0793 144 88 2
-0.6127 0.8700 0.0774 143 88 2
-0.6130 0.8701 0.0755 143 88 1
-0.6133 0.8703 0.0736 143 88 1
-0.6136 0.8704 0.0716 142 88 1
-0.6139 0.8705 0.0697 142 88 1
-0.6142 0.8706 0.0678 141 88 1
-0.6144 0.8708 0.0659 141 88 1
-0.6147 0.8709 0.0640 141 88 1
-0.6150 0.8710 0.0620 140 88 1
-0.6152 0.8711 0.0601 140 88 1
-0.6155 0.8712 0.0582 139 88 1
-0.6157 0.8714 0.0562 139 88 1
-0.6159 0.8715 0.0543 139 88 1
-0.6162 0.8716 0.0524 138 88 1
-0.6164 0.8718 0.0505 138 88 1
-0.6166 0.8719 0.0485 137 88 1
-0.6168 0.8720 0.0466 137 88 1
-0.6170 0.8721 0.0447 137 88 1
-0.6172 0.8722 0.0427 136 88 1
-0.6174 0.8724 0.0408 136 88 1
-0.6176 0.8725 0.0389 135 88 1
-0.6178 0.8726 0.0369 135 89 1
-0.6179 0.8728 0.0350 135 89 1
-0.6181 0.8729 0.0330 134 89 1
-0.6183 0.8730 0.0311 134 89 1
-0.6184 0.8731 0.0292 133 89 1
-0.6186 0.8732 0.0272 133 89 1
-0.6187 0.8734 0.0253 133 89 1
-0.6188 0.8735 0.0233 132 89 1
-0.6190 0.8736 0.0214 132 89 1
-0.6191 0.8737 0.0195 131 89 1
-0.6192 0.8739 0.0175 131 89 1
-0.6193 0.8740 0.0156 131 89 1
-0.6194 0.8741 0.0136 130 89 1
-0.6195 0.8742 0.0117 130 89 1
-0.6196 0.8744 0.0097 129 89 1
-0.6197 0.8745 0.0078 129 89 1
-0.6198 0.8746 0.0058 129 89 1
-0.6199 0.8747 0.0039 128 89 1
-0.6199 0.8749 0.0019 128 89 1
-0.6200 0.8750 0.0000 128 89 1
-0.6201 0.8751 -0.0019 127 89 1
-0.6201 0.8753 -0.0039 127 89 1
-0.6202 0.8754 -0.0058 126 89 1
-0.6202 0.8755 -0.0078 126 89 1
-0.6202 0.8756 -0.0097 126 89 1
-0.6202 0.8758 -0.0117 125 89 1
-0.6203 0.8759 -0.0136 125 89 1
-0.6203 0.8760 -0.0156 124 89 1
-0.6203 0.8761 -0.0175 124 89 1
-0.6203 0.8762 -0.0195 124 89 1
-0.6203 0.8764 -0.0214 123 89 1
-0.6203 0.8765 -0.0234 123 89 1
-0.6203 0.8766 -0.0253 122 89 1
-0.6202 0.8768 -0.0273 122 89 1
-0.6202 0.8769 -0.0292 122 89 1
-0.6202 0.8770 -0.0312 121 89 1
-0.6201 0.8771 -0.0332 121 89 1
-0.6201 0.8772 -0.0351 120 89 1
-0.6200 0.8774 -0.0371 120 89 1
-0.6200 0.8775 -0.0390 120 89 1
-0.6199 0.8776 -0.0410 119 89 1
-0.6198 0.8778 -0.0429 119 89 1
-0.6198 0.8779 -0.0449 118 89 1
-0.6197 0.8780 -0.0468 118 89 1
-0.6196 0.8781 -0.0488 118 89 1
-0.6195 0.8782 -0.0507 117 89 1
-0.6194 0.8784 -0.0527 117 89 1
-0.6193 0.8785 -0.0546 116 89 1
-0.6192 0.8786 -0.0566 116 89 1
-0.6190 0.8787 -0.0585 116 89 1
-0.6189 0.8789 -0.0605 115 89 1
-0.6188 0.8790 -0.0624 115 89 1
-0.6186 0.8791 -0.0644 114 89 1
-0.6185 0.8793 -0.0663 114 89 1
-0.6183 0.8794 -0.0683 114 89 1
-0.6182 0.8795 -0.0702 113 89 1
-0.6180 0.8796 -0.0722 113 89 1
-0.6179 0.8798 -0.0741 112 89 1
-0.6177 0.8799 -0.0761 112 89 1
-0.6175 0.8800 -0.0780 112 89 2
-0.6173 0.8801 -0.0800 111 89 2
-0.6171 0.8803 -0.0819 111 89 2
-0.6169 0.8804 -0.0838 110 89 2
-0.6167 0.8805 -0.0858 110 89 2
-0.6165 0.8806 -0.0877 110 89 2
-0.6163 0.8808 -0.0897 109 89 2
-0.6160 0.8809 -0.0916 109 89 2
-0.6158 0.8810 -0.0936 108 89 2
-0.6156 0.8811 -0.0955 108 89 2
-0.6153 0.8812 -0.0975 108 89 2
-0.6151 0.8814 -0.0994 107 89 2
-0.6148 0.8815 -0.1013 107 89 2
-0.6146 0.8816 -0.1033 106 89 2
-0.6143 0.8818 -0.1052 106 89 2
-0.6140 0.8819 -0.1072 106 89 2
-0.6137 0.8820 -0.1091 105 89 2
-0.6135 0.8821 -0.1110 105 89 3
-0.6132 0.8822 -0.1130 104 89 3
-0.6129 0.8824 -0.1149 104 90 3
-0.6126 0.8825 -0.1169 104 90 3
-0.6122 0.8826 -0.1188 103 90 3
-0.6119 0.8828 -0.1207 103 90 3
-0.6116 0.8829 -0.1227 103 90 3
-0.6113 0.8830 -0.1246 102 90 3
-0.6109 0.8831 -0.1265 102 90 3
-0.6106 0.8832 -0.1285 101 90 3
-0.6102 0.8834 -0.1304 101 90 3
-0.6099 0.8835 -0.1323 101 90 3
-0.6095 0.8836 -0.1342 100 90 3
-0.6092 0.8837 -0.1362 100 90 4
-0.6088 0.8839 -0.1381 99 90 4
-0.6084 0.8840 -0.1400 99 90 4
-0.6080 0.8841 -0.1419 99 90 4
-0.6076 0.8842 -0.1439 98 90 4
-0.6072 0.8844 -0.1458 98 90 4
-0.6068 0.8845 -0.1477 97 90 4
-0.6064 0.8846 -0.1496 97 90 4
-0.6060 0.8847 -0.1515 97 90 4
-0.6056 0.8849 -0.1535 96 90 4
-0.6052 0.8850 -0.1554 96 90 4
-0.6047 0.8851 -0.1573 96 90 5
-0.6043 0.8853 -0.1592 95 90 5
-0.6039 0.8854 -0.1611 95 90 5
-0.6034 0.8855 -0.1630 94 90 5
-0.6029 0.8856 -0.1649 94 90 5
-0.6025 0.8858 -0.1669 94 90 5
-0.6020 0.8859 -0.1688 93 90 5
-0.6015 0.8860 -0.1707 93 90 5
-0.6011 0.8861 -0.1726 92 90 5
-0.6006 0.8862 -0.1745 92 90 6
-0.6001 0.8864 -0.1764 92 90 6
-0.5996 0.8865 -0.1783 91 90 6
-0.5991 0.8866 -0.1802 91 90 6
-0.5986 0.8868 -0.1821 91 90 6
-0.5980 0.8869 -0.1840 90 90 6
-0.5975 0.8870 -0.1859 90 90 6
-0.5970 0.8871 -0.1878 89 90 6
-0.5965 0.8872 -0.1897 89 90 6
-0.5959 0.8874 -0.1916 89 90 7
-0.5954 0.8875 -0.1934 88 90 7
-0.5948 0.8876 -0.1953 88 90 7
-0.5942 0.8878 -0.1972 87 90 7
-0.5937 0.8879 -0.1991 87 90 7
-0.5931 0.8880 -0.2010 87 90 7
-0.5925 0.8881 -0.2029 86 90 7
-0.5919 0.8882 -0.2047 86 90 7
-0.5914 0.8884 -0.2066 86 90 8
-0.5908 0.8885 -0.2085 85 90 8
-0.5902 0.8886 -0.2104 85 90 8
-0.5896 0.8887 -0.2123 84 90 8
-0.5889 0.8889 -0.2141 84 90 8
-0.5883 0.8890 -0.2160 84 90 8
-0.5877 0.8891 -0.2179 83 90 8
-0.5871 0.8893 -0.2197 83 90 9
-0.5864 0.8894 -0.2216 83 90 9
-0.5858 0.8895 -0.2235 82 90 9
-0.5851 0.8896 -0.2253 82 90 9
-0.5845 0.8898 -0.2272 81 90 9
-0.5838 0.8899 -0.2290 81 90 9
-0.5832 0.8900 -0.2309 81 90 9
-0.5825 0.8901 -0.2327 80 90 10
-0.5818 0.8903 -0.2346 80 90 10
-0.5811 0.8904 -0.2364 80 90 10
-0.5804 0.8905 -0.2383 79 90 10
-0.5797 0.8906 -0.2401 79 90 10
-0.5790 0.8908 -0.2420 79 90 10
-0.5783 0.8909 -0.2438 78 90 10
-0.5776 0.8910 -0.2457 78 90 11
-0.5769 0.8911 -0.2475 77 90 11
-0.5762 0.8912 -0.2493 77 90 11
-0.5754 0.8914 -0.2512 77 90 11
-0.5747 0.8915 -0.2530 76 90 11
-0.5740 0.8916 -0.2548 76 90 11
-0.5732 0.8918 -0.2566 76 90 12
-0.5725 0.8919 -0.2585 75 90 12
-0.5717 0.8920 -0.2603 75 90 12
-0.5709 0.8921 -0.2621 75 90 12
-0.5702 0.8922 -0.2639 74 91 12
-0.5694 0.8924 -0.2657 74 91 12
-0.5686 0.8925 -0.2676 73 91 13
-0.5678 0.8926 -0.2694 73 91 13
-0.5670 0.8927 -0.2712 73 91 13
-0.5662 0.8929 -0.2730 72 91 13
-0.5654 0.8930 -0.2748 72 91 13
-0.5646 0.8931 -0.2766 72 91 13
-0.5638 0.8932 -0.2784 71 91 14
-0.5629 0.8934 -0.2802 71 91 14
-0.5621 0.8935 -0.2820 71 91 14
-0.5613 0.8936 -0.2838 70 91 14
-0.5604 0.8937 -0.2856 70 91 14
-0.5596 0.8939 -0.2873 69 91 15
-0.5587 0.8940 -0.2891 69 91 15
-0.5579 0.8941 -0.2909 69 91 15
-0.5570 0.8942 -0.2927 68 91 15
-0.5562 0.8944 -0.2945 68 91 15
-0.5553 0.8945 -0.2962 68 91 15
-0.5544 0.8946 -0.2980 67 91 16
-0.5535 0.8947 -0.2998 67 91 16
-0.5526 0.8949 -0.3015 67 91 16
-0.5517 0.8950 -0.3033 66 91 16
-0.5508 0.8951 -0.3051 66 91 16
-0.5499 0.8952 -0.3068 66 91 17
-0.5490 0.8954 -0.3086 65 91 17
-0.5481 0.8955 -0.3103 65 91 17
-0.5472 0.8956 -0.3121 65 91 17
-0.5462 0.8958 -0.3138 64 91 17
-0.5453 0.8959 -0.3156 64 91 18
-0.5443 0.8960 -0.3173 64 91 18
-0.5434 0.8961 -0.3191 63 91 18
-0.5424 0.8962 -0.3208 63 91 18
-0.5415 0.8964 -0.3225 63 91 18
-0.5405 0.8965 -0.3243 62 91 19
-0.5395 0.8966 -0.3260 62 91 19
-0.5386 0.8968 -0.3277 61 91 19
-0.5376 0.8969 -0.3294 61 91 19
-0.5366 0.8970 -0.3312 61 91 19
-0.5356 0.8971 -0.3329 60 91 20
-0.5346 0.8972 -0.3346 60 91 20
-0.5336 0.8974 -0.3363 60 91 20
-0.5326 0.8975 -0.3380 59 91 20
-0.5316 0.8976 -0.3397 59 91 20
-0.5306 0.8977 -0.3414 59 91 21
-0.5295 0.8979 -0.3431 58 91 21
-0.5285 0.8980 -0.3448 58 91 21
-0.5275 0.8981 -0.3465 58 91 21
-0.5264 0.8982 -0.3482 57 91 22
-0.5254 0.8984 -0.3499 57 91 22
-0.5243 0.8985 -0.3515 57 91 22
-0.5233 0.8986 -0.3532 56 91 22
-0.5222 0.8987 -0.3549 56 91 22
-0.5212 0.8989 -0.3566 56 91 23
-0.5201 0.8990 -0.3582 55 91 23
-0.5190 0.8991 -0.3599 55 91 23
-0.5179 0.8993 -0.3616 55 91 23
-0.5168 0.8994 -0.3632 54 91 24
-0.5157 0.8995 -0.3649 54 91 24
-0.5146 0.8996 -0.3665 54 91 24
-0.5135 0.8998 -0.3682 53 91 24
-0.5124 0.8999 -0.3698 53 91 25
-0.5113 0.9000 -0.3715 53 91 25
-0.5102 0.9001 -0.3731 53 91 25
-0.5091 0.9002 -0.3748 52 91 25
-0.5079 0.9004 -0.3764 52 91 25
-0.5068 0.9005 -0.3780 52 91 26
-0.5056 0.9006 -0.3796 51 91 26
-0.5045 0.9008 -0.3813 51 91 26
-0.5033 0.9009 -0.3829 51 91 26
-0.5022 0.9010 -0.3845 50 91 27
-0.5010 0.9011 -0.3861 50 91 27
-0.4999 0.9012 -0.3877 50 91 27
-0.4987 0.9014 -0.3893 49 91 27
-0.4975 0.9015 -0.3909 49 91 28
-0.4963 0.9016 -0.3925 49 91 28
-0.4951 0.9018 -0.3941 48 91 28
-0.4939 0.9019 -0.3957 48 91 28
-0.4927 0.9020 -0.3973 48 92 29
-0.4915 0.9021 -0.3989 47 92 29
-0.4903 0.9022 -0.4005 47 92 29
-0.4891 0.9024 -0.4020 47 92 29
-0.4879 0.9025 -0.4036 47 92 30
-0.4867 0.9026 -0.4052 46 92 30
-0.4854 0.9027 -0.4068 46 92 30
-0.4842 0.9029 -0.4083 46 92 30
-0.4830 0.9030 -0.4099 45 92 31
-0.4817 0.9031 -0.4114 45 92 31
-0.4805 0.9032 -0.4130 45 92 31
-0.4792 0.9034 -0.4145 44 92 31
-0.4780 0.9035 -0.4161 44 92 32
-0.4767 0.9036 -0.4176 44 92 32
-0.4754 0.9037 -0.4191 44 92 32
-0.4741 0.9039 -0.4207 43 92 33
-0.4729 0.9040 -0.4222 43 92 33
-0.4716 0.9041 -0.4237 43 92 33
-0.4703 0.9042 -0.4252 42 92 33
-0.4690 0.9044 -0.4268 42 92 34
-0.4677 0.9045 -0.4283 42 92 34
-0.4664 0.9046 -0.4298 41 92 34
-0.4651 0.9047 -0.4313 41 92 34
-0.4638 0.9049 -0.4328 41 92 35
-0.4625 0.9050 -0.4343 41 92 35
-0.4611 0.9051 -0.4358 40 92 35
-0.4598 0.9052 -0.4373 40 92 35
-0.4585 0.9054 -0.4387 40 92 36
-0.4571 0.9055 -0.4402 39 92 36
-0.4558 0.9056 -0.4417 39 92 36
-0.4544 0.9058 -0.4432 39 92 37
-0.4531 0.9059 -0.4446 39 92 37
-0.4517 0.9060 -0.4461 38 92 37
-0.4504 0.9061 -0.4476 38 92 37
-0.4490 0.9063 -0.4490 38 92 38
-0.4476 0.9064 -0.4505 37 92 38
-0.4463 0.9065 -0.4519 37 92 38
-0.4449 0.9066 -0.4534 37 92 39
-0.4435 0.9068 -0.4548 37 92 39
-0.4421 0.9069 -0.4562 36 92 39
-0.4407 0.9070 -0.4577 36 92 39
-0.4393 0.9071 -0.4591 36 92 40
-0.4379 0.9073 -0.4605 35 92 40
-0.4365 0.9074 -0.4619 35 92 40
-0.4351 0.9075 -0.4633 35 92 41
-0.4337 0.9076 -0.4647 35 92 41
-0.4323 0.9077 -0.4661 34 92 41
-0.4308 0.9079 -0.4675 34 92 41
-0.4294 0.9080 -0.4689 34 92 42
-0.4280 0.9081 -0.4703 34 92 42
-0.4265 0.9083 -0.4717 33 92 42
-0.4251 0.9084 -0.4731 33 92 43
-0.4236 0.9085 -0.4745 33 92 43
-0.4222 0.9086 -0.4759 33 92 43
-0.4207 0.9087 -0.4772 32 92 44
-0.4193 0.9089 -0.4786 32 92 44
-0.4178 0.9090 -0.4799 32 92 44
-0.4163 0.9091 -0.4813 31 92 44
-0.4149 0.9093 -0.4827 31 92 45
-0.4134 0.9094 -0.4840 31 92 45
-0.4119 0.9095 -0.4853 31 92 45
-0.4104 0.9096 -0.4867 30 92 46
-0.4089 0.9098 -0.4880 30 92 46
-0.4074 0.9099 -0.4893 30 92 46
-0.4059 0.9100 -0.4907 30 92 47
-0.4044 0.9101 -0.4920 29 92 47
-0.4029 0.9103 -0.4933 29 92 47
-0.4014 0.9104 -0.4946 29 92 47
-0.3999 0.9105 -0.4959 29 92 48
-0.3983 0.9106 -0.4972 28 92 48
-0.3968 0.9108 -0.4985 28 92 48
-0.3953 0.9109 -0.4998 28 92 49
-0.3937 0.9110 -0.5011 28 92 49
-0.3922 0.9111 -0.5024 27 92 49
-0.3907 0.9113 -0.5036 27 92 50
-0.3891 0.9114 -0.5049 27 92 50
-0.3876 0.9115 -0.5062 27 92 50
-0.3860 0.9116 -0.5074 26 92 51
-0.3845 0.9118 -0.5087 26 92 51
-0.3829 0.9119 -0.5100 26 93 51
-0.3813 0.9120 -0.5112 26 93 52
-0.3797 0.9121 -0.5125 25 93 52
-0.3782 0.9123 -0.5137 25 93 52
-0.3766 0.9124 -0.5149 25 93 53
-0.3750 0.9125 -0.5162 25 93 53
-0.3734 0.9126 -0.5174 25 93 53
-0.3718 0.9127 -0.5186 24 93 53
-0.3702 0.9129 -0.5198 24 93 54
-0.3686 0.9130 -0.5210 24 93 54
-0.3670 0.9131 -0.5222 24 93 54
-0.3654 0.9133 -0.5234 23 93 55
-0.3638 0.9134 -0.5246 23 93 55
-0.3622 0.9135 -0.5258 23 93 55
-0.3606 0.9136 -0.5270 23 93 56
-0.3589 0.9137 -0.5282 22 93 56
-0.3573 0.9139 -0.5293 22 93 56
-0.3557 0.9140 -0.5305 22 93 57
-0.3541 0.9141 -0.5317 22 93 57
-0.3524 0.9143 -0.5328 22 93 57
-0.3508 0.9144 -0.5340 21 93 58
-0.3491 0.9145 -0.5351 21 93 58
-0.3475 0.9146 -0.5363 21 93 58
-0.3458 0.9147 -0.5374 21 93 59
-0.3442 0.9149 -0.5386 20 93 59
-0.3425 0.9150 -0.5397 20 93 59
-0.3408 0.9151 -0.5408 20 93 60
-0.3392 0.9152 -0.5419 20 93 60
-0.3375 0.9154 -0.5431 20 93 60
-0.3358 0.9155 -0.5442 19 93 61
-0.3341 0.9156 -0.5453 19 93 61
-0.3325 0.9158 -0.5464 19 93 61
-0.3308 0.9159 -0.5475 19 93 62
-0.3291 0.9160 -0.5485 19 93 62
-0.3274 0.9161 -0.5496 18 93 63
-0.3257 0.9163 -0.5507 18 93 63
-0.3240 0.9164 -0.5518 18 93 63
-0.3223 0.9165 -0.5528 18 93 64
-0.3206 0.9166 -0.5539 18 93 64
-0.3189 0.9168 -0.5550 17 93 64
-0.3171 0.9169 -0.5560 17 93 65
-0.3154 0.9170 -0.5571 17 93 65
-0.3137 0.9171 -0.5581 17 93 65
-0.3120 0.9173 -0.5591 17 93 66
-0.3102 0.9174 -0.5602 16 93 66
-0.3085 0.9175 -0.5612 16 93 66
-0.3068 0.9176 -0.5622 16 93 67
-0.3050 0.9177 -0.5632 16 93 67
-0.3033 0.9179 -0.5642 16 93 67
-0.3016 0.9180 -0.5652 15 93 68
-0.2998 0.9181 -0.5662 15 93 68
-0.2981 0.9183 -0.5672 15 93 68
-0.2963 0.9184 -0.5682 15 93 69
-0.2945 0.9185 -0.5692 15 93 69
-0.2928 0.9186 -0.5702 15 93 69
-0.2910 0.9187 -0.5711 14 93 70
-0.2892 0.9189 -0.5721 14 93 70
-0.2875 0.9190 -0.5731 14 93 71
-0.2857 0.9191 -0.5740 14 93 71
-0.2839 0.9193 -0.5750 14 93 71
-0.2821 0.9194 -0.5759 13 93 72
-0.2803 0.9195 -0.5768 13 93 72
-0.2786 0.9196 -0.5778 13 93 72
-0.2768 0.9198 -0.5787 13 93 73
-0.2750 0.9199 -0.5796 13 93 73
-0.2732 0.9200 -0.5805 13 93 73
-0.2714 0.9201 -0.5814 12 93 74
-0.2696 0.9203 -0.5824 12 93 74
-0.2678 0.9204 -0.5832 12 93 75
-0.2660 0.9205 -0.5841 12 93 75
-0.2642 0.9206 -0.5850 12 93 75
-0.2623 0.9208 -0.5859 12 93 76
-0.2605 0.9209 -0.5868 11 93 76
-0.2587 0.9210 -0.5877 11 93 76
-0.2569 0.9211 -0.5885 11 93 77
-0.2550 0.9213 -0.5894 11 93 77
-0.2532 0.9214 -0.5902 11 93 77
-0.2514 0.9215 -0.5911 11 93 78
-0.2496 0.9216 -0.5919 10 94 78
-0.2477 0.9218 -0.5928 10 94 79
-0.2459 0.9219 -0.5936 10 94 79
-0.2440 0.9220 -0.5944 10 94 79
-0.2422 0.9221 -0.5952 10 94 80
-0.2403 0.9223 -0.5961 10 94 80
-0.2385 0.9224 -0.5969 10 94 80
-0.2366 0.9225 -0.5977 9 94 81
-0.2348 0.9226 -0.5985 9 94 81
-0.2329 0.9227 -0.5992 9 94 81
-0.2311 0.9229 -0.6000 9 94 82
-0.2292 0.9230 -0.6008 9 94 82
-0.2273 0.9231 -0.6016 9 94 83
-0.2254 0.9233 -0.6024 9 94 83
-0.2236 0.9234 -0.6031 8 94 83
-0.2217 0.9235 -0.6039 8 94 84
-0.2198 0.9236 -0.6046 8 94 84
-0.2179 0.9237 -0.6054 8 94 84
-0.2161 0.9239 -0.6061 8 94 85
-0.2142 0.9240 -0.6068 8 94 85
-0.2123 0.9241 -0.6076 8 94 86
-0.2104 0.9242 -0.6083 7 94 86
-0.2085 0.9244 -0.6090 7 94 86
-0.2066 0.9245 -0.6097 7 94 87
-0.2047 0.9246 -0.6104 7 94 87
-0.2028 0.9247 -0.6111 7 94 87
-0.2009 0.9249 -0.6118 7 94 88
-0.1990 0.9250 -0.6125 7 94 88
-0.1971 0.9251 -0.6132 7 94 89
-0.1952 0.9252 -0.6138 6 94 89
-0.1933 0.9254 -0.6145 6 94 89
-0.1914 0.9255 -0.6152 6 94 90
-0.1895 0.9256 -0.6158 6 94 90
-0.1875 0.9258 -0.6165 6 94 91
-0.1856 0.9259 -0.6171 6 94 91
-0.1837 0.9260 -0.6177 6 94 91
-0.1818 0.9261 -0.6184 6 94 92
-0.1798 0.9263 -0.6190 6 94 92
-0.1779 0.9264 -0.6196 5 94 92
-0.1760 0.9265 -0.6202 5 94 93
-0.1740 0.9266 -0.6208 5 94 93
-0.1721 0.9267 -0.6214 5 94 94
-0.1702 0.9269 -0.6220 5 94 94
-0.1682 0.9270 -0.6226 5 94 94
-0.1663 0.9271 -0.6232 5 94 95
-0.1643 0.9273 -0.6238 5 94 95
-0.1624 0.9274 -0.6244 5 94 96
-0.1605 0.9275 -0.6249 4 94 96
-0.1585 0.9276 -0.6255 4 94 96
-0.1566 0.9277 -0.6260 4 94 97
-0.1546 0.9279 -0.6266 4 94 97
-0.1526 0.9280 -0.6271 4 94 97
-0.1507 0.9281 -0.6277 4 94 98
-0.1487 0.9283 -0.6282 4 94 98
-0.1468 0.9284 -0.6287 4 94 99
-0.1448 0.9285 -0.6292 4 94 99
-0.1428 0.9286 -0.6297 4 94 99
-0.1409 0.9287 -0.6302 4 94 100
-0.1389 0.9289 -0.6307 3 94 100
-0.1369 0.9290 -0.6312 3 94 101
-0.1350 0.9291 -0.6317 3 94 101
-0.1330 0.9292 -0.6322 3 94 101
-0.1310 0.9294 -0.6327 3 94 102
-0.1290 0.9295 -0.6331 3 94 102
-0.1271 0.9296 -0.6336 3 94 103
-0.1251 0.9298 -0.6341 3 94 103
-0.1231 0.9299 -0.6345 3 94 103
-0.1211 0.9300 -0.6350 3 94 104
-0.1191 0.9301 -0.6354 3 94 104
-0.1172 0.9303 -0.6358 3 94 104
-0.1152 0.9304 -0.6362 3 94 105
-0.1132 0.9305 -0.6367 2 94 105
-0.1112 0.9306 -0.6371 2 94 106
-0.1092 0.9308 -0.6375 2 94 106
-0.1072 0.9309 -0.6379 2 94 106
-0.1052 0.9310 -0.6383 2 94 107
-0.1032 0.9311 -0.6387 2 94 107
-0.1012 0.9313 -0.6390 2 94 108
-0.0992 0.9314 -0.6394 2 95 108
-0.0972 0.9315 -0.6398 2 95 108
-0.0952 0.9316 -0.6401 2 95 109
-0.0932 0.9317 -0.6405 2 95 109
-0.0912 0.9319 -0.6408 2 95 110
-0.0892 0.9320 -0.6412 2 95 110
-0.0872 0.9321 -0.6415 2 95 110
-0.0852 0.9323 -0.6419 2 95 111
-0.0832 0.9324 -0.6422 2 95 111
-0.0812 0.9325 -0.6425 2 95 112
-0.0792 0.9326 -0.6428 1 95 112
-0.0771 0.9327 -0.6431 1 95 112
-0.0751 0.9329 -0.6434 1 95 113
-0.0731 0.9330 -0.6437 1 95 113
-0.0711 0.9331 -0.6440 1 95 114
-0.0691 0.9333 -0.6443 1 95 114
-0.0671 0.9334 -0.6445 1 95 114
-0.0650 0.9335 -0.6448 1 95 115
-0.0630 0.9336 -0.6451 1 95 115
-0.0610 0.9337 -0.6453 1 95 116
-0.0590 0.9339 -0.6456 1 95 116
-0.0570 0.9340 -0.6458 1 95 116
-0.0549 0.9341 -0.6460 1 95 117
-0.0529 0.9342 -0.6463 1 95 117
-0.0509 0.9344 -0.6465 1 95 118
-0.0489 0.9345 -0.6467 1 95 118
-0.0468 0.9346 -0.6469 1 95 118
-0.0448 0.9347 -0.6471 1 95 119
-0.0428 0.9349 -0.6473 1 95 119
-0.0407 0.9350 -0.6475 1 95 120
-0.0387 0.9351 -0.6477 1 95 120
-0.0367 0.9352 -0.6479 1 95 120
-0.0346 0.9354 -0.6481 1 95 121
-0.0326 0.9355 -0.6482 1 95 121
-0.0306 0.9356 -0.6484 1 95 122
-0.0285 0.9358 -0.6485 1 95 122
-0.0265 0.9359 -0.6487 1 95 122
-0.0245 0.9360 -0.6488 1 95 123
-0.0224 0.9361 -0.6490 1 95 123
-0.0204 0.9363 -0.6491 1 95 124
-0.0184 0.9364 -0.6492 1 95 124
-0.0163 0.9365 -0.6493 1 95 124
-0.0143 0.9366 -0.6494 1 95 125
-0.0122 0.9367 -0.6495 1 95 125
-0.0102 0.9369 -0.6496 1 95 126
-0.0082 0.9370 -0.6497 1 95 126
-0.0061 0.9371 -0.6498 1 95 126
-0.0041 0.9373 -0.6499 1 95 127
-0.0020 0.9374 -0.6499 1 95 127
-0.0000 0.9375 -0.6500 1 95 127
0.0020 0.9376 -0.6501 1 95 128
0.0041 0.9377 -0.6501 1 95 128
0.0061 0.9379 -0.6502 1 95 129
0.0082 0.9380 -0.6502 1 95 129
0.0102 0.9381 -0.6502 1 95 129
0.0123 0.9383 -0.6502 1 95 130
0.0143 0.9384 -0.6503 1 95 130
0.0163 0.9385 -0.6503 1 95 131
0.0184 0.9386 -0.6503 1 95 131
0.0204 0.9387 -0.6503 1 95 131
0.0225 0.9389 -0.6503 1 95 132
0.0245 0.9390 -0.6503 1 95 132
0.0266 0.9391 -0.6502 1 95 133
0.0286 0.9392 -0.6502 1 95 133
0.0307 0.9394 -0.6502 1 95 133
0.0327 0.9395 -0.6501 1 95 134
0.0348 0.9396 -0.6501 1 95 134
0.0368 0.9398 -0.6500 1 95 135
0.0388 0.9399 -0.6500 1 95 135
0.0409 0.9400 -0.6499 1 95 135
0.0429 0.9401 -0.6498 1 95 136
0.0450 0.9403 -0.6498 1 95 136
0.0470 0.9404 -0.6497 1 95 137
0.0491 0.9405 -0.6496 1 95 137
0.0511 0.9406 -0.6495 1 95 137
0.0532 0.9408 -0.6494 1 95 138
0.0552 0.9409 -0.6493 1 95 138
0.0573 0.9410 -0.6492 1 95 139
0.0593 0.9411 -0.6490 1 95 139
0.0613 0.9413 -0.6489 1 96 139
0.0634 0.9414 -0.6488 1 96 140
0.0654 0.9415 -0.6486 1 96 140
0.0675 0.9416 -0.6485 1 96 141
0.0695 0.9417 -0.6483 1 96 141
0.0716 0.9419 -0.6482 1 96 141
0.0736 0.9420 -0.6480 1 96 142
0.0756 0.9421 -0.6478 1 96 142
0.0777 0.9423 -0.6476 1 96 143
0.0797 0.9424 -0.6474 1 96 143
0.0818 0.9425 -0.6473 2 96 143
0.0838 0.9426 -0.6471 2 96 144
0.0858 0.9427 -0.6468 2 96 144
0.0879 0.9429 -0.6466 2 96 145
0.0899 0.9430 -0.6464 2 96 145
0.0920 0.9431 -0.6462 2 96 145
0.0940 0.9433 -0.6460 2 96 146
0.0960 0.9434 -0.6457 2 96 146
0.0981 0.9435 -0.6455 2 96 147
0.1001 0.9436 -0.6452 2 96 147
0.1022 0.9437 -0.6450 2 96 147
0.1042 0.9439 -0.6447 2 96 148
0.1062 0.9440 -0.6444 2 96 148
0.1083 0.9441 -0.6441 2 96 149
0.1103 0.9442 -0.6439 2 96 149
0.1123 0.9444 -0.6436 2 96 149
0.1144 0.9445 -0.6433 2 96 150
0.1164 0.9446 -0.6430 3 96 150
0.1184 0.9447 -0.6427 3 96 151
0.1204 0.9449 -0.6423 3 96 151
0.1225 0.9450 -0.6420 3 96 151
0.1245 0.9451 -0.6417 3 96 152
0.1265 0.9452 -0.6414 3 96 152
0.1286 0.9454 -0.6410 3 96 152
0.1306 0.9455 -0.6407 3 96 153
0.1326 0.9456 -0.6403 3 96 153
0.1346 0.9458 -0.6400 3 96 154
0.1366 0.9459 -0.6396 3 96 154
0.1387 0.9460 -0.6392 3 96 154
0.1407 0.9461 -0.6388 3 96 155
0.1427 0.9463 -0.6384 4 96 155
0.1447 0.9464 -0.6381 4 96 156
0.1467 0.9465 -0.6377 4 96 156
0.1488 0.9466 -0.6372 4 96 156
0.1508 0.9467 -0.6368 4 96 157
0.1528 0.9469 -0.6364 4 96 157
0.1548 0.9470 -0.6360 4 96 158
0.1568 0.9471 -0.6356 4 96 158
0.1588 0.9473 -0.6351 4 96 158
0.1608 0.9474 -0.6347 4 96 159
0.1628 0.9475 -0.6342 4 96 159
0.1648 0.9476 -0.6338 5 96 159
0.1669 0.9477 -0.6333 5 96 160
0.1689 0.9479 -0.6328 5 96 160
0.1709 0.9480 -0.6324 5 96 161
0.1729 0.9481 -0.6319 5 96 161
0.1749 0.9483 -0.6314 5 96 161
0.1769 0.9484 -0.6309 5 96 162
0.1789 0.9485 -0.6304 5 96 162
0.1809 0.9486 -0.6299 5 96 163
0.1829 0.9487 -0.6294 6 96 163
0.1848 0.9489 -0.6289 6 96 163
0.1868 0.9490 -0.6283 6 96 164
0.1888 0.9491 -0.6278 6 96 164
0.1908 0.9492 -0.6273 6 96 164
0.1928 0.9494 -0.6267 6 96 165
0.1948 0.9495 -0.6262 6 96 165
0.1968 0.9496 -0.6256 6 96 166
0.1988 0.9498 -0.6250 6 96 166
0.2007 0.9499 -0.6245 7 96 166
0.2027 0.9500 -0.6239 7 96 167
0.2047 0.9501 -0.6233 7 96 167
0.2067 0.9503 -0.6227 7 96 168
0.2086 0.9504 -0.6221 7 96 168
0.2106 0.9505 -0.6215 7 96 168
0.2126 0.9506 -0.6209 7 96 169
0.2146 0.9508 -0.6203 7 96 169
0.2165 0.9509 -0.6197 8 96 169
0.2185 0.9510 -0.6191 8 97 170
0.2205 0.9511 -0.6184 8 97 170
0.2224 0.9513 -0.6178 8 97 171
0.2244 0.9514 -0.6171 8 97 171
0.2263 0.9515 -0.6165 8 97 171
0.2283 0.9516 -0.6158 8 97 172
0.2302 0.9517 -0.6152 9 97 172
0.2322 0.9519 -0.6145 9 97 172
0.2341 0.9520 -0.6138 9 97 173
0.2361 0.9521 -0.6131 9 97 173
0.2380 0.9523 -0.6124 9 97 174
0.2400 0.9524 -0.6118 9 97 174
0.2419 0.9525 -0.6110 9 97 174
0.2439 0.9526 -0.6103 10 97 175
0.2458 0.9527 -0.6096 10 97 175
0.2477 0.9529 -0.6089 10 97 175
0.2497 0.9530 -0.6082 10 97 176
0.2516 0.9531 -0.6075 10 97 176
0.2535 0.9532 -0.6067 10 97 176
0.2555 0.9534 -0.6060 10 97 177
0.2574 0.9535 -0.6052 11 97 177
0.2593 0.9536 -0.6045 11 97 178
0.2612 0.9537 -0.6037 11 97 178
0.2632 0.9539 -0.6029 11 97 178
0.2651 0.9540 -0.6022 11 97 179
0.2670 0.9541 -0.6014 11 97 179
0.2689 0.9542 -0.6006 12 97 179
0.2708 0.9544 -0.5998 12 97 180
0.2727 0.9545 -0.5990 12 97 180
0.2746 0.9546 -0.5982 12 97 180
0.2765 0.9547 -0.5974 12 97 181
0.2784 0.9549 -0.5966 12 97 181
0.2803 0.9550 -0.5957 13 97 182
0.2822 0.9551 -0.5949 13 97 182
0.2841 0.9552 -0.5941 13 97 182
0.2860 0.9554 -0.5932 13 97 183
0.2879 0.9555 -0.5924 13 97 183
0.2898 0.9556 -0.5915 13 97 183
0.2917 0.9557 -0.5907 14 97 184
0.2936 0.9559 -0.5898 14 97 184
0.2954 0.9560 -0.5889 14 97 184
0.2973 0.9561 -0.5881 14 97 185
0.2992 0.9563 -0.5872 14 97 185
0.3011 0.9564 -0.5863 15 97 186
0.3029 0.9565 -0.5854 15 97 186
0.3048 0.9566 -0.5845 15 97 186
0.3066 0.9567 -0.5836 15 97 187
0.3085 0.9569 -0.5827 15 97 187
0.3104 0.9570 -0.5817 15 97 187
0.3122 0.9571 -0.5808 16 97 188
0.3141 0.9573 -0.5799 16 97 188
0.3159 0.9574 -0.5790 16 97 188
0.3178 0.9575 -0.5780 16 97 189
0.3196 0.9576 -0.5771 16 97 189
0.3214 0.9577 -0.5761 17 97 189
0.3233 0.9579 -0.5751 17 97 190
0.3251 0.9580 -0.5742 17 97 190
0.3270 0.9581 -0.5732 17 97 190
0.3288 0.9582 -0.5722 17 97 191
0.3306 0.9584 -0.5712 18 97 191
0.3324 0.9585 -0.5703 18 97 191
0.3343 0.9586 -0.5693 18 97 192
0.3361 0.9587 -0.5683 18 97 192
0.3379 0.9589 -0.5673 18 97 192
0.3397 0.9590 -0.5662 19 97 193
0.3415 0.9591 -0.5652 19 97 193
0.3433 0.9592 -0.5642 19 97 194
0.3451 0.9594 -0.5632 19 97 194
0.3469 0.9595 -0.5621 19 97 194
0.3487 0.9596 -0.5611 20 97 195
0.3505 0.9598 -0.5600 20 97 195
0.3523 0.9599 -0.5590 20 97 195
0.3541 0.9600 -0.5579 20 97 196
0.3559 0.9601 -0.5569 20 97 196
0.3576 0.9603 -0.5558 21 97 196
0.3594 0.9604 -0.5547 21 97 197
0.3612 0.9605 -0.5536 21 97 197
0.3630 0.9606 -0.5526 21 97 197
0.3647 0.9607 -0.5515 22 97 198
0.3665 0.9609 -0.5504 22 98 198
0.3683 0.9610 -0.5493 22 98 198
0.3700 0.9611 -0.5481 22 98 199
0.3718 0.9613 -0.5470 22 98 199
0.3735 0.9614 -0.5459 23 98 199
0.3753 0.9615 -0.5448 23 98 200
0.3770 0.9616 -0.5437 23 98 200
0.3787 0.9617 -0.5425 23 98 200
0.3805 0.9619 -0.5414 24 98 201
0.3822 0.9620 -0.5402 24 98 201
0.3839 0.9621 -0.5391 24 98 201
0.3857 0.9623 -0.5379 24 98 202
0.3874 0.9624 -0.5367 25 98 202
0.3891 0.9625 -0.5356 25 98 202
0.3908 0.9626 -0.5344 25 98 202
0.3925 0.9627 -0.5332 25 98 203
0.3943 0.9629 -0.5320 25 98 203
0.3960 0.9630 -0.5308 26 98 203
0.3977 0.9631 -0.5296 26 98 204
0.3994 0.9632 -0.5284 26 98 204
0.4011 0.9634 -0.5272 26 98 204
0.4027 0.9635 -0.5260 27 98 205
0.4044 0.9636 -0.5248 27 98 205
0.4061 0.9637 -0.5236 27 98 205
0.4078 0.9639 -0.5223 27 98 206
0.4095 0.9640 -0.5211 28 98 206
0.4111 0.9641 -0.5198 28 98 206
0.4128 0.9642 -0.5186 28 98 207
0.4145 0.9644 -0.5173 28 98 207
0.4161 0.9645 -0.5161 29 98 207
0.4178 0.9646 -0.5148 29 98 208
0.4194 0.9647 -0.5136 29 98 208
0.4211 0.9649 -0.5123 29 98 208
0.4227 0.9650 -0.5110 30 98 208
0.4244 0.9651 -0.5097 30 98 209
0.4260 0.9652 -0.5084 30 98 209
0.4277 0.9654 -0.5071 30 98 209
0.4293 0.9655 -0.5058 31 98 210
0.4309 0.9656 -0.5045 31 98 210
0.4325 0.9657 -0.5032 31 98 210
0.4341 0.9659 -0.5019 31 98 211
0.4358 0.9660 -0.5006 32 98 211
0.4374 0.9661 -0.4993 32 98 211
0.4390 0.9663 -0.4979 32 98 211
0.4406 0.9664 -0.4966 33 98 212
0.4422 0.9665 -0.4952 33 98 212
0.4438 0.9666 -0.4939 33 98 212
0.4454 0.9667 -0.4925 33 98 213
0.4469 0.9669 -0.4912 34 98 213
0.4485 0.9670 -0.4898 34 98 213
0.4501 0.9671 -0.4885 34 98 214
0.4517 0.9673 -0.4871 34 98 214
0.4532 0.9674 -0.4857 35 98 214
0.4548 0.9675 -0.4843 35 98 214
0.4564 0.9676 -0.4829 35 98 215
0.4579 0.9677 -0.4815 35 98 215
0.4595 0.9679 -0.4801 36 98 215
0.4610 0.9680 -0.4787 36 98 216
0.4626 0.9681 -0.4773 36 98 216
0.4641 0.9682 -0.4759 37 98 216
0.4656 0.9684 -0.4745 37 98 216
0.4672 0.9685 -0.4731 37 98 217
0.4687 0.9686 -0.4717 37 98 217
0.4702 0.9688 -0.4702 38 98 217
0.4717 0.9689 -0.4688 38 98 218
0.4733 0.9690 -0.4673 38 98 218
0.4748 0.9691 -0.4659 39 98 218
0.4763 0.9692 -0.4644 39 98 218
0.4778 0.9694 -0.4630 39 98 219
0.4793 0.9695 -0.4615 39 98 219
0.4808 0.9696 -0.4601 40 98 219
0.4822 0.9698 -0.4586 40 98 220
0.4837 0.9699 -0.4571 40 98 220
0.4852 0.9700 -0.4556 41 98 220
0.4867 0.9701 -0.4541 41 98 220
0.4881 0.9703 -0.4527 41 98 221
0.4896 0.9704 -0.4512 41 98 221
0.4911 0.9705 -0.4497 42 98 221
0.4925 0.9706 -0.4482 42 99 221
0.4940 0.9708 -0.4466 42 99 222
0.4954 0.9709 -0.4451 43 99 222
0.4969 0.9710 -0.4436 43 99 222
0.4983 0.9711 -0.4421 43 99 222
0.4997 0.9713 -0.4406 44 99 223
0.5012 0.9714 -0.4390 44 99 223
0.5026 0.9715 -0.4375 44 99 223
0.5040 0.9716 -0.4360 44 99 224
0.5054 0.9718 -0.4344 45 99 224
0.5068 0.9719 -0.4329 45 99 224
0.5082 0.9720 -0.4313 45 99 224
0.5096 0.9721 -0.4297 46 99 225
0.5110 0.9723 -0.4282 46 99 225
0.5124 0.9724 -0.4266 46 99 225
0.5138 0.9725 -0.4250 47 99 225
0.5152 0.9726 -0.4235 47 99 226
0.5165 0.9728 -0.4219 47 99 226
0.5179 0.9729 -0.4203 47 99 226
0.5193 0.9730 -0.4187 48 99 226
0.5206 0.9731 -0.4171 48 99 227
0.5220 0.9732 -0.4155 48 99 227
0.5233 0.9734 -0.4139 49 99 227
0.5247 0.9735 -0.4123 49 99 227
0.5260 0.9736 -0.4107 49 99 228
0.5273 0.9738 -0.4091 50 99 228
0.5287 0.9739 -0.4074 50 99 228
0.5300 0.9740 -0.4058 50 99 228
0.5313 0.9741 -0.4042 51 99 229
0.5326 0.9742 -0.4025 51 99 229
0.5339 0.9744 -0.4009 51 99 229
0.5353 0.9745 -0.3993 52 99 229
0.5366 0.9746 -0.3976 52 99 230
0.5378 0.9748 -0.3960 52 99 230
0.5391 0.9749 -0.3943 53 99 230
0.5404 0.9750 -0.3926 53 99 230
0.5417 0.9751 -0.3910 53 99 230
0.5430 0.9752 -0.3893 53 99 231
0.5442 0.9754 -0.3876 54 99 231
0.5455 0.9755 -0.3860 54 99 231
0.5468 0.9756 -0.3843 54 99 231
0.5480 0.9757 -0.3826 55 99 232
0.5493 0.9759 -0.3809 55 99 232
0.5505 0.9760 -0.3792 55 99 232
0.5518 0.9761 -0.3775 56 99 232
0.5530 0.9763 -0.3758 56 99 233
0.5542 0.9764 -0.3741 56 99 233
0.5554 0.9765 -0.3724 57 99 233
0.5567 0.9766 -0.3707 57 99 233
0.5579 0.9768 -0.3690 57 99 233
0.5591 0.9769 -0.3672 58 99 234
0.5603 0.9770 -0.3655 58 99 234
0.5615 0.9771 -0.3638 58 99 234
0.5627 0.9773 -0.3621 59 99 234
0.5638 0.9774 -0.3603 59 99 235
0.5650 0.9775 -0.3586 59 99 235
0.5662 0.9776 -0.3568 60 99 235
0.5674 0.9778 -0.3551 60 99 235
0.5685 0.9779 -0.3533 60 99 235
0.5697 0.9780 -0.3516 61 99 236
0.5708 0.9781 -0.3498 61 99 236
0.5720 0.9782 -0.3480 61 99 236
0.5731 0.9784 -0.3463 62 99 236
0.5743 0.9785 -0.3445 62 99 236
0.5754 0.9786 -0.3427 63 99 237
0.5765 0.9788 -0.3410 63 99 237
0.5776 0.9789 -0.3392 63 99 237
0.5788 0.9790 -0.3374 64 99 237
0.5799 0.9791 -0.3356 64 99 237
0.5810 0.9792 -0.3338 64 99 238
0.5821 0.9794 -0.3320 65 99 238
0.5832 0.9795 -0.3302 65 99 238
0.5842 0.9796 -0.3284 65 99 238
0.5853 0.9798 -0.3266 66 99 238
0.5864 0.9799 -0.3248 66 99 239
0.5875 0.9800 -0.3230 66 99 239
0.5885 0.9801 -0.3211 67 99 239
0.5896 0.9803 -0.3193 67 99 239
0.5907 0.9804 -0.3175 67 99 239
0.5917 0.9805 -0.3157 68 100 240
0.5927 0.9806 -0.3138 68 100 240
0.5938 0.9808 -0.3120 68 100 240
0.5948 0.9809 -0.3102 69 100 240
0.5958 0.9810 -0.3083 69 100 240
0.5969 0.9811 -0.3065 69 100 240
0.5979 0.9813 -0.3046 70 100 241
0.5989 0.9814 -0.3028 70 100 241
0.5999 0.9815 -0.3009 71 100 241
0.6009 0.9816 -0.2991 71 100 241
0.6019 0.9818 -0.2972 71 100 241
0.6028 0.9819 -0.2953 72 100 242
0.6038 0.9820 -0.2935 72 100 242
0.6048 0.9821 -0.2916 72 100 242
0.6058 0.9823 -0.2897 73 100 242
0.6067 0.9824 -0.2878 73 100 242
0.6077 0.9825 -0.2860 73 100 242
0.6086 0.9826 -0.2841 74 100 243
0.6096 0.9828 -0.2822 74 100 243
0.6105 0.9829 -0.2803 75 100 243
0.6114 0.9830 -0.2784 75 100 243
0.6124 0.9831 -0.2765 75 100 243
0.6133 0.9832 -0.2746 76 100 243
0.6142 0.9834 -0.2727 76 100 244
0.6151 0.9835 -0.2708 76 100 244
0.6160 0.9836 -0.2689 77 100 244
0.6169 0.9838 -0.2670 77 100 244
0.6178 0.9839 -0.2650 77 100 244
0.6187 0.9840 -0.2631 78 100 244
0.6196 0.9841 -0.2612 78 100 245
0.6204 0.9842 -0.2593 79 100 245
0.6213 0.9844 -0.2574 79 100 245
0.6222 0.9845 -0.2554 79 100 245
0.6230 0.9846 -0.2535 80 100 245
0.6239 0.9847 -0.2516 80 100 245
0.6247 0.9849 -0.2496 80 100 245
0.6256 0.9850 -0.2477 81 100 246
0.6264 0.9851 -0.2457 81 100 246
0.6272 0.9852 -0.2438 81 100 246
0.6280 0.9854 -0.2418 82 100 246
0.6288 0.9855 -0.2399 82 100 246
0.6296 0.9856 -0.2379 83 100 246
0.6304 0.9857 -0.2360 83 100 246
0.6312 0.9859 -0.2340 83 100 247
0.6320 0.9860 -0.2320 84 100 247
0.6328 0.9861 -0.2301 84 100 247
0.6336 0.9863 -0.2281 84 100 247
0.6344 0.9864 -0.2261 85 100 247
0.6351 0.9865 -0.2242 85 100 247
0.6359 0.9866 -0.2222 86 100 247
0.6366 0.9868 -0.2202 86 100 248
0.6374 0.9869 -0.2182 86 100 248
0.6381 0.9870 -0.2162 87 100 248
0.6389 0.9871 -0.2143 87 100 248
0.6396 0.9872 -0.2123 87 100 248
0.6403 0.9874 -0.2103 88 100 248
0.6410 0.9875 -0.2083 88 100 248
0.6417 0.9876 -0.2063 89 100 248
0.6424 0.9878 -0.2043 89 100 249
0.6431 0.9879 -0.2023 89 100 249
0.6438 0.9880 -0.2003 90 100 249
0.6445 0.9881 -0.1983 90 100 249
0.6452 0.9882 -0.1963 91 100 249
0.6458 0.9884 -0.1943 91 100 249
0.6465 0.9885 -0.1922 91 100 249
0.6472 0.9886 -0.1902 92 100 249
0.6478 0.9888 -0.1882 92 100 249
0.6485 0.9889 -0.1862 92 100 250
0.6491 0.9890 -0.1842 93 100 250
0.6497 0.9891 -0.1821 93 100 250
0.6504 0.9892 -0.1801 94 100 250
0.6510 0.9894 -0.1781 94 100 250
0.6516 0.9895 -0.1761 94 100 250
0.6522 0.9896 -0.1740 95 100 250
0.6528 0.9897 -0.1720 95 100 250
0.6534 0.9899 -0.1700 96 100 250
0.6540 0.9900 -0.1679 96 100 251
0.6546 0.9901 -0.1659 96 100 251
0.6551 0.9903 -0.1638 97 101 251
0.6557 0.9904 -0.1618 97 101 251
0.6563 0.9905 -0.1597 97 101 251
0.6568 0.9906 -0.1577 98 101 251
0.6574 0.9908 -0.1556 98 101 251
0.6579 0.9909 -0.1536 99 101 251
0.6585 0.9910 -0.1515 99 101 251
0.6590 0.9911 -0.1495 99 101 251
0.6595 0.9913 -0.1474 100 101 251
0.6600 0.9914 -0.1454 100 101 252
0.6606 0.9915 -0.1433 101 101 252
0.6611 0.9916 -0.1412 101 101 252
0.6616 0.9918 -0.1392 101 101 252
0.6621 0.9919 -0.1371 102 101 252
0.6625 0.9920 -0.1350 102 101 252
0.6630 0.9921 -0.1330 103 101 252
0.6635 0.9922 -0.1309 103 101 252
0.6640 0.9924 -0.1288 103 101 252
0.6644 0.9925 -0.1267 104 101 252
0.6649 0.9926 -0.1247 104 101 252
0.6653 0.9928 -0.1226 104 101 252
0.6658 0.9929 -0.1205 105 101 252
0.6662 0.9930 -0.1184 105 101 253
0.6666 0.9931 -0.1163 106 101 253
0.6670 0.9932 -0.1143 106 101 253
0.6675 0.9934 -0.1122 106 101 253
0.6679 0.9935 -0.1101 107 101 253
0.6683 0.9936 -0.1080 107 101 253
0.6687 0.9938 -0.1059 108 101 253
0.6691 0.9939 -0.1038 108 101 253
0.6694 0.9940 -0.1017 108 101 253
0.6698 0.9941 -0.0996 109 101 253
0.6702 0.9942 -0.0975 109 101 253
0.6705 0.9944 -0.0954 110 101 253
0.6709 0.9945 -0.0933 110 101 253
0.6712 0.9946 -0.0912 110 101 253
0.6716 0.9947 -0.0891 111 101 253
0.6719 0.9949 -0.0870 111 101 253
0.6723 0.9950 -0.0849 112 101 253
0.6726 0.9951 -0.0828 112 101 254
0.6729 0.9952 -0.0807 112 101 254
0.6732 0.9954 -0.0786 113 101 254
0.6735 0.9955 -0.0765 113 101 254
0.6738 0.9956 -0.0744 114 101 254
0.6741 0.9957 -0.0723 114 101 254
0.6744 0.9959 -0.0702 114 101 254
0.6747 0.9960 -0.0681 115 101 254
0.6749 0.9961 -0.0659 115 101 254
0.6752 0.9963 -0.0638 116 101 254
0.6754 0.9964 -0.0617 116 101 254
0.6757 0.9965 -0.0596 116 101 254
0.6759 0.9966 -0.0575 117 101 254
0.6762 0.9968 -0.0554 117 101 254
0.6764 0.9969 -0.0532 118 101 254
0.6766 0.9970 -0.0511 118 101 254
0.6768 0.9971 -0.0490 118 101 254
0.6771 0.9972 -0.0469 119 101 254
0.6773 0.9974 -0.0447 119 101 254
0.6775 0.9975 -0.0426 120 101 254
0.6777 0.9976 -0.0405 120 101 254
0.6778 0.9978 -0.0384 120 101 254
0.6780 0.9979 -0.0362 121 101 254
0.6782 0.9980 -0.0341 121 101 254
0.6783 0.9981 -0.0320 122 101 254
0.6785 0.9982 -0.0299 122 101 254
0.6787 0.9984 -0.0277 122 101 254
0.6788 0.9985 -0.0256 123 101 254
0.6789 0.9986 -0.0235 123 101 254
0.6791 0.9988 -0.0213 124 101 254
0.6792 0.9989 -0.0192 124 101 254
0.6793 0.9990 -0.0171 124 101 254
0.6794 0.9991 -0.0149 125 101 254
0.6795 0.9992 -0.0128 125 101 254
0.6796 0.9994 -0.0107 126 101 254
0.6797 0.9995 -0.0085 126 101 254
0.6798 0.9996 -0.0064 126 101 254
0.6799 0.9997 -0.0043 127 101 254
0.6799 0.9999 -0.0021 127 101 254
0.6800 1.0000 -0.0000 127 102 255
0.6801 1.0001 0.0021 128 102 254
0.6801 1.0003 0.0043 128 102 254
0.6801 1.0004 0.0064 129 102 254
0.6802 1.0005 0.0085 129 102 254
0.6802 1.0006 0.0107 129 102 254
0.6802 1.0008 0.0128 130 102 254
0.6803 1.0009 0.0150 130 102 254
0.6803 1.0010 0.0171 131 102 254
0.6803 1.0011 0.0192 131 102 254
0.6803 1.0012 0.0214 131 102 254
0.6803 1.0014 0.0235 132 102 254
0.6802 1.0015 0.0257 132 102 254
0.6802 1.0016 0.0278 133 102 254
0.6802 1.0017 0.0299 133 102 254
0.6801 1.0019 0.0321 133 102 254
0.6801 1.0020 0.0342 134 102 254
0.6800 1.0021 0.0364 134 102 254
0.6800 1.0022 0.0385 135 102 254
0.6799 1.0024 0.0406 135 102 254
0.6799 1.0025 0.0428 135 102 254
0.6798 1.0026 0.0449 136 102 254
0.6797 1.0028 0.0471 136 102 254
0.6796 1.0029 0.0492 137 102 254
0.6795 1.0030 0.0513 137 102 254
0.6794 1.0031 0.0535 137 102 254
0.6793 1.0032 0.0556 138 102 254
0.6792 1.0034 0.0577 138 102 254
0.6790 1.0035 0.0599 139 102 254
0.6789 1.0036 0.0620 139 102 254
0.6788 1.0038 0.0642 139 102 254
0.6786 1.0039 0.0663 140 102 254
0.6785 1.0040 0.0684 140 102 254
0.6783 1.0041 0.0706 141 102 254
0.6782 1.0043 0.0727 141 102 254
0.6780 1.0044 0.0748 141 102 254
0.6778 1.0045 0.0770 142 102 254
0.6776 1.0046 0.0791 142 102 254
0.6774 1.0048 0.0813 143 102 254
0.6772 1.0049 0.0834 143 102 254
0.6770 1.0050 0.0855 143 102 253
0.6768 1.0051 0.0877 144 102 253
0.6766 1.0052 0.0898 144 102 253
0.6764 1.0054 0.0919 145 102 253
0.6761 1.0055 0.0941 145 102 253
0.6759 1.0056 0.0962 145 102 253
0.6756 1.0057 0.0983 146 102 253
0.6754 1.0059 0.1005 146 102 253
0.6751 1.0060 0.1026 147 102 253
0.6749 1.0061 0.1047 147 102 253
0.6746 1.0063 0.1068 147 102 253
0.6743 1.0064 0.1090 148 102 253
0.6740 1.0065 0.1111 148 102 253
0.6737 1.0066 0.1132 149 102 253
0.6734 1.0068 0.1154 149 102 253
0.6731 1.0069 0.1175 149 102 253
0.6728 1.0070 0.1196 150 102 253
0.6725 1.0071 0.1217 150 102 252
0.6722 1.0072 0.1239 151 102 252
0.6718 1.0074 0.1260 151 102 252
0.6715 1.0075 0.1281 151 102 252
0.6711 1.0076 0.1302 152 102 252
0.6708 1.0078 0.1323 152 102 252
0.6704 1.0079 0.1345 152 102 252
0.6701 1.0080 0.1366 153 102 252
0.6697 1.0081 0.1387 153 102 252
0.6693 1.0082 0.1408 154 102 252
0.6689 1.0084 0.1429 154 102 252
0.6685 1.0085 0.1450 154 102 252
0.6681 1.0086 0.1471 155 102 252
0.6677 1.0088 0.1493 155 102 251
0.6673 1.0089 0.1514 156 102 251
0.6669 1.0090 0.1535 156 102 251
0.6665 1.0091 0.1556 156 102 251
0.6660 1.0092 0.1577 157 102 251
0.6656 1.0094 0.1598 157 102 251
0.6651 1.0095 0.1619 158 102 251
0.6647 1.0096 0.1640 158 102 251
0.6642 1.0097 0.1661 158 102 251
0.6638 1.0099 0.1682 159 103 251
0.6633 1.0100 0.1703 159 103 251
0.6628 1.0101 0.1724 159 103 250
0.6623 1.0103 0.1745 160 103 250
0.6618 1.0104 0.1766 160 103 250
0.6613 1.0105 0.1787 161 103 250
0.6608 1.0106 0.1808 161 103 250
0.6603 1.0108 0.1829 161 103 250
0.6598 1.0109 0.1850 162 103 250
0.6593 1.0110 0.1870 162 103 250
0.6587 1.0111 0.1891 163 103 250
0.6582 1.0112 0.1912 163 103 249
0.6576 1.0114 0.1933 163 103 249
0.6571 1.0115 0.1954 164 103 249
0.6565 1.0116 0.1975 164 103 249
0.6560 1.0117 0.1995 164 103 249
0.6554 1.0119 0.2016 165 103 249
0.6548 1.0120 0.2037 165 103 249
0.6542 1.0121 0.2058 166 103 249
0.6536 1.0122 0.2078 166 103 249
0.6530 1.0124 0.2099 166 103 248
0.6524 1.0125 0.2120 167 103 248
0.6518 1.0126 0.2141 167 103 248
0.6512 1.0128 0.2161 168 103 248
0.6506 1.0129 0.2182 168 103 248
0.6499 1.0130 0.2202 168 103 248
0.6493 1.0131 0.2223 169 103 248
0.6487 1.0132 0.2244 169 103 248
0.6480 1.0134 0.2264 169 103 247
0.6473 1.0135 0.2285 170 103 247
0.6467 1.0136 0.2305 170 103 247
0.6460 1.0138 0.2326 171 103 247
0.6453 1.0139 0.2346 171 103 247
0.6446 1.0140 0.2367 171 103 247
0.6440 1.0141 0.2387 172 103 247
0.6433 1.0143 0.2408 172 103 246
0.6426 1.0144 0.2428 172 103 246
0.6418 1.0145 0.2448 173 103 246
0.6411 1.0146 0.2469 173 103 246
0.6404 1.0148 0.2489 174 103 246
0.6397 1.0149 0.2509 174 103 246
0.6389 1.0150 0.2530 174 103 246
0.6382 1.0151 0.2550 175 103 245
0.6375 1.0152 0.2570 175 103 245
0.6367 1.0154 0.2591 175 103 245
0.6359 1.0155 0.2611 176 103 245
0.6352 1.0156 0.2631 176 103 245
0.6344 1.0157 0.2651 176 103 245
0.6336 1.0159 0.2671 177 103 245
0.6328 1.0160 0.2691 177 103 244
0.6320 1.0161 0.2712 178 103 244
0.6312 1.0162 0.2732 178 103 244
0.6304 1.0164 0.2752 178 103 244
0.6296 1.0165 0.2772 179 103 244
0.6288 1.0166 0.2792 179 103 244
0.6280 1.0168 0.2812 179 103 243
0.6271 1.0169 0.2832 180 103 243
0.6263 1.0170 0.2852 180 103 243
0.6255 1.0171 0.2871 180 103 243
0.6246 1.0172 0.2891 181 103 243
0.6237 1.0174 0.2911 181 103 243
0.6229 1.0175 0.2931 182 103 242
0.6220 1.0176 0.2951 182 103 242
0.6211 1.0177 0.2971 182 103 242
0.6203 1.0179 0.2990 183 103 242
0.6194 1.0180 0.3010 183 103 242
0.6185 1.0181 0.3030 183 103 242
0.6176 1.0183 0.3050 184 103 241
0.6167 1.0184 0.3069 184 103 241
0.6157 1.0185 0.3089 184 103 241
0.6148 1.0186 0.3108 185 103 241
0.6139 1.0187 0.3128 185 103 241
0.6130 1.0189 0.3148 186 103 240
0.6120 1.0190 0.3167 186 103 240
0.6111 1.0191 0.3187 186 103 240
0.6101 1.0192 0.3206 187 103 240
0.6092 1.0194 0.3225 187 103 240
0.6082 1.0195 0.3245 187 103 240
0.6072 1.0196 0.3264 188 104 239
0.6063 1.0197 0.3284 188 104 239
0.6053 1.0199 0.3303 188 104 239
0.6043 1.0200 0.3322 189 104 239
0.6033 1.0201 0.3341 189 104 239
0.6023 1.0203 0.3361 189 104 238
0.6013 1.0204 0.3380 190 104 238
0.6003 1.0205 0.3399 190 104 238
0.5993 1.0206 0.3418 190 104 238
0.5982 1.0208 0.3437 191 104 238
0.5972 1.0209 0.3456 191 104 237
0.5962 1.0210 0.3475 191 104 237
0.5951 1.0211 0.3494 192 104 237
0.5941 1.0212 0.3513 192 104 237
0.5930 1.0214 0.3532 192 104 237
0.5920 1.0215 0.3551 193 104 236
0.5909 1.0216 0.3570 193 104 236
0.5898 1.0217 0.3589 194 104 236
0.5887 1.0219 0.3608 194 104 236
0.5877 1.0220 0.3627 194 104 236
0.5866 1.0221 0.3645 195 104 235
0.5855 1.0222 0.3664 195 104 235
0.5844 1.0224 0.3683 195 104 235
0.5833 1.0225 0.3701 196 104 235
0.5821 1.0226 0.3720 196 104 235
0.5810 1.0228 0.3739 196 104 234
0.5799 1.0229 0.3757 197 104 234
0.5788 1.0230 0.3776 197 104 234
0.5776 1.0231 0.3794 197 104 234
0.5765 1.0232 0.3813 198 104 233
0.5753 1.0234 0.3831 198 104 233
0.5742 1.0235 0.3850 198 104 233
0.5730 1.0236 0.3868 199 104 233
0.5718 1.0237 0.3886 199 104 233
0.5707 1.0239 0.3905 199 104 232
0.5695 1.0240 0.3923 200 104 232
0.5683 1.0241 0.3941 200 104 232
0.5671 1.0243 0.3959 200 104 232
0.5659 1.0244 0.3977 201 104 231
0.5647 1.0245 0.3995 201 104 231
0.5635 1.0246 0.4013 201 104 231
0.5623 1.0248 0.4032 202 104 231
0.5611 1.0249 0.4050 202 104 230
0.5598 1.0250 0.4067 202 104 230
0.5586 1.0251 0.4085 202 104 230
0.5574 1.0252 0.4103 203 104 230
0.5561 1.0254 0.4121 203 104 230
0.5549 1.0255 0.4139 203 104 229
0.5536 1.0256 0.4157 204 104 229
0.5524 1.0257 0.4174 204 104 229
0.5511 1.0259 0.4192 204 104 229
0.5498 1.0260 0.4210 205 104 228
0.5485 1.0261 0.4227 205 104 228
0.5473 1.0262 0.4245 205 104 228
0.5460 1.0264 0.4263 206 104 228
0.5447 1.0265 0.4280 206 104 227
0.5434 1.0266 0.4297 206 104 227
0.5421 1.0268 0.4315 207 104 227
0.5408 1.0269 0.4332 207 104 227
0.5394 1.0270 0.4350 207 104 226
0.5381 1.0271 0.4367 208 104 226
0.5368 1.0272 0.4384 208 104 226
0.5355 1.0274 0.4401 208 104 226
0.5341 1.0275 0.4419 208 104 225
0.5328 1.0276 0.4436 209 104 225
0.5314 1.0278 0.4453 209 104 225
0.5301 1.0279 0.4470 209 104 225
0.5287 1.0280 0.4487 210 104 224
0.5273 1.0281 0.4504 210 104 224
0.5260 1.0282 0.4521 210 104 224
0.5246 1.0284 0.4538 211 104 224
0.5232 1.0285 0.4555 211 104 223
0.5218 1.0286 0.4571 211 104 223
0.5204 1.0288 0.4588 211 104 223
0.5190 1.0289 0.4605 212 104 222
0.5176 1.0290 0.4622 212 104 222
0.5162 1.0291 0.4638 212 104 222
0.5148 1.0292 0.4655 213 104 222
0.5134 1.0294 0.4671 213 104 221
0.5120 1.0295 0.4688 213 105 221
0.5105 1.0296 0.4704 214 105 221
0.5091 1.0297 0.4721 214 105 221
0.5076 1.0299 0.4737 214 105 220
0.5062 1.0300 0.4753 214 105 220
0.5047 1.0301 0.4770 215 105 220
0.5033 1.0303 0.4786 215 105 220
0.5018 1.0304 0.4802 215 105 219
0.5004 1.0305 0.4818 216 105 219
0.4989 1.0306 0.4835 216 105 219
0.4974 1.0308 0.4851 216 105 218
0.4959 1.0309 0.4867 216 105 218
0.4944 1.0310 0.4883 217 105 218
0.4929 1.0311 0.4899 217 105 218
0.4914 1.0313 0.4914 217 105 217
0.4899 1.0314 0.4930 218 105 217
0.4884 1.0315 0.4946 218 105 217
0.4869 1.0316 0.4962 218 105 216
0.4854 1.0317 0.4977 218 105 216
0.4839 1.0319 0.4993 219 105 216
0.4823 1.0320 0.5009 219 105 216
0.4808 1.0321 0.5024 219 105 215
0.4793 1.0322 0.5040 220 105 215
0.4777 1.0324 0.5055 220 105 215
0.4762 1.0325 0.5071 220 105 214
0.4746 1.0326 0.5086 220 105 214
0.4731 1.0328 0.5101 221 105 214
0.4715 1.0329 0.5117 221 105 214
0.4699 1.0330 0.5132 221 105 213
0.4683 1.0331 0.5147 221 105 213
0.4668 1.0333 0.5162 222 105 213
0.4652 1.0334 0.5177 222 105 212
0.4636 1.0335 0.5192 222 105 212
0.4620 1.0336 0.5207 222 105 212
0.4604 1.0337 0.5222 223 105 211
0.4588 1.0339 0.5237 223 105 211
0.4572 1.0340 0.5252 223 105 211
0.4556 1.0341 0.5267 224 105 211
0.4540 1.0343 0.5282 224 105 210
0.4523 1.0344 0.5296 224 105 210
0.4507 1.0345 0.5311 224 105 210
0.4491 1.0346 0.5325 225 105 209
0.4474 1.0348 0.5340 225 105 209
0.4458 1.0349 0.5354 225 105 209
0.4442 1.0350 0.5369 225 105 208
0.4425 1.0351 0.5383 226 105 208
0.4409 1.0353 0.5398 226 105 208
0.4392 1.0354 0.5412 226 105 208
0.4375 1.0355 0.5426 226 105 207
0.4359 1.0356 0.5440 227 105 207
0.4342 1.0357 0.5455 227 105 207
0.4325 1.0359 0.5469 227 105 206
0.4308 1.0360 0.5483 227 105 206
0.4291 1.0361 0.5497 228 105 206
0.4274 1.0362 0.5511 228 105 205
0.4257 1.0364 0.5524 228 105 205
0.4240 1.0365 0.5538 228 105 205
0.4223 1.0366 0.5552 229 105 204
0.4206 1.0368 0.5566 229 105 204
0.4189 1.0369 0.5579 229 105 204
0.4172 1.0370 0.5593 229 105 203
0.4155 1.0371 0.5607 230 105 203
0.4137 1.0373 0.5620 230 105 203
0.4120 1.0374 0.5634 230 105 202
0.4103 1.0375 0.5647 230 105 202
0.4085 1.0376 0.5660 230 105 202
0.4068 1.0377 0.5674 231 105 202
0.4050 1.0379 0.5687 231 105 201
0.4033 1.0380 0.5700 231 105 201
0.4015 1.0381 0.5713 231 105 201
0.3998 1.0383 0.5726 232 105 200
0.3980 1.0384 0.5739 232 105 200
0.3962 1.0385 0.5752 232 105 200
0.3945 1.0386 0.5765 232 105 199
0.3927 1.0387 0.5778 233 105 199
0.3909 1.0389 0.5791 233 105 199
0.3891 1.0390 0.5804 233 105 198
0.3873 1.0391 0.5816 233 105 198
0.3855 1.0393 0.5829 233 106 198
0.3837 1.0394 0.5841 234 106 197
0.3819 1.0395 0.5854 234 106 197
0.3801 1.0396 0.5866 234 106 197
0.3783 1.0397 0.5879 234 106 196
0.3765 1.0399 0.5891 235 106 196
0.3747 1.0400 0.5904 235 106 196
0.3728 1.0401 0.5916 235 106 195
0.3710 1.0403 0.5928 235 106 195
0.3692 1.0404 0.5940 235 106 195
0.3673 1.0405 0.5952 236 106 194
0.3655 1.0406 0.5964 236 106 194
0.3636 1.0408 0.5976 236 106 194
0.3618 1.0409 0.5988 236 106 193
0.3599 1.0410 0.6000 236 106 193
0.3581 1.0411 0.6012 237 106 192
0.3562 1.0413 0.6023 237 106 192
0.3544 1.0414 0.6035 237 106 192
0.3525 1.0415 0.6047 237 106 191
0.3506 1.0416 0.6058 237 106 191
0.3487 1.0417 0.6070 238 106 191
0.3469 1.0419 0.6081 238 106 190
0.3450 1.0420 0.6093 238 106 190
0.3431 1.0421 0.6104 238 106 190
0.3412 1.0422 0.6115 238 106 189
0.3393 1.0424 0.6126 239 106 189
0.3374 1.0425 0.6138 239 106 189
0.3355 1.0426 0.6149 239 106 188
0.3336 1.0428 0.6160 239 106 188
0.3317 1.0429 0.6171 239 106 188
0.3298 1.0430 0.6182 240 106 187
0.3279 1.0431 0.6193 240 106 187
0.3260 1.0433 0.6203 240 106 187
0.3240 1.0434 0.6214 240 106 186
0.3221 1.0435 0.6225 240 106 186
0.3202 1.0436 0.6235 240 106 186
0.3182 1.0437 0.6246 241 106 185
0.3163 1.0439 0.6256 241 106 185
0.3144 1.0440 0.6267 241 106 184
0.3124 1.0441 0.6277 241 106 184
0.3105 1.0443 0.6288 241 106 184
0.3085 1.0444 0.6298 242 106 183
0.3066 1.0445 0.6308 242 106 183
0.3046 1.0446 0.6318 242 106 183
0.3027 1.0448 0.6328 242 106 182
0.3007 1.0449 0.6338 242 106 182
0.2987 1.0450 0.6348 242 106 182
0.2968 1.0451 0.6358 243 106 181
0.2948 1.0453 0.6368 243 106 181
0.2928 1.0454 0.6378 243 106 180
0.2908 1.0455 0.6387 243 106 180
0.2888 1.0456 0.6397 243 106 180
0.2869 1.0457 0.6407 243 106 179
0.2849 1.0459 0.6416 244 106 179
0.2829 1.0460 0.6426 244 106 179
0.2809 1.0461 0.6435 244 106 178
0.2789 1.0462 0.6444 244 106 178
0.2769 1.0464 0.6454 244 106 178
0.2749 1.0465 0.6463 244 106 177
0.2729 1.0466 0.6472 245 106 177
0.2708 1.0468 0.6481 245 106 176
0.2688 1.0469 0.6490 245 106 176
0.2668 1.0470 0.6499 245 106 176
0.2648 1.0471 0.6508 245 106 175
0.2628 1.0473 0.6517 245 106 175
0.2607 1.0474 0.6526 245 106 175
0.2587 1.0475 0.6534 246 106 174
0.2567 1.0476 0.6543 246 106 174
0.2547 1.0477 0.6552 246 106 174
0.2526 1.0479 0.6560 246 106 173
0.2506 1.0480 0.6569 246 106 173
0.2485 1.0481 0.6577 246 106 172
0.2465 1.0482 0.6585 246 106 172
0.2444 1.0484 0.6594 247 106 172
0.2424 1.0485 0.6602 247 106 171
0.2403 1.0486 0.6610 247 106 171
0.2383 1.0488 0.6618 247 106 171
0.2362 1.0489 0.6626 247 106 170
0.2341 1.0490 0.6634 247 106 170
0.2321 1.0491 0.6642 247 107 169
0.2300 1.0493 0.6650 248 107 169
0.2279 1.0494 0.6658 248 107 169
0.2259 1.0495 0.6665 248 107 168
0.2238 1.0496 0.6673 248 107 168
0.2217 1.0497 0.6680 248 107 168
0.2196 1.0499 0.6688 248 107 167
0.2175 1.0500 0.6695 248 107 167
0.2155 1.0501 0.6703 248 107 166
0.2134 1.0502 0.6710 249 107 166
0.2113 1.0504 0.6717 249 107 166
0.2092 1.0505 0.6725 249 107 165
0.2071 1.0506 0.6732 249 107 165
0.2050 1.0508 0.6739 249 107 164
0.2029 1.0509 0.6746 249 107 164
0.2008 1.0510 0.6753 249 107 164
0.1987 1.0511 0.6759 249 107 163
0.1966 1.0513 0.6766 249 107 163
0.1945 1.0514 0.6773 250 107 163
0.1924 1.0515 0.6780 250 107 162
0.1902 1.0516 0.6786 250 107 162
0.1881 1.0517 0.6793 250 107 161
0.1860 1.0519 0.6799 250 107 161
0.1839 1.0520 0.6806 250 107 161
0.1818 1.0521 0.6812 250 107 160
0.1796 1.0522 0.6818 250 107 160
0.1775 1.0524 0.6824 250 107 159
0.1754 1.0525 0.6830 251 107 159
0.1732 1.0526 0.6837 251 107 159
0.1711 1.0527 0.6842 251 107 158
0.1690 1.0529 0.6848 251 107 158
0.1668 1.0530 0.6854 251 107 158
0.1647 1.0531 0.6860 251 107 157
0.1626 1.0533 0.6866 251 107 157
0.1604 1.0534 0.6871 251 107 156
0.1583 1.0535 0.6877 251 107 156
0.1561 1.0536 0.6883 251 107 156
0.1540 1.0537 0.6888 251 107 155
0.1518 1.0539 0.6893 252 107 155
0.1497 1.0540 0.6899 252 107 154
0.1475 1.0541 0.6904 252 107 154
0.1453 1.0543 0.6909 252 107 154
0.1432 1.0544 0.6914 252 107 153
0.1410 1.0545 0.6919 252 107 153
0.1389 1.0546 0.6924 252 107 152
0.1367 1.0548 0.6929 252 107 152
0.1345 1.0549 0.6934 252 107 152
0.1324 1.0550 0.6939 252 107 151
0.1302 1.0551 0.6944 252 107 151
0.1280 1.0553 0.6948 252 107 151
0.1259 1.0554 0.6953 252 107 150
0.1237 1.0555 0.6957 253 107 150
0.1215 1.0556 0.6962 253 107 149
0.1193 1.0557 0.6966 253 107 149
0.1171 1.0559 0.6970 253 107 149
0.1150 1.0560 0.6975 253 107 148
0.1128 1.0561 0.6979 253 107 148
0.1106 1.0562 0.6983 253 107 147
0.1084 1.0564 0.6987 253 107 147
0.1062 1.0565 0.6991 253 107 147
0.1040 1.0566 0.6995 253 107 146
0.1019 1.0568 0.6999 253 107 146
0.0997 1.0569 0.7002 253 107 145
0.0975 1.0570 0.7006 253 107 145
0.0953 1.0571 0.7010 253 107 145
0.0931 1.0573 0.7013 253 107 144
0.0909 1.0574 0.7017 253 107 144
0.0887 1.0575 0.7020 253 107 143
0.0865 1.0576 0.7024 254 107 143
0.0843 1.0577 0.7027 254 107 143
0.0821 1.0579 0.7030 254 107 142
0.0799 1.0580 0.7033 254 107 142
0.0777 1.0581 0.7036 254 107 141
0.0755 1.0583 0.7039 254 107 141
0.0733 1.0584 0.7042 254 107 141
0.0711 1.0585 0.7045 254 107 140
0.0689 1.0586 0.7048 254 107 140
0.0666 1.0587 0.7051 254 107 139
0.0644 1.0589 0.7053 254 108 139
0.0622 1.0590 0.7056 254 108 139
0.0600 1.0591 0.7058 254 108 138
0.0578 1.0593 0.7061 254 108 138
0.0556 1.0594 0.7063 254 108 137
0.0534 1.0595 0.7065 254 108 137
0.0512 1.0596 0.7068 254 108 137
0.0489 1.0597 0.7070 254 108 136
0.0467 1.0599 0.7072 254 108 136
0.0445 1.0600 0.7074 254 108 135
0.0423 1.0601 0.7076 254 108 135
0.0401 1.0602 0.7078 254 108 135
0.0378 1.0604 0.7080 254 108 134
0.0356 1.0605 0.7081 254 108 134
0.0334 1.0606 0.7083 254 108 133
0.0312 1.0608 0.7085 254 108 133
0.0290 1.0609 0.7086 254 108 133
0.0267 1.0610 0.7088 254 108 132
0.0245 1.0611 0.7089 254 108 132
0.0223 1.0613 0.7090 254 108 131
0.0201 1.0614 0.7092 254 108 131
0.0178 1.0615 0.7093 254 108 131
0.0156 1.0616 0.7094 254 108 130
0.0134 1.0617 0.7095 254 108 130
0.0111 1.0619 0.7096 254 108 129
0.0089 1.0620 0.7097 254 108 129
0.0067 1.0621 0.7098 254 108 129
0.0045 1.0622 0.7099 254 108 128
0.0022 1.0624 0.7099 254 108 128
-0.0000 1.0625 0.7100 255 108 127
-0.0022 1.0626 0.7101 254 108 127
-0.0045 1.0627 0.7101 254 108 127
-0.0067 1.0629 0.7101 254 108 126
-0.0089 1.0630 0.7102 254 108 126
-0.0112 1.0631 0.7102 254 108 126
-0.0134 1.0633 0.7102 254 108 125
-0.0156 1.0634 0.7102 254 108 125
-0.0179 1.0635 0.7103 254 108 124
-0.0201 1.0636 0.7103 254 108 124
-0.0223 1.0637 0.7102 254 108 124
-0.0246 1.0639 0.7102 254 108 123
-0.0268 1.0640 0.7102 254 108 123
-0.0290 1.0641 0.7102 254 108 122
-0.0313 1.0643 0.7102 254 108 122
-0.0335 1.0644 0.7101 254 108 122
-0.0357 1.0645 0.7101 254 108 121
-0.0380 1.0646 0.7100 254 108 121
-0.0402 1.0648 0.7099 254 108 120
-0.0424 1.0649 0.7099 254 108 120
-0.0447 1.0650 0.7098 254 108 120
-0.0469 1.0651 0.7097 254 108 119
-0.0491 1.0653 0.7096 254 108 119
-0.0514 1.0654 0.7095 254 108 118
-0.0536 1.0655 0.7094 254 108 118
-0.0558 1.0656 0.7093 254 108 118
-0.0581 1.0657 0.7092 254 108 117
-0.0603 1.0659 0.7091 254 108 117
-0.0625 1.0660 0.7089 254 108 116
-0.0648 1.0661 0.7088 254 108 116
-0.0670 1.0662 0.7086 254 108 116
-0.0692 1.0664 0.7085 254 108 115
-0.0714 1.0665 0.7083 254 108 115
-0.0737 1.0666 0.7082 254 108 114
-0.0759 1.0668 0.7080 254 108 114
-0.0781 1.0669 0.7078 254 108 114
-0.0804 1.0670 0.7076 254 108 113
-0.0826 1.0671 0.7074 254 108 113
-0.0848 1.0673 0.7072 254 108 112
-0.0871 1.0674 0.7070 254 108 112
-0.0893 1.0675 0.7068 253 108 112
-0.0915 1.0676 0.7066 253 108 111
-0.0937 1.0677 0.7063 253 108 111
-0.0960 1.0679 0.7061 253 108 110
-0.0982 1.0680 0.7058 253 108 110
-0.1004 1.0681 0.7056 253 108 110
-0.1026 1.0682 0.7053 253 108 109
-0.1049 1.0684 0.7051 253 108 109
-0.1071 1.0685 0.7048 253 108 108
-0.1093 1.0686 0.7045 253 108 108
-0.1115 1.0688 0.7042 253 109 108
-0.1138 1.0689 0.7039 253 109 107
-0.1160 1.0690 0.7036 253 109 107
-0.1182 1.0691 0.7033 253 109 106
-0.1204 1.0693 0.7030 253 109 106
-0.1226 1.0694 0.7027 253 109 106
-0.1249 1.0695 0.7023 253 109 105
-0.1271 1.0696 0.7020 252 109 105
-0.1293 1.0697 0.7017 252 109 104
-0.1315 1.0699 0.7013 252 109 104
-0.1337 1.0700 0.7010 252 109 104
-0.1359 1.0701 0.7006 252 109 103
-0.1381 1.0702 0.7002 252 109 103
-0.1404 1.0704 0.6998 252 109 103
-0.1426 1.0705 0.6995 252 109 102
-0.1448 1.0706 0.6991 252 109 102
-0.1470 1.0708 0.6987 252 109 101
-0.1492 1.0709 0.6983 252 109 101
-0.1514 1.0710 0.6978 252 109 101
-0.1536 1.0711 0.6974 252 109 100
-0.1558 1.0713 0.6970 251 109 100
-0.1580 1.0714 0.6966 251 109 99
-0.1602 1.0715 0.6961 251 109 99
-0.1624 1.0716 0.6957 251 109 99
-0.1646 1.0717 0.6952 251 109 98
-0.1668 1.0719 0.6948 251 109 98
-0.1690 1.0720 0.6943 251 109 97
-0.1712 1.0721 0.6938 251 109 97
-0.1734 1.0722 0.6933 251 109 97
-0.1756 1.0724 0.6928 251 109 96
-0.1778 1.0725 0.6923 251 109 96
-0.1800 1.0726 0.6918 250 109 96
-0.1821 1.0727 0.6913 250 109 95
-0.1843 1.0729 0.6908 250 109 95
-0.1865 1.0730 0.6903 250 109 94
-0.1887 1.0731 0.6898 250 109 94
-0.1909 1.0733 0.6892 250 109 94
-0.1931 1.0734 0.6887 250 109 93
-0.1952 1.0735 0.6881 250 109 93
-0.1974 1.0736 0.6876 250 109 92
-0.1996 1.0737 0.6870 249 109 92
-0.2018 1.0739 0.6864 249 109 92
-0.2039 1.0740 0.6858 249 109 91
-0.2061 1.0741 0.6853 249 109 91
-0.2083 1.0743 0.6847 249 109 91
-0.2104 1.0744 0.6841 249 109 90
-0.2126 1.0745 0.6835 249 109 90
-0.2148 1.0746 0.6828 249 109 89
-0.2169 1.0748 0.6822 249 109 89
-0.2191 1.0749 0.6816 248 109 89
-0.2213 1.0750 0.6810 248 109 88
-0.2234 1.0751 0.6803 248 109 88
-0.2256 1.0753 0.6797 248 109 87
-0.2277 1.0754 0.6790 248 109 87
-0.2299 1.0755 0.6783 248 109 87
-0.2320 1.0756 0.6777 248 109 86
-0.2342 1.0757 0.6770 248 109 86
-0.2363 1.0759 0.6763 247 109 86
-0.2385 1.0760 0.6756 247 109 85
-0.2406 1.0761 0.6749 247 109 85
-0.2427 1.0762 0.6742 247 109 84
-0.2449 1.0764 0.6735 247 109 84
-0.2470 1.0765 0.6728 247 109 84
-0.2491 1.0766 0.6721 247 109 83
-0.2513 1.0768 0.6714 246 109 83
-0.2534 1.0769 0.6706 246 109 83
-0.2555 1.0770 0.6699 246 109 82
-0.2577 1.0771 0.6691 246 109 82
-0.2598 1.0773 0.6684 246 109 81
-0.2619 1.0774 0.6676 246 109 81
-0.2640 1.0775 0.6668 246 109 81
-0.2661 1.0776 0.6661 245 109 80
-0.2682 1.0777 0.6653 245 109 80
-0.2704 1.0779 0.6645 245 109 80
-0.2725 1.0780 0.6637 245 109 79
-0.2746 1.0781 0.6629 245 109 79
-0.2767 1.0783 0.6621 245 109 79
-0.2788 1.0784 0.6613 245 109 78
-0.2809 1.0785 0.6604 244 110 78
-0.2830 1.0786 0.6596 244 110 77
-0.2851 1.0787 0.6588 244 110 77
-0.2872 1.0789 0.6579 244 110 77
-0.2893 1.0790 0.6571 244 110 76
-0.2913 1.0791 0.6562 244 110 76
-0.2934 1.0793 0.6553 243 110 76
-0.2955 1.0794 0.6545 243 110 75
-0.2976 1.0795 0.6536 243 110 75
-0.2997 1.0796 0.6527 243 110 75
-0.3017 1.0797 0.6518 243 110 74
-0.3038 1.0799 0.6509 243 110 74
-0.3059 1.0800 0.6500 242 110 73
-0.3079 1.0801 0.6491 242 110 73
-0.3100 1.0802 0.6482 242 110 73
-0.3121 1.0804 0.6473 242 110 72
-0.3141 1.0805 0.6463 242 110 72
-0.3162 1.0806 0.6454 242 110 72
-0.3182 1.0808 0.6445 241 110 71
-0.3203 1.0809 0.6435 241 110 71
-0.3223 1.0810 0.6426 241 110 71
-0.3244 1.0811 0.6416 241 110 70
-0.3264 1.0813 0.6406 241 110 70
-0.3285 1.0814 0.6397 240 110 69
-0.3305 1.0815 0.6387 240 110 69
-0.3325 1.0816 0.6377 240 110 69
-0.3346 1.0817 0.6367 240 110 68
-0.3366 1.0819 0.6357 240 110 68
-0.3386 1.0820 0.6347 240 110 68
-0.3406 1.0821 0.6337 239 110 67
-0.3426 1.0822 0.6327 239 110 67
-0.3447 1.0824 0.6316 239 110 67
-0.3467 1.0825 0.6306 239 110 66
-0.3487 1.0826 0.6296 239 110 66
-0.3507 1.0827 0.6285 238 110 66
-0.3527 1.0829 0.6275 238 110 65
-0.3547 1.0830 0.6264 238 110 65
-0.3567 1.0831 0.6253 238 110 65
-0.3587 1.0833 0.6243 238 110 64
-0.3607 1.0834 0.6232 237 110 64
-0.3626 1.0835 0.6221 237 110 64
-0.3646 1.0836 0.6210 237 110 63
-0.3666 1.0837 0.6199 237 110 63
-0.3686 1.0839 0.6188 237 110 63
-0.3706 1.0840 0.6177 236 110 62
-0.3725 1.0841 0.6166 236 110 62
-0.3745 1.0842 0.6155 236 110 61
-0.3765 1.0844 0.6143 236 110 61
-0.3784 1.0845 0.6132 236 110 61
-0.3804 1.0846 0.6121 235 110 60
-0.3823 1.0848 0.6109 235 110 60
-0.3843 1.0849 0.6098 235 110 60
-0.3862 1.0850 0.6086 235 110 59
-0.3882 1.0851 0.6074 235 110 59
-0.3901 1.0853 0.6063 234 110 59
-0.3920 1.0854 0.6051 234 110 58
-0.3940 1.0855 0.6039 234 110 58
-0.3959 1.0856 0.6027 234 110 58
-0.3978 1.0857 0.6015 233 110 57
-0.3997 1.0859 0.6003 233 110 57
-0.4017 1.0860 0.5991 233 110 57
-0.4036 1.0861 0.5979 233 110 56
-0.4055 1.0862 0.5967 233 110 56
-0.4074 1.0864 0.5954 232 110 56
-0.4093 1.0865 0.5942 232 110 55
-0.4112 1.0866 0.5930 232 110 55
-0.4131 1.0867 0.5917 232 110 55
-0.4150 1.0869 0.5905 231 110 54
-0.4169 1.0870 0.5892 231 110 54
-0.4188 1.0871 0.5879 231 110 54
-0.4206 1.0873 0.5867 231 110 53
-0.4225 1.0874 0.5854 230 110 53
-0.4244 1.0875 0.5841 230 110 53
-0.4262 1.0876 0.5828 230 110 53
-0.4281 1.0877 0.5815 230 110 52
-0.4300 1.0879 0.5802 230 110 52
-0.4318 1.0880 0.5789 229 110 52
-0.4337 1.0881 0.5776 229 110 51
-0.4355 1.0882 0.5763 229 111 51
-0.4374 1.0884 0.5750 229 111 51
-0.4392 1.0885 0.5736 228 111 50
-0.4411 1.0886 0.5723 228 111 50
-0.4429 1.0888 0.5710 228 111 50
-0.4447 1.0889 0.5696 228 111 49
-0.4465 1.0890 0.5683 227 111 49
-0.4484 1.0891 0.5669 227 111 49
-0.4502 1.0892 0.5655 227 111 48
-0.4520 1.0894 0.5642 227 111 48
-0.4538 1.0895 0.5628 226 111 48
-0.4556 1.0896 0.5614 226 111 47
-0.4574 1.0897 0.5600 226 111 47
-0.4592 1.0899 0.5586 226 111 47
-0.4610 1.0900 0.5572 225 111 47
-0.4628 1.0901 0.5558 225 111 46
-0.4646 1.0902 0.5544 225 111 46
-0.4663 1.0904 0.5530 225 111 46
-0.4681 1.0905 0.5516 224 111 45
-0.4699 1.0906 0.5502 224 111 45
-0.4716 1.0908 0.5487 224 111 45
-0.4734 1.0909 0.5473 224 111 44
-0.4752 1.0910 0.5458 223 111 44
-0.4769 1.0911 0.5444 223 111 44
-0.4787 1.0913 0.5429 223 111 44
-0.4804 1.0914 0.5415 222 111 43
-0.4821 1.0915 0.5400 222 111 43
-0.4839 1.0916 0.5385 222 111 43
-0.4856 1.0917 0.5371 222 111 42
-0.4873 1.0919 0.5356 221 111 42
-0.4890 1.0920 0.5341 221 111 42
-0.4908 1.0921 0.5326 221 111 41
-0.4925 1.0922 0.5311 221 111 41
-0.4942 1.0924 0.5296 220 111 41
-0.4959 1.0925 0.5281 220 111 41
-0.4976 1.0926 0.5265 220 111 40
-0.4993 1.0927 0.5250 220 111 40
-0.5010 1.0929 0.5235 219 111 40
-0.5026 1.0930 0.5220 219 111 39
-0.5043 1.0931 0.5204 219 111 39
-0.5060 1.0933 0.5189 218 111 39
-0.5077 1.0934 0.5173 218 111 39
-0.5093 1.0935 0.5158 218 111 38
-0.5110 1.0936 0.5142 218 111 38
-0.5127 1.0938 0.5127 217 111 38
-0.5143 1.0939 0.5111 217 111 37
-0.5159 1.0940 0.5095 217 111 37
-0.5176 1.0941 0.5079 216 111 37
-0.5192 1.0942 0.5063 216 111 37
-0.5209 1.0944 0.5047 216 111 36
-0.5225 1.0945 0.5031 216 111 36
-0.5241 1.0946 0.5015 215 111 36
-0.5257 1.0948 0.4999 215 111 35
-0.5273 1.0949 0.4983 215 111 35
-0.5289 1.0950 0.4967 214 111 35
-0.5305 1.0951 0.4951 214 111 35
-0.5321 1.0953 0.4935 214 111 34
-0.5337 1.0954 0.4918 214 111 34
-0.5353 1.0955 0.4902 213 111 34
-0.5369 1.0956 0.4885 213 111 34
-0.5385 1.0958 0.4869 213 111 33
-0.5400 1.0959 0.4852 212 111 33
-0.5416 1.0960 0.4836 212 111 33
-0.5432 1.0961 0.4819 212 111 33
-0.5447 1.0962 0.4802 211 111 32
-0.5463 1.0964 0.4786 211 111 32
-0.5478 1.0965 0.4769 211 111 32
-0.5494 1.0966 0.4752 211 111 31
-0.5509 1.0967 0.4735 210 111 31
-0.5524 1.0969 0.4718 210 111 31
-0.5540 1.0970 0.4701 210 111 31
-0.5555 1.0971 0.4684 209 111 30
-0.5570 1.0973 0.4667 209 111 30
-0.5585 1.0974 0.4650 209 111 30
-0.5600 1.0975 0.4633 208 111 30
-0.5615 1.0976 0.4616 208 111 29
-0.5630 1.0978 0.4598 208 111 29
-0.5645 1.0979 0.4581 208 111 29
-0.5660 1.0980 0.4564 207 111 29
-0.5675 1.0981 0.4546 207 112 28
-0.5689 1.0983 0.4529 207 112 28
-0.5704 1.0984 0.4511 206 112 28
-0.5719 1.0985 0.4494 206 112 28
-0.5733 1.0986 0.4476 206 112 27
-0.5748 1.0987 0.4458 205 112 27
-0.5762 1.0989 0.4441 205 112 27
-0.5776 1.0990 0.4423 205 112 27
-0.5791 1.0991 0.4405 204 112 26
-0.5805 1.0993 0.4387 204 112 26
-0.5819 1.0994 0.4369 204 112 26
-0.5833 1.0995 0.4351 203 112 26
-0.5848 1.0996 0.4333 203 112 25
-0.5862 1.0998 0.4315 203 112 25
-0.5876 1.0999 0.4297 202 112 25
-0.5890 1.1000 0.4279 202 112 25
-0.5904 1.1001 0.4261 202 112 25
-0.5917 1.1002 0.4243 202 112 24
-0.5931 1.1004 0.4224 201 112 24
-0.5945 1.1005 0.4206 201 112 24
-0.5959 1.1006 0.4188 201 112 24
-0.5972 1.1008 0.4169 200 112 23
-0.5986 1.1009 0.4151 200 112 23
-0.5999 1.1010 0.4132 200 112 23
-0.6013 1.1011 0.4114 199 112 23
-0.6026 1.1013 0.4095 199 112 22
-0.6039 1.1014 0.4077 199 112 22
-0.6053 1.1015 0.4058 198 112 22
-0.6066 1.1016 0.4039 198 112 22
-0.6079 1.1018 0.4021 198 112 22
-0.6092 1.1019 0.4002 197 112 21
-0.6105 1.1020 0.3983 197 112 21
-0.6118 1.1021 0.3964 197 112 21
-0.6131 1.1022 0.3945 196 112 21
-0.6144 1.1024 0.3926 196 112 20
-0.6157 1.1025 0.3907 196 112 20
-0.6170 1.1026 0.3888 195 112 20
-0.6182 1.1027 0.3869 195 112 20
-0.6195 1.1029 0.3850 195 112 20
-0.6207 1.1030 0.3831 194 112 19
-0.6220 1.1031 0.3812 194 112 19
-0.6232 1.1033 0.3792 194 112 19
-0.6245 1.1034 0.3773 193 112 19
-0.6257 1.1035 0.3754 193 112 19
-0.6269 1.1036 0.3734 192 112 18
-0.6282 1.1038 0.3715 192 112 18
-0.6294 1.1039 0.3696 192 112 18
-0.6306 1.1040 0.3676 191 112 18
-0.6318 1.1041 0.3657 191 112 18
-0.6330 1.1042 0.3637 191 112 17
-0.6342 1.1044 0.3617 190 112 17
-0.6354 1.1045 0.3598 190 112 17
-0.6366 1.1046 0.3578 190 112 17
-0.6377 1.1048 0.3558 189 112 17
-0.6389 1.1049 0.3539 189 112 16
-0.6401 1.1050 0.3519 189 112 16
-0.6412 1.1051 0.3499 188 112 16
-0.6424 1.1053 0.3479 188 112 16
-0.6435 1.1054 0.3459 188 112 16
-0.6446 1.1055 0.3439 187 112 15
-0.6458 1.1056 0.3419 187 112 15
-0.6469 1.1058 0.3399 187 112 15
-0.6480 1.1059 0.3379 186 112 15
-0.6491 1.1060 0.3359 186 112 15
-0.6502 1.1061 0.3339 186 112 15
-0.6513 1.1062 0.3319 185 112 14
-0.6524 1.1064 0.3298 185 112 14
-0.6535 1.1065 0.3278 184 112 14
-0.6546 1.1066 0.3258 184 112 14
-0.6557 1.1067 0.3238 184 112 14
-0.6567 1.1069 0.3217 183 112 13
-0.6578 1.1070 0.3197 183 112 13
-0.6588 1.1071 0.3176 183 112 13
-0.6599 1.1073 0.3156 182 112 13
-0.6609 1.1074 0.3136 182 112 13
-0.6620 1.1075 0.3115 182 112 13
-0.6630 1.1076 0.3094 181 112 12
-0.6640 1.1078 0.3074 181 112 12
-0.6650 1.1079 0.3053 180 113 12
-0.6661 1.1080 0.3033 180 113 12
-0.6671 1.1081 0.3012 180 113 12
-0.6681 1.1082 0.2991 179 113 12
-0.6690 1.1084 0.2970 179 113 11
-0.6700 1.1085 0.2950 179 113 11
-0.6710 1.1086 0.2929 178 113 11
-0.6720 1.1088 0.2908 178 113 11
-0.6729 1.1089 0.2887 178 113 11
-0.6739 1.1090 0.2866 177 113 11
-0.6749 1.1091 0.2845 177 113 10
-0.6758 1.1092 0.2824 176 113 10
-0.6767 1.1094 0.2803 176 113 10
-0.6777 1.1095 0.2782 176 113 10
-0.6786 1.1096 0.2761 175 113 10
-0.6795 1.1098 0.2740 175 113 10
-0.6804 1.1099 0.2719 175 113 10
-0.6813 1.1100 0.2698 174 113 9
-0.6822 1.1101 0.2676 174 113 9
-0.6831 1.1102 0.2655 174 113 9
-0.6840 1.1104 0.2634 173 113 9
-0.6849 1.1105 0.2613 173 113 9
-0.6858 1.1106 0.2591 172 113 9
-0.6866 1.1107 0.2570 172 113 9
-0.6875 1.1109 0.2549 172 113 8
-0.6884 1.1110 0.2527 171 113 8
-0.6892 1.1111 0.2506 171 113 8
-0.6900 1.1113 0.2484 171 113 8
-0.6909 1.1114 0.2463 170 113 8
-0.6917 1.1115 0.2441 170 113 8
-0.6925 1.1116 0.2420 169 113 8
-0.6933 1.1118 0.2398 169 113 7
-0.6941 1.1119 0.2377 169 113 7
-0.6949 1.1120 0.2355 168 113 7
-0.6957 1.1121 0.2333 168 113 7
-0.6965 1.1122 0.2312 168 113 7
-0.6973 1.1124 0.2290 167 113 7
-0.6981 1.1125 0.2268 167 113 7
-0.6988 1.1126 0.2246 166 113 7
-0.6996 1.1127 0.2225 166 113 6
-0.7004 1.1129 0.2203 166 113 6
-0.7011 1.1130 0.2181 165 113 6
-0.7018 1.1131 0.2159 165 113 6
-0.7026 1.1132 0.2137 164 113 6
-0.7033 1.1134 0.2115 164 113 6
-0.7040 1.1135 0.2093 164 113 6
-0.7047 1.1136 0.2071 163 113 6
-0.7054 1.1138 0.2049 163 113 6
-0.7061 1.1139 0.2027 163 113 5
-0.7068 1.1140 0.2005 162 113 5
-0.7075 1.1141 0.1983 162 113 5
-0.7082 1.1142 0.1961 161 113 5
-0.7089 1.1144 0.1939 161 113 5
-0.7095 1.1145 0.1917 161 113 5
-0.7102 1.1146 0.1895 160 113 5
-0.7108 1.1148 0.1873 160 113 5
-0.7115 1.1149 0.1851 159 113 5
-0.7121 1.1150 0.1828 159 113 4
-0.7127 1.1151 0.1806 159 113 4
-0.7134 1.1153 0.1784 158 113 4
-0.7140 1.1154 0.1762 158 113 4
-0.7146 1.1155 0.1739 158 113 4
-0.7152 1.1156 0.1717 157 113 4
-0.7158 1.1158 0.1695 157 113 4
-0.7164 1.1159 0.1672 156 113 4
-0.7169 1.1160 0.1650 156 113 4
-0.7175 1.1161 0.1628 156 113 4
-0.7181 1.1162 0.1605 155 113 4
-0.7186 1.1164 0.1583 155 113 3
-0.7192 1.1165 0.1560 154 113 3
-0.7197 1.1166 0.1538 154 113 3
-0.7203 1.1167 0.1515 154 113 3
-0.7208 1.1169 0.1493 153 113 3
-0.7213 1.1170 0.1470 153 113 3
-0.7218 1.1171 0.1448 152 113 3
-0.7224 1.1173 0.1425 152 113 3
-0.7229 1.1174 0.1402 152 113 3
-0.7234 1.1175 0.1380 151 113 3
-0.7238 1.1176 0.1357 151 113 3
-0.7243 1.1178 0.1335 151 114 3
-0.7248 1.1179 0.1312 150 114 3
-0.7253 1.1180 0.1289 150 114 2
-0.7257 1.1181 0.1267 149 114 2
-0.7262 1.1182 0.1244 149 114 2
-0.7266 1.1184 0.1221 149 114 2
-0.7271 1.1185 0.1198 148 114 2
-0.7275 1.1186 0.1176 148 114 2
-0.7279 1.1187 0.1153 147 114 2
-0.7283 1.1189 0.1130 147 114 2
-0.7288 1.1190 0.1107 147 114 2
-0.7292 1.1191 0.1085 146 114 2
-0.7296 1.1193 0.1062 146 114 2
-0.7299 1.1194 0.1039 145 114 2
-0.7303 1.1195 0.1016 145 114 2
-0.7307 1.1196 0.0993 145 114 2
-0.7311 1.1198 0.0970 144 114 2
-0.7314 1.1199 0.0947 144 114 2
-0.7318 1.1200 0.0924 143 114 2
-0.7321 1.1201 0.0902 143 114 1
-0.7325 1.1202 0.0879 143 114 1
-0.7328 1.1204 0.0856 142 114 1
-0.7331 1.1205 0.0833 142 114 1
-0.7334 1.1206 0.0810 141 114 1
-0.7338 1.1207 0.0787 141 114 1
-0.7341 1.1209 0.0764 141 114 1
-0.7344 1.1210 0.0741 140 114 1
-0.7346 1.1211 0.0718 140 114 1
-0.7349 1.1213 0.0695 139 114 1
-0.7352 1.1214 0.0672 139 114 1
-0.7355 1.1215 0.0649 139 114 1
-0.7357 1.1216 0.0626 138 114 1
-0.7360 1.1218 0.0602 138 114 1
-0.7362 1.1219 0.0579 137 114 1
-0.7365 1.1220 0.0556 137 114 1
-0.7367 1.1221 0.0533 137 114 1
-0.7369 1.1222 0.0510 136 114 1
-0.7371 1.1224 0.0487 136 114 1
-0.7373 1.1225 0.0464 135 114 1
-0.7375 1.1226 0.0441 135 114 1
-0.7377 1.1227 0.0418 135 114 1
-0.7379 1.1229 0.0394 134 114 1
-0.7381 1.1230 0.0371 134 114 1
-0.7383 1.1231 0.0348 133 114 1
-0.7384 1.1232 0.0325 133 114 1
-0.7386 1.1234 0.0302 133 114 1
-0.7388 1.1235 0.0279 132 114 1
-0.7389 1.1236 0.0255 132 114 1
-0.7390 1.1238 0.0232 131 114 1
-0.7392 1.1239 0.0209 131 114 1
-0.7393 1.1240 0.0186 131 114 1
-0.7394 1.1241 0.0163 130 114 1
-0.7395 1.1242 0.0139 130 114 1
-0.7396 1.1244 0.0116 129 114 1
-0.7397 1.1245 0.0093 129 114 1
-0.7398 1.1246 0.0070 129 114 1
-0.7399 1.1248 0.0046 128 114 1
-0.7399 1.1249 0.0023 128 114 1
-0.7400 1.1250 0.0000 128 114 1
-0.7401 1.1251 -0.0023 127 114 1
-0.7401 1.1253 -0.0047 127 114 1
-0.7401 1.1254 -0.0070 126 114 1
-0.7402 1.1255 -0.0093 126 114 1
-0.7402 1.1256 -0.0116 126 114 1
-0.7402 1.1258 -0.0140 125 114 1
-0.7402 1.1259 -0.0163 125 114 1
-0.7402 1.1260 -0.0186 124 114 1
-0.7402 1.1261 -0.0209 124 114 1
-0.7402 1.1262 -0.0233 124 114 1
-0.7402 1.1264 -0.0256 123 114 1
-0.7402 1.1265 -0.0279 123 114 1
-0.7402 1.1266 -0.0302 122 114 1
-0.7401 1.1267 -0.0326 122 114 1
-0.7401 1.1269 -0.0349 122 114 1
-0.7400 1.1270 -0.0372 121 114 1
-0.7400 1.1271 -0.0396 121 114 1
-0.7399 1.1273 -0.0419 120 114 1
-0.7398 1.1274 -0.0442 120 114 1
-0.7397 1.1275 -0.0465 120 115 1
-0.7396 1.1276 -0.0489 119 115 1
-0.7396 1.1278 -0.0512 119 115 1
-0.7394 1.1279 -0.0535 118 115 1
-0.7393 1.1280 -0.0559 118 115 1
-0.7392 1.1281 -0.0582 118 115 1
-0.7391 1.1282 -0.0605 117 115 1
-0.7390 1.1284 -0.0628 117 115 1
-0.7388 1.1285 -0.0652 116 115 1
-0.7387 1.1286 -0.0675 116 115 1
-0.7385 1.1288 -0.0698 116 115 1
-0.7383 1.1289 -0.0721 115 115 1
-0.7382 1.1290 -0.0745 115 115 1
-0.7380 1.1291 -0.0768 114 115 1
-0.7378 1.1292 -0.0791 114 115 1
-0.7376 1.1294 -0.0814 114 115 1
-0.7374 1.1295 -0.0838 113 115 1
-0.7372 1.1296 -0.0861 113 115 1
-0.7370 1.1298 -0.0884 112 115 1
-0.7368 1.1299 -0.0907 112 115 1
-0.7365 1.1300 -0.0930 112 115 2
-0.7363 1.1301 -0.0954 111 115 2
-0.7361 1.1302 -0.0977 111 115 2
-0.7358 1.1304 -0.1000 110 115 2
-0.7356 1.1305 -0.1023 110 115 2
-0.7353 1.1306 -0.1046 110 115 2
-0.7350 1.1307 -0.1070 109 115 2
-0.7347 1.1309 -0.1093 109 115 2
-0.7344 1.1310 -0.1116 108 115 2
-0.7342 1.1311 -0.1139 108 115 2
-0.7339 1.1313 -0.1162 108 115 2
-0.7335 1.1314 -0.1185 107 115 2
-0.7332 1.1315 -0.1209 107 115 2
-0.7329 1.1316 -0.1232 106 115 2
-0.7326 1.1318 -0.1255 106 115 2
-0.7322 1.1319 -0.1278 106 115 2
-0.7319 1.1320 -0.1301 105 115 2
-0.7315 1.1321 -0.1324 105 115 3
-0.7312 1.1322 -0.1347 104 115 3
-0.7308 1.1324 -0.1370 104 115 3
-0.7304 1.1325 -0.1393 104 115 3
-0.7300 1.1326 -0.1416 103 115 3
-0.7297 1.1327 -0.1439 103 115 3
-0.7293 1.1329 -0.1462 103 115 3
-0.7289 1.1330 -0.1486 102 115 3
-0.7284 1.1331 -0.1509 102 115 3
-0.7280 1.1332 -0.1532 101 115 3
-0.7276 1.1334 -0.1555 101 115 3
-0.7272 1.1335 -0.1578 101 115 3
-0.7267 1.1336 -0.1600 100 115 3
-0.7263 1.1338 -0.1623 100 115 4
-0.7258 1.1339 -0.1646 99 115 4
-0.7254 1.1340 -0.1669 99 115 4
-0.7249 1.1341 -0.1692 99 115 4
-0.7244 1.1342 -0.1715 98 115 4
-0.7239 1.1344 -0.1738 98 115 4
-0.7234 1.1345 -0.1761 97 115 4
-0.7229 1.1346 -0.1784 97 115 4
-0.7224 1.1348 -0.1807 97 115 4
-0.7219 1.1349 -0.1829 96 115 4
-0.7214 1.1350 -0.1852 96 115 4
-0.7209 1.1351 -0.1875 96 115 5
-0.7203 1.1353 -0.1898 95 115 5
-0.7198 1.1354 -0.1921 95 115 5
-0.7192 1.1355 -0.1943 94 115 5
-0.7187 1.1356 -0.1966 94 115 5
-0.7181 1.1358 -0.1989 94 115 5
-0.7176 1.1359 -0.2012 93 115 5
-0.7170 1.1360 -0.2034 93 115 5
-0.7164 1.1361 -0.2057 92 115 5
-0.7158 1.1362 -0.2080 92 115 6
-0.7152 1.1364 -0.2102 92 115 6
-0.7146 1.1365 -0.2125 91 115 6
-0.7140 1.1366 -0.2147 91 115 6
-0.7134 1.1367 -0.2170 91 115 6
-0.7127 1.1369 -0.2193 90 115 6
-0.7121 1.1370 -0.2215 90 115 6
-0.7115 1.1371 -0.2238 89 115 6
-0.7108 1.1373 -0.2260 89 115 6
-0.7102 1.1374 -0.2283 89 116 7
-0.7095 1.1375 -0.2305 88 116 7
-0.7088 1.1376 -0.2328 88 116 7
-0.7081 1.1378 -0.2350 87 116 7
-0.7075 1.1379 -0.2373 87 116 7
-0.7068 1.1380 -0.2395 87 116 7
-0.7061 1.1381 -0.2417 86 116 7
-0.7054 1.1382 -0.2440 86 116 7
-0.7046 1.1384 -0.2462 86 116 8
-0.7039 1.1385 -0.2484 85 116 8
-0.7032 1.1386 -0.2507 85 116 8
-0.7025 1.1387 -0.2529 84 116 8
-0.7017 1.1389 -0.2551 84 116 8
-0.7010 1.1390 -0.2574 84 116 8
-0.7002 1.1391 -0.2596 83 116 8
-0.6995 1.1393 -0.2618 83 116 9
-0.6987 1.1394 -0.2640 83 116 9
-0.6979 1.1395 -0.2662 82 116 9
-0.6971 1.1396 -0.2684 82 116 9
-0.6963 1.1398 -0.2706 81 116 9
-0.6955 1.1399 -0.2729 81 116 9
-0.6947 1.1400 -0.2751 81 116 9
-0.6939 1.1401 -0.2773 80 116 10
-0.6931 1.1402 -0.2795 80 116 10
-0.6923 1.1404 -0.2817 80 116 10
-0.6914 1.1405 -0.2839 79 116 10
-0.6906 1.1406 -0.2861 79 116 10
-0.6898 1.1407 -0.2882 79 116 10
-0.6889 1.1409 -0.2904 78 116 10
-0.6880 1.1410 -0.2926 78 116 11
-0.6872 1.1411 -0.2948 77 116 11
-0.6863 1.1413 -0.2970 77 116 11
-0.6854 1.1414 -0.2992 77 116 11
-0.6845 1.1415 -0.3013 76 116 11
-0.6836 1.1416 -0.3035 76 116 11
-0.6827 1.1418 -0.3057 76 116 12
-0.6818 1.1419 -0.3079 75 116 12
-0.6809 1.1420 -0.3100 75 116 12
-0.6800 1.1421 -0.3122 75 116 12
-0.6791 1.1422 -0.3143 74 116 12
-0.6781 1.1424 -0.3165 74 116 12
-0.6772 1.1425 -0.3187 73 116 13
-0.6762 1.1426 -0.3208 73 116 13
-0.6753 1.1427 -0.3230 73 116 13
-0.6743 1.1429 -0.3251 72 116 13
-0.6733 1.1430 -0.3272 72 116 13
-0.6724 1.1431 -0.3294 72 116 13
-0.6714 1.1432 -0.3315 71 116 14
-0.6704 1.1434 -0.3337 71 116 14
-0.6694 1.1435 -0.3358 71 116 14
-0.6684 1.1436 -0.3379 70 116 14
-0.6674 1.1438 -0.3400 70 116 14
-0.6663 1.1439 -0.3422 69 116 15
-0.6653 1.1440 -0.3443 69 116 15
-0.6643 1.1441 -0.3464 69 116 15
-0.6633 1.1442 -0.3485 68 116 15
-0.6622 1.1444 -0.3506 68 116 15
-0.6612 1.1445 -0.3527 68 116 15
-0.6601 1.1446 -0.3548 67 116 16
-0.6590 1.1447 -0.3569 67 116 16
-0.6580 1.1449 -0.3590 67 116 16
-0.6569 1.1450 -0.3611 66 116 16
-0.6558 1.1451 -0.3632 66 116 16
-0.6547 1.1453 -0.3653 66 116 17
-0.6536 1.1454 -0.3674 65 116 17
-0.6525 1.1455 -0.3695 65 116 17
-0.6514 1.1456 -0.3715 65 116 17
-0.6503 1.1458 -0.3736 64 116 17
-0.6491 1.1459 -0.3757 64 116 18
-0.6480 1.1460 -0.3778 64 116 18
-0.6469 1.1461 -0.3798 63 116 18
-0.6457 1.1462 -0.3819 63 116 18
-0.6446 1.1464 -0.3839 63 116 18
-0.6434 1.1465 -0.3860 62 116 19
-0.6423 1.1466 -0.3880 62 116 19
-0.6411 1.1467 -0.3901 61 116 19
-0.6399 1.1469 -0.3921 61 116 19
-0.6387 1.1470 -0.3942 61 116 19
-0.6375 1.1471 -0.3962 60 117 20
-0.6363 1.1472 -0.3982 60 117 20
-0.6351 1.1474 -0.4003 60 117 20
-0.6339 1.1475 -0.4023 59 117 20
-0.6327 1.1476 -0.4043 59 117 20
-0.6315 1.1478 -0.4063 59 117 21
-0.6303 1.1479 -0.4084 58 117 21
-0.6290 1.1480 -0.4104 58 117 21
-0.6278 1.1481 -0.4124 58 117 21
-0.6265 1.1482 -0.4144 57 117 22
-0.6253 1.1484 -0.4164 57 117 22
-0.6240 1.1485 -0.4184 57 117 22
-0.6227 1.1486 -0.4204 56 117 22
-0.6215 1.1488 -0.4223 56 117 22
-0.6202 1.1489 -0.4243 56 117 23
-0.6189 1.1490 -0.4263 55 117 23
-0.6176 1.1491 -0.4283 55 117 23
-0.6163 1.1492 -0.4303 55 117 23
-0.6150 1.1494 -0.4322 54 117 24
-0.6137 1.1495 -0.4342 54 117 24
-0.6124 1.1496 -0.4362 54 117 24
-0.6110 1.1498 -0.4381 53 117 24
-0.6097 1.1499 -0.4401 53 117 25
-0.6084 1.1500 -0.4420 53 117 25
-0.6070 1.1501 -0.4440 53 117 25
-0.6057 1.1502 -0.4459 52 117 25
-0.6043 1.1504 -0.4478 52 117 25
-0.6030 1.1505 -0.4498 52 117 26
-0.6016 1.1506 -0.4517 51 117 26
-0.6002 1.1507 -0.4536 51 117 26
-0.5988 1.1509 -0.4555 51 117 26
-0.5975 1.1510 -0.4575 50 117 27
-0.5961 1.1511 -0.4594 50 117 27
-0.5947 1.1513 -0.4613 50 117 27
-0.5933 1.1514 -0.4632 49 117 27
-0.5919 1.1515 -0.4651 49 117 28
-0.5904 1.1516 -0.4670 49 117 28
-0.5890 1.1518 -0.4689 48 117 28
-0.5876 1.1519 -0.4707 48 117 28
-0.5862 1.1520 -0.4726 48 117 29
-0.5847 1.1521 -0.4745 47 117 29
-0.5833 1.1522 -0.4764 47 117 29
-0.5818 1.1524 -0.4782 47 117 29
-0.5804 1.1525 -0.4801 47 117 30
-0.5789 1.1526 -0.4820 46 117 30
-0.5774 1.1527 -0.4838 46 117 30
-0.5759 1.1529 -0.4857 46 117 30
-0.5745 1.1530 -0.4875 45 117 31
-0.5730 1.1531 -0.4894 45 117 31
-0.5715 1.1532 -0.4912 45 117 31
-0.5700 1.1534 -0.4930 44 117 31
-0.5685 1.1535 -0.4949 44 117 32
-0.5670 1.1536 -0.4967 44 117 32
-0.5654 1.1538 -0.4985 44 117 32
-0.5639 1.1539 -0.5003 43 117 33
-0.5624 1.1540 -0.5021 43 117 33
-0.5608 1.1541 -0.5039 43 117 33
-0.5593 1.1542 -0.5057 42 117 33
-0.5578 1.1544 -0.5075 42 117 34
-0.5562 1.1545 -0.5093 42 117 34
-0.5546 1.1546 -0.5111 41 117 34
-0.5531 1.1547 -0.5129 41 117 34
-0.5515 1.1549 -0.5147 41 117 35
-0.5499 1.1550 -0.5164 41 117 35
-0.5484 1.1551 -0.5182 40 117 35
-0.5468 1.1553 -0.5200 40 117 35
-0.5452 1.1554 -0.5217 40 117 36
-0.5436 1.1555 -0.5235 39 117 36
-0.5420 1.1556 -0.5252 39 117 36
-0.5404 1.1558 -0.5269 39 117 37
-0.5387 1.1559 -0.5287 39 117 37
-0.5371 1.1560 -0.5304 38 117 37
-0.5355 1.1561 -0.5321 38 117 37
-0.5339 1.1563 -0.5339 38 117 38
-0.5322 1.1564 -0.5356 37 117 38
-0.5306 1.1565 -0.5373 37 117 38
-0.5289 1.1566 -0.5390 37 117 39
-0.5273 1.1567 -0.5407 37 117 39
-0.5256 1.1569 -0.5424 36 118 39
-0.5240 1.1570 -0.5441 36 118 39
-0.5223 1.1571 -0.5458 36 118 40
-0.5206 1.1572 -0.5475 35 118 40
-0.5189 1.1574 -0.5491 35 118 40
-0.5172 1.1575 -0.5508 35 118 41
-0.5156 1.1576 -0.5525 35 118 41
-0.5139 1.1578 -0.5541 34 118 41
-0.5122 1.1579 -0.5558 34 118 41
-0.5104 1.1580 -0.5574 34 118 42
-0.5087 1.1581 -0.5591 34 118 42
-0.5070 1.1583 -0.5607 33 118 42
-0.5053 1.1584 -0.5624 33 118 43
-0.5036 1.1585 -0.5640 33 118 43
-0.5018 1.1586 -0.5656 33 118 43
-0.5001 1.1587 -0.5672 32 118 44
-0.4983 1.1589 -0.5688 32 118 44
-0.4966 1.1590 -0.5705 32 118 44
-0.4948 1.1591 -0.5721 31 118 44
-0.4931 1.1593 -0.5737 31 118 45
-0.4913 1.1594 -0.5752 31 118 45
-0.4895 1.1595 -0.5768 31 118 45
-0.4878 1.1596 -0.5784 30 118 46
-0.4860 1.1597 -0.5800 30 118 46
-0.4842 1.1599 -0.5816 30 118 46
-0.4824 1.1600 -0.5831 30 118 47
-0.4806 1.1601 -0.5847 29 118 47
-0.4788 1.1603 -0.5862 29 118 47
-0.4770 1.1604 -0.5878 29 118 47
-0.4752 1.1605 -0.5893 29 118 48
-0.4734 1.1606 -0.5909 28 118 48
-0.4715 1.1607 -0.5924 28 118 48
-0.4697 1.1609 -0.5939 28 118 49
-0.4679 1.1610 -0.5954 28 118 49
-0.4661 1.1611 -0.5970 27 118 49
-0.4642 1.1613 -0.5985 27 118 50
-0.4624 1.1614 -0.6000 27 118 50
-0.4605 1.1615 -0.6015 27 118 50
-0.4587 1.1616 -0.6030 26 118 51
-0.4568 1.1618 -0.6044 26 118 51
-0.4549 1.1619 -0.6059 26 118 51
-0.4531 1.1620 -0.6074 26 118 52
-0.4512 1.1621 -0.6089 25 118 52
-0.4493 1.1623 -0.6103 25 118 52
-0.4474 1.1624 -0.6118 25 118 53
-0.4455 1.1625 -0.6132 25 118 53
-0.4436 1.1626 -0.6147 25 118 53
-0.4417 1.1627 -0.6161 24 118 53
-0.4398 1.1629 -0.6176 24 118 54
-0.4379 1.1630 -0.6190 24 118 54
-0.4360 1.1631 -0.6204 24 118 54
-0.4341 1.1632 -0.6218 23 118 55
-0.4322 1.1634 -0.6232 23 118 55
-0.4303 1.1635 -0.6246 23 118 55
-0.4283 1.1636 -0.6260 23 118 56
-0.4264 1.1638 -0.6274 22 118 56
-0.4245 1.1639 -0.6288 22 118 56
-0.4225 1.1640 -0.6302 22 118 57
-0.4206 1.1641 -0.6316 22 118 57
-0.4186 1.1643 -0.6329 22 118 57
-0.4167 1.1644 -0.6343 21 118 58
-0.4147 1.1645 -0.6357 21 118 58
-0.4127 1.1646 -0.6370 21 118 58
-0.4108 1.1647 -0.6383 21 118 59
-0.4088 1.1649 -0.6397 20 118 59
-0.4068 1.1650 -0.6410 20 118 59
-0.4048 1.1651 -0.6423 20 118 60
-0.4028 1.1653 -0.6437 20 118 60
-0.4008 1.1654 -0.6450 20 118 60
-0.3988 1.1655 -0.6463 19 118 61
-0.3968 1.1656 -0.6476 19 118 61
-0.3948 1.1658 -0.6489 19 118 61
-0.3928 1.1659 -0.6502 19 118 62
-0.3908 1.1660 -0.6514 19 118 62
-0.3888 1.1661 -0.6527 18 118 63
-0.3868 1.1663 -0.6540 18 118 63
-0.3847 1.1664 -0.6553 18 118 63
-0.3827 1.1665 -0.6565 18 118 64
-0.3807 1.1666 -0.6578 18 118 64
-0.3786 1.1667 -0.6590 17 119 64
-0.3766 1.1669 -0.6602 17 119 65
-0.3746 1.1670 -0.6615 17 119 65
-0.3725 1.1671 -0.6627 17 119 65
-0.3704 1.1672 -0.6639 17 119 66
-0.3684 1.1674 -0.6651 16 119 66
-0.3663 1.1675 -0.6663 16 119 66
-0.3643 1.1676 -0.6675 16 119 67
-0.3622 1.1678 -0.6687 16 119 67
-0.3601 1.1679 -0.6699 16 119 67
-0.3580 1.1680 -0.6711 15 119 68
-0.3560 1.1681 -0.6723 15 119 68
-0.3539 1.1683 -0.6734 15 119 68
-0.3518 1.1684 -0.6746 15 119 69
-0.3497 1.1685 -0.6758 15 119 69
-0.3476 1.1686 -0.6769 15 119 69
-0.3455 1.1688 -0.6781 14 119 70
-0.3434 1.1689 -0.6792 14 119 70
-0.3413 1.1690 -0.6803 14 119 71
-0.3392 1.1691 -0.6814 14 119 71
-0.3370 1.1692 -0.6826 14 119 71
-0.3349 1.1694 -0.6837 13 119 72
-0.3328 1.1695 -0.6848 13 119 72
-0.3307 1.1696 -0.6859 13 119 72
-0.3285 1.1698 -0.6870 13 119 73
-0.3264 1.1699 -0.6880 13 119 73
-0.3243 1.1700 -0.6891 13 119 73
-0.3221 1.1701 -0.6902 12 119 74
-0.3200 1.1703 -0.6912 12 119 74
-0.3178 1.1704 -0.6923 12 119 75
-0.3157 1.1705 -0.6934 12 119 75
-0.3135 1.1706 -0.6944 12 119 75
-0.3114 1.1707 -0.6954 12 119 76
-0.3092 1.1709 -0.6965 11 119 76
-0.3070 1.1710 -0.6975 11 119 76
-0.3049 1.1711 -0.6985 11 119 77
-0.3027 1.1713 -0.6995 11 119 77
-0.3005 1.1714 -0.7005 11 119 77
-0.2984 1.1715 -0.7015 11 119 78
-0.2962 1.1716 -0.7025 10 119 78
-0.2940 1.1718 -0.7035 10 119 79
-0.2918 1.1719 -0.7045 10 119 79
-0.2896 1.1720 -0.7054 10 119 79
-0.2874 1.1721 -0.7064 10 119 80
-0.2852 1.1723 -0.7073 10 119 80
-0.2830 1.1724 -0.7083 10 119 80
-0.2808 1.1725 -0.7092 9 119 81
-0.2786 1.1726 -0.7102 9 119 81
-0.2764 1.1727 -0.7111 9 119 81
-0.2742 1.1729 -0.7120 9 119 82
-0.2720 1.1730 -0.7129 9 119 82
-0.2697 1.1731 -0.7138 9 119 83
-0.2675 1.1732 -0.7147 9 119 83
-0.2653 1.1734 -0.7156 8 119 83
-0.2631 1.1735 -0.7165 8 119 84
-0.2608 1.1736 -0.7174 8 119 84
-0.2586 1.1737 -0.7183 8 119 84
-0.2564 1.1739 -0.7191 8 119 85
-0.2541 1.1740 -0.7200 8 119 85
-0.2519 1.1741 -0.7208 8 119 86
-0.2496 1.1743 -0.7217 7 119 86
-0.2474 1.1744 -0.7225 7 119 86
-0.2451 1.1745 -0.7234 7 119 87
-0.2429 1.1746 -0.7242 7 119 87
-0.2406 1.1747 -0.7250 7 119 87
-0.2384 1.1749 -0.7258 7 119 88
-0.2361 1.1750 -0.7266 7 119 88
-0.2338 1.1751 -0.7274 7 119 89
-0.2316 1.1753 -0.7282 6 119 89
-0.2293 1.1754 -0.7290 6 119 89
-0.2270 1.1755 -0.7297 6 119 90
-0.2247 1.1756 -0.7305 6 119 90
-0.2225 1.1758 -0.7313 6 119 91
-0.2202 1.1759 -0.7320 6 119 91
-0.2179 1.1760 -0.7328 6 119 91
-0.2156 1.1761 -0.7335 6 119 92
-0.2133 1.1763 -0.7342 6 119 92
-0.2110 1.1764 -0.7350 5 119 92
-0.2087 1.1765 -0.7357 5 120 93
-0.2064 1.1766 -0.7364 5 120 93
-0.2041 1.1767 -0.7371 5 120 94
-0.2018 1.1769 -0.7378 5 120 94
-0.1995 1.1770 -0.7385 5 120 94
-0.1972 1.1771 -0.7392 5 120 95
-0.1949 1.1772 -0.7398 5 120 95
-0.1926 1.1774 -0.7405 5 120 96
-0.1903 1.1775 -0.7412 4 120 96
-0.1880 1.1776 -0.7418 4 120 96
-0.1857 1.1778 -0.7425 4 120 97
-0.1833 1.1779 -0.7431 4 120 97
-0.1810 1.1780 -0.7437 4 120 97
-0.1787 1.1781 -0.7443 4 120 98
-0.1764 1.1783 -0.7450 4 120 98
-0.1740 1.1784 -0.7456 4 120 99
-0.1717 1.1785 -0.7462 4 120 99
-0.1694 1.1786 -0.7468 4 120 99
-0.1671 1.1787 -0.7474 4 120 100
-0.1647 1.1789 -0.7479 3 120 100
-0.1624 1.1790 -0.7485 3 120 101
-0.1600 1.1791 -0.7491 3 120 101
-0.1577 1.1793 -0.7496 3 120 101
-0.1554 1.1794 -0.7502 3 120 102
-0.1530 1.1795 -0.7507 3 120 102
-0.1507 1.1796 -0.7513 3 120 103
-0.1483 1.1797 -0.7518 3 120 103
-0.1460 1.1799 -0.7523 3 120 103
-0.1436 1.1800 -0.7528 3 120 104
-0.1413 1.1801 -0.7533 3 120 104
-0.1389 1.1803 -0.7538 3 120 104
-0.1365 1.1804 -0.7543 3 120 105
-0.1342 1.1805 -0.7548 2 120 105
-0.1318 1.1806 -0.7553 2 120 106
-0.1295 1.1807 -0.7558 2 120 106
-0.1271 1.1809 -0.7562 2 120 106
-0.1247 1.1810 -0.7567 2 120 107
-0.1224 1.1811 -0.7571 2 120 107
-0.1200 1.1812 -0.7576 2 120 108
-0.1176 1.1814 -0.7580 2 120 108
-0.1152 1.1815 -0.7584 2 120 108
-0.1129 1.1816 -0.7588 2 120 109
-0.1105 1.1818 -0.7592 2 120 109
-0.1081 1.1819 -0.7596 2 120 110
-0.1057 1.1820 -0.7600 2 120 110
-0.1034 1.1821 -0.7604 2 120 110
-0.1010 1.1823 -0.7608 2 120 111
-0.0986 1.1824 -0.7612 2 120 111
-0.0962 1.1825 -0.7615 2 120 112
-0.0938 1.1826 -0.7619 1 120 112
-0.0914 1.1827 -0.7623 1 120 112
-0.0890 1.1829 -0.7626 1 120 113
-0.0867 1.1830 -0.7629 1 120 113
-0.0843 1.1831 -0.7633 1 120 114
-0.0819 1.1832 -0.7636 1 120 114
-0.0795 1.1834 -0.7639 1 120 114
-0.0771 1.1835 -0.7642 1 120 115
-0.0747 1.1836 -0.7645 1 120 115
-0.0723 1.1837 -0.7648 1 120 116
-0.0699 1.1839 -0.7651 1 120 116
-0.0675 1.1840 -0.7653 1 120 116
-0.0651 1.1841 -0.7656 1 120 117
-0.0627 1.1843 -0.7659 1 120 117
-0.0603 1.1844 -0.7661 1 120 118
-0.0579 1.1845 -0.7664 1 120 118
-0.0555 1.1846 -0.7666 1 120 118
-0.0531 1.1847 -0.7668 1 120 119
-0.0507 1.1849 -0.7671 1 120 119
-0.0483 1.1850 -0.7673 1 120 120
-0.0459 1.1851 -0.7675 1 120 120
-0.0435 1.1853 -0.7677 1 120 120
-0.0410 1.1854 -0.7679 1 120 121
-0.0386 1.1855 -0.7681 1 120 121
-0.0362 1.1856 -0.7682 1 120 122
-0.0338 1.1858 -0.7684 1 120 122
-0.0314 1.1859 -0.7686 1 120 122
-0.0290 1.1860 -0.7687 1 120 123
-0.0266 1.1861 -0.7689 1 120 123
-0.0242 1.1863 -0.7690 1 120 124
-0.0218 1.1864 -0.7692 1 121 124
-0.0193 1.1865 -0.7693 1 121 124
-0.0169 1.1866 -0.7694 1 121 125
-0.0145 1.1867 -0.7695 1 121 125
-0.0121 1.1869 -0.7696 1 121 126
-0.0097 1.1870 -0.7697 1 121 126
-0.0073 1.1871 -0.7698 1 121 126
-0.0048 1.1872 -0.7699 1 121 127
-0.0024 1.1874 -0.7699 1 121 127
-0.0000 1.1875 -0.7700 1 121 127
0.0024 1.1876 -0.7701 1 121 128
0.0048 1.1878 -0.7701 1 121 128
0.0073 1.1879 -0.7701 1 121 129
0.0097 1.1880 -0.7702 1 121 129
0.0121 1.1881 -0.7702 1 121 129
0.0145 1.1883 -0.7702 1 121 130
0.0169 1.1884 -0.7702 1 121 130
0.0194 1.1885 -0.7702 1 121 131
0.0218 1.1886 -0.7702 1 121 131
0.0242 1.1887 -0.7702 1 121 131
0.0266 1.1889 -0.7702 1 121 132
0.0290 1.1890 -0.7702 1 121 132
0.0315 1.1891 -0.7701 1 121 133
0.0339 1.1892 -0.7701 1 121 133
0.0363 1.1894 -0.7700 1 121 133
0.0387 1.1895 -0.7700 1 121 134
0.0412 1.1896 -0.7699 1 121 134
0.0436 1.1898 -0.7698 1 121 135
0.0460 1.1899 -0.7698 1 121 135
0.0484 1.1900 -0.7697 1 121 135
0.0508 1.1901 -0.7696 1 121 136
0.0533 1.1903 -0.7695 1 121 136
0.0557 1.1904 -0.7694 1 121 137
0.0581 1.1905 -0.7692 1 121 137
0.0605 1.1906 -0.7691 1 121 137
0.0630 1.1907 -0.7690 1 121 138
0.0654 1.1909 -0.7688 1 121 138
0.0678 1.1910 -0.7687 1 121 139
0.0702 1.1911 -0.7685 1 121 139
0.0726 1.1912 -0.7684 1 121 139
0.0751 1.1914 -0.7682 1 121 140
0.0775 1.1915 -0.7680 1 121 140
0.0799 1.1916 -0.7678 1 121 141
0.0823 1.1918 -0.7676 1 121 141
0.0847 1.1919 -0.7674 1 121 141
0.0871 1.1920 -0.7672 1 121 142
0.0896 1.1921 -0.7670 1 121 142
0.0920 1.1923 -0.7668 1 121 143
0.0944 1.1924 -0.7666 1 121 143
0.0968 1.1925 -0.7663 2 121 143
0.0992 1.1926 -0.7661 2 121 144
0.1016 1.1927 -0.7658 2 121 144
0.1040 1.1929 -0.7655 2 121 145
0.1065 1.1930 -0.7653 2 121 145
0.1089 1.1931 -0.7650 2 121 145
0.1113 1.1932 -0.7647 2 121 146
0.1137 1.1934 -0.7644 2 121 146
0.1161 1.1935 -0.7641 2 121 147
0.1185 1.1936 -0.7638 2 121 147
0.1209 1.1937 -0.7635 2 121 147
0.1233 1.1939 -0.7632 2 121 148
0.1257 1.1940 -0.7628 2 121 148
0.1281 1.1941 -0.7625 2 121 149
0.1305 1.1943 -0.7621 2 121 149
0.1330 1.1944 -0.7618 2 121 149
0.1354 1.1945 -0.7614 2 121 150
0.1378 1.1946 -0.7611 3 121 150
0.1402 1.1947 -0.7607 3 121 151
0.1426 1.1949 -0.7603 3 121 151
0.1450 1.1950 -0.7599 3 121 151
0.1474 1.1951 -0.7595 3 121 152
0.1498 1.1953 -0.7591 3 121 152
0.1521 1.1954 -0.7587 3 121 152
0.1545 1.1955 -0.7583 3 121 153
0.1569 1.1956 -0.7578 3 121 153
0.1593 1.1958 -0.7574 3 121 154
0.1617 1.1959 -0.7569 3 121 154
0.1641 1.1960 -0.7565 3 121 154
0.1665 1.1961 -0.7560 3 122 155
0.1689 1.1963 -0.7556 4 122 155
0.1713 1.1964 -0.7551 4 122 156
0.1737 1.1965 -0.7546 4 122 156
0.1760 1.1966 -0.7541 4 122 156
0.1784 1.1967 -0.7536 4 122 157
0.1808 1.1969 -0.7531 4 122 157
0.1832 1.1970 -0.7526 4 122 158
0.1856 1.1971 -0.7521 4 122 158
0.1879 1.1972 -0.7515 4 122 158
0.1903 1.1974 -0.7510 4 122 159
0.1927 1.1975 -0.7505 4 122 159
0.1951 1.1976 -0.7499 5 122 159
0.1974 1.1978 -0.7493 5 122 160
0.1998 1.1979 -0.7488 5 122 160
0.2022 1.1980 -0.7482 5 122 161
0.2045 1.1981 -0.7476 5 122 161
0.2069 1.1983 -0.7470 5 122 161
0.2093 1.1984 -0.7464 5 122 162
0.2116 1.1985 -0.7458 5 122 162
0.2140 1.1986 -0.7452 5 122 163
0.2163 1.1987 -0.7446 6 122 163
0.2187 1.1989 -0.7440 6 122 163
0.2210 1.1990 -0.7434 6 122 164
0.2234 1.1991 -0.7427 6 122 164
0.2257 1.1993 -0.7421 6 122 164
0.2281 1.1994 -0.7414 6 122 165
0.2304 1.1995 -0.7407 6 122 165
0.2328 1.1996 -0.7401 6 122 166
0.2351 1.1997 -0.7394 6 122 166
0.2375 1.1999 -0.7387 7 122 166
0.2398 1.2000 -0.7380 7 122 167
0.2421 1.2001 -0.7373 7 122 167
0.2445 1.2003 -0.7366 7 122 168
0.2468 1.2004 -0.7359 7 122 168
0.2491 1.2005 -0.7352 7 122 168
0.2515 1.2006 -0.7344 7 122 169
0.2538 1.2007 -0.7337 7 122 169
0.2561 1.2009 -0.7330 8 122 169
0.2584 1.2010 -0.7322 8 122 170
0.2607 1.2011 -0.7315 8 122 170
0.2631 1.2012 -0.7307 8 122 171
0.2654 1.2014 -0.7299 8 122 171
0.2677 1.2015 -0.7291 8 122 171
0.2700 1.2016 -0.7283 8 122 172
0.2723 1.2018 -0.7275 9 122 172
0.2746 1.2019 -0.7267 9 122 172
0.2769 1.2020 -0.7259 9 122 173
0.2792 1.2021 -0.7251 9 122 173
0.2815 1.2023 -0.7243 9 122 174
0.2838 1.2024 -0.7235 9 122 174
0.2861 1.2025 -0.7226 9 122 174
0.2884 1.2026 -0.7218 10 122 175
0.2907 1.2027 -0.7209 10 122 175
0.2930 1.2029 -0.7201 10 122 175
0.2953 1.2030 -0.7192 10 122 176
0.2975 1.2031 -0.7183 10 122 176
0.2998 1.2032 -0.7174 10 122 176
0.3021 1.2034 -0.7165 10 122 177
0.3044 1.2035 -0.7156 11 122 177
0.3066 1.2036 -0.7147 11 122 178
0.3089 1.2037 -0.7138 11 122 178
0.3112 1.2039 -0.7129 11 122 178
0.3134 1.2040 -0.7120 11 122 179
0.3157 1.2041 -0.7111 11 122 179
0.3179 1.2043 -0.7101 12 122 179
0.3202 1.2044 -0.7092 12 122 180
0.3225 1.2045 -0.7082 12 122 180
0.3247 1.2046 -0.7072 12 122 180
0.3269 1.2047 -0.7063 12 122 181
0.3292 1.2049 -0.7053 12 122 181
0.3314 1.2050 -0.7043 13 122 182
0.3337 1.2051 -0.7033 13 122 182
0.3359 1.2052 -0.7023 13 122 182
0.3381 1.2054 -0.7013 13 122 183
0.3404 1.2055 -0.7003 13 122 183
0.3426 1.2056 -0.6993 13 122 183
0.3448 1.2058 -0.6983 14 122 184
0.3470 1.2059 -0.6972 14 122 184
0.3492 1.2060 -0.6962 14 123 184
0.3514 1.2061 -0.6951 14 123 185
0.3537 1.2063 -0.6941 14 123 185
0.3559 1.2064 -0.6930 15 123 186
0.3581 1.2065 -0.6920 15 123 186
0.3603 1.2066 -0.6909 15 123 186
0.3625 1.2067 -0.6898 15 123 187
0.3647 1.2069 -0.6887 15 123 187
0.3668 1.2070 -0.6876 15 123 187
0.3690 1.2071 -0.6865 16 123 188
0.3712 1.2072 -0.6854 16 123 188
0.3734 1.2074 -0.6843 16 123 188
0.3756 1.2075 -0.6832 16 123 189
0.3777 1.2076 -0.6820 16 123 189
0.3799 1.2077 -0.6809 17 123 189
0.3821 1.2079 -0.6798 17 123 190
0.3842 1.2080 -0.6786 17 123 190
0.3864 1.2081 -0.6774 17 123 190
0.3886 1.2083 -0.6763 17 123 191
0.3907 1.2084 -0.6751 18 123 191
0.3929 1.2085 -0.6739 18 123 191
0.3950 1.2086 -0.6727 18 123 192
0.3972 1.2087 -0.6716 18 123 192
0.3993 1.2089 -0.6704 18 123 192
0.4014 1.2090 -0.6691 19 123 193
0.4036 1.2091 -0.6679 19 123 193
0.4057 1.2092 -0.6667 19 123 194
0.4078 1.2094 -0.6655 19 123 194
0.4099 1.2095 -0.6643 19 123 194
0.4120 1.2096 -0.6630 20 123 195
0.4142 1.2098 -0.6618 20 123 195
0.4163 1.2099 -0.6605 20 123 195
0.4184 1.2100 -0.6593 20 123 196
0.4205 1.2101 -0.6580 20 123 196
0.4226 1.2102 -0.6567 21 123 196
0.4247 1.2104 -0.6554 21 123 197
0.4268 1.2105 -0.6541 21 123 197
0.4288 1.2106 -0.6528 21 123 197
0.4309 1.2107 -0.6515 22 123 198
0.4330 1.2109 -0.6502 22 123 198
0.4351 1.2110 -0.6489 22 123 198
0.4371 1.2111 -0.6476 22 123 199
0.4392 1.2112 -0.6463 22 123 199
0.4413 1.2114 -0.6449 23 123 199
0.4433 1.2115 -0.6436 23 123 200
0.4454 1.2116 -0.6423 23 123 200
0.4474 1.2118 -0.6409 23 123 200
0.4495 1.2119 -0.6395 24 123 201
0.4515 1.2120 -0.6382 24 123 201
0.4536 1.2121 -0.6368 24 123 201
0.4556 1.2123 -0.6354 24 123 202
0.4576 1.2124 -0.6340 25 123 202
0.4596 1.2125 -0.6327 25 123 202
0.4617 1.2126 -0.6313 25 123 202
0.4637 1.2127 -0.6298 25 123 203
0.4657 1.2129 -0.6284 25 123 203
0.4677 1.2130 -0.6270 26 123 203
0.4697 1.2131 -0.6256 26 123 204
0.4717 1.2132 -0.6242 26 123 204
0.4737 1.2134 -0.6227 26 123 204
0.4757 1.2135 -0.6213 27 123 205
0.4777 1.2136 -0.6198 27 123 205
0.4797 1.2137 -0.6184 27 123 205
0.4816 1.2139 -0.6169 27 123 206
0.4836 1.2140 -0.6154 28 123 206
0.4856 1.2141 -0.6140 28 123 206
0.4875 1.2143 -0.6125 28 123 207
0.4895 1.2144 -0.6110 28 123 207
0.4915 1.2145 -0.6095 29 123 207
0.4934 1.2146 -0.6080 29 123 208
0.4954 1.2147 -0.6065 29 123 208
0.4973 1.2149 -0.6050 29 123 208
0.4992 1.2150 -0.6035 30 123 208
0.5012 1.2151 -0.6019 30 123 209
0.5031 1.2152 -0.6004 30 123 209
0.5050 1.2154 -0.5989 30 123 209
0.5069 1.2155 -0.5973 31 123 210
0.5088 1.2156 -0.5958 31 123 210
0.5108 1.2158 -0.5942 31 124 210
0.5127 1.2159 -0.5927 31 124 211
0.5146 1.2160 -0.5911 32 124 211
0.5164 1.2161 -0.5895 32 124 211
0.5183 1.2163 -0.5879 32 124 211
0.5202 1.2164 -0.5864 33 124 212
0.5221 1.2165 -0.5848 33 124 212
0.5240 1.2166 -0.5832 33 124 212
0.5258 1.2167 -0.5816 33 124 213
0.5277 1.2169 -0.5799 34 124 213
0.5296 1.2170 -0.5783 34 124 213
0.5314 1.2171 -0.5767 34 124 214
0.5333 1.2172 -0.5751 34 124 214
0.5351 1.2174 -0.5734 35 124 214
0.5370 1.2175 -0.5718 35 124 214
0.5388 1.2176 -0.5702 35 124 215
0.5406 1.2177 -0.5685 35 124 215
0.5424 1.2179 -0.5668 36 124 215
0.5443 1.2180 -0.5652 36 124 216
0.5461 1.2181 -0.5635 36 124 216
0.5479 1.2183 -0.5618 37 124 216
0.5497 1.2184 -0.5602 37 124 216
0.5515 1.2185 -0.5585 37 124 217
0.5533 1.2186 -0.5568 37 124 217
0.5551 1.2188 -0.5551 38 124 217
0.5569 1.2189 -0.5534 38 124 218
0.5586 1.2190 -0.5517 38 124 218
0.5604 1.2191 -0.5499 39 124 218
0.5622 1.2193 -0.5482 39 124 218
0.5639 1.2194 -0.5465 39 124 219
0.5657 1.2195 -0.5448 39 124 219
0.5675 1.2196 -0.5430 40 124 219
0.5692 1.2197 -0.5413 40 124 220
0.5709 1.2199 -0.5395 40 124 220
0.5727 1.2200 -0.5378 41 124 220
0.5744 1.2201 -0.5360 41 124 220
0.5761 1.2203 -0.5343 41 124 221
0.5779 1.2204 -0.5325 41 124 221
0.5796 1.2205 -0.5307 42 124 221
0.5813 1.2206 -0.5289 42 124 221
0.5830 1.2208 -0.5271 42 124 222
0.5847 1.2209 -0.5253 43 124 222
0.5864 1.2210 -0.5235 43 124 222
0.5881 1.2211 -0.5217 43 124 222
0.5897 1.2212 -0.5199 44 124 223
0.5914 1.2214 -0.5181 44 124 223
0.5931 1.2215 -0.5163 44 124 223
0.5947 1.2216 -0.5145 44 124 224
0.5964 1.2218 -0.5126 45 124 224
0.5981 1.2219 -0.5108 45 124 224
0.5997 1.2220 -0.5089 45 124 224
0.6013 1.2221 -0.5071 46 124 225
0.6030 1.2223 -0.5052 46 124 225
0.6046 1.2224 -0.5034 46 124 225
0.6062 1.2225 -0.5015 47 124 225
0.6079 1.2226 -0.4997 47 124 226
0.6095 1.2228 -0.4978 47 124 226
0.6111 1.2229 -0.4959 47 124 226
0.6127 1.2230 -0.4940 48 124 226
0.6143 1.2231 -0.4921 48 124 227
0.6159 1.2232 -0.4902 48 124 227
0.6175 1.2234 -0.4883 49 124 227
0.6190 1.2235 -0.4864 49 124 227
0.6206 1.2236 -0.4845 49 124 228
0.6222 1.2237 -0.4826 50 124 228
0.6237 1.2239 -0.4807 50 124 228
0.6253 1.2240 -0.4788 50 124 228
0.6268 1.2241 -0.4768 51 124 229
0.6284 1.2243 -0.4749 51 124 229
0.6299 1.2244 -0.4730 51 124 229
0.6314 1.2245 -0.4710 52 124 229
0.6330 1.2246 -0.4691 52 124 230
0.6345 1.2248 -0.4671 52 124 230
0.6360 1.2249 -0.4651 53 124 230
0.6375 1.2250 -0.4632 53 124 230
0.6390 1.2251 -0.4612 53 124 230
0.6405 1.2252 -0.4592 53 124 231
0.6420 1.2254 -0.4573 54 124 231
0.6435 1.2255 -0.4553 54 125 231
0.6449 1.2256 -0.4533 54 125 231
0.6464 1.2258 -0.4513 55 125 232
0.6479 1.2259 -0.4493 55 125 232
0.6493 1.2260 -0.4473 55 125 232
0.6508 1.2261 -0.4453 56 125 232
0.6522 1.2263 -0.4433 56 125 233
0.6537 1.2264 -0.4412 56 125 233
0.6551 1.2265 -0.4392 57 125 233
0.6565 1.2266 -0.4372 57 125 233
0.6580 1.2268 -0.4352 57 125 233
0.6594 1.2269 -0.4331 58 125 234
0.6608 1.2270 -0.4311 58 125 234
0.6622 1.2271 -0.4290 58 125 234
0.6636 1.2272 -0.4270 59 125 234
0.6650 1.2274 -0.4249 59 125 235
0.6663 1.2275 -0.4229 59 125 235
0.6677 1.2276 -0.4208 60 125 235
0.6691 1.2277 -0.4187 60 125 235
0.6705 1.2279 -0.4167 60 125 235
0.6718 1.2280 -0.4146 61 125 236
0.6732 1.2281 -0.4125 61 125 236
0.6745 1.2283 -0.4104 61 125 236
0.6758 1.2284 -0.4083 62 125 236
0.6772 1.2285 -0.4062 62 125 236
0.6785 1.2286 -0.4041 63 125 237
0.6798 1.2288 -0.4020 63 125 237
0.6811 1.2289 -0.3999 63 125 237
0.6824 1.2290 -0.3978 64 125 237
0.6837 1.2291 -0.3957 64 125 237
0.6850 1.2292 -0.3936 64 125 238
0.6863 1.2294 -0.3915 65 125 238
0.6876 1.2295 -0.3893 65 125 238
0.6889 1.2296 -0.3872 65 125 238
0.6901 1.2298 -0.3851 66 125 238
0.6914 1.2299 -0.3829 66 125 239
0.6926 1.2300 -0.3808 66 125 239
0.6939 1.2301 -0.3786 67 125 239
0.6951 1.2302 -0.3765 67 125 239
0.6963 1.2304 -0.3743 67 125 239
0.6976 1.2305 -0.3722 68 125 240
0.6988 1.2306 -0.3700 68 125 240
0.7000 1.2308 -0.3678 68 125 240
0.7012 1.2309 -0.3656 69 125 240
0.7024 1.2310 -0.3635 69 125 240
0.7036 1.2311 -0.3613 69 125 240
0.7048 1.2312 -0.3591 70 125 241
0.7060 1.2314 -0.3569 70 125 241
0.7071 1.2315 -0.3547 71 125 241
0.7083 1.2316 -0.3525 71 125 241
0.7095 1.2318 -0.3503 71 125 241
0.7106 1.2319 -0.3481 72 125 242
0.7118 1.2320 -0.3459 72 125 242
0.7129 1.2321 -0.3437 72 125 242
0.7140 1.2323 -0.3415 73 125 242
0.7151 1.2324 -0.3393 73 125 242
0.7163 1.2325 -0.3370 73 125 242
0.7174 1.2326 -0.3348 74 125 243
0.7185 1.2328 -0.3326 74 125 243
0.7196 1.2329 -0.3304 75 125 243
0.7207 1.2330 -0.3281 75 125 243
0.7217 1.2331 -0.3259 75 125 243
0.7228 1.2332 -0.3236 76 125 243
0.7239 1.2334 -0.3214 76 125 244
0.7249 1.2335 -0.3191 76 125 244
0.7260 1.2336 -0.3169 77 125 244
0.7270 1.2337 -0.3146 77 125 244
0.7281 1.2339 -0.3124 77 125 244
0.7291 1.2340 -0.3101 78 125 244
0.7301 1.2341 -0.3078 78 125 245
0.7312 1.2343 -0.3056 79 125 245
0.7322 1.2344 -0.3033 79 125 245
0.7332 1.2345 -0.3010 79 125 245
0.7342 1.2346 -0.2987 80 125 245
0.7352 1.2348 -0.2964 80 125 245
0.7362 1.2349 -0.2941 80 125 245
0.7371 1.2350 -0.2918 81 125 246
0.7381 1.2351 -0.2896 81 125 246
0.7391 1.2352 -0.2873 81 125 246
0.7400 1.2354 -0.2850 82 126 246
0.7410 1.2355 -0.2826 82 126 246
0.7419 1.2356 -0.2803 83 126 246
0.7428 1.2358 -0.2780 83 126 246
0.7438 1.2359 -0.2757 83 126 247
0.7447 1.2360 -0.2734 84 126 247
0.7456 1.2361 -0.2711 84 126 247
0.7465 1.2363 -0.2688 84 126 247
0.7474 1.2364 -0.2664 85 126 247
0.7483 1.2365 -0.2641 85 126 247
0.7492 1.2366 -0.2618 86 126 247
0.7500 1.2368 -0.2594 86 126 248
0.7509 1.2369 -0.2571 86 126 248
0.7518 1.2370 -0.2548 87 126 248
0.7526 1.2371 -0.2524 87 126 248
0.7535 1.2372 -0.2501 87 126 248
0.7543 1.2374 -0.2477 88 126 248
0.7551 1.2375 -0.2454 88 126 248
0.7560 1.2376 -0.2430 89 126 248
0.7568 1.2377 -0.2406 89 126 249
0.7576 1.2379 -0.2383 89 126 249
0.7584 1.2380 -0.2359 90 126 249
0.7592 1.2381 -0.2336 90 126 249
0.7600 1.2383 -0.2312 91 126 249
0.7608 1.2384 -0.2288 91 126 249
0.7615 1.2385 -0.2264 91 126 249
0.7623 1.2386 -0.2241 92 126 249
0.7630 1.2388 -0.2217 92 126 249
0.7638 1.2389 -0.2193 92 126 250
0.7645 1.2390 -0.2169 93 126 250
0.7653 1.2391 -0.2145 93 126 250
0.7660 1.2392 -0.2121 94 126 250
0.7667 1.2394 -0.2098 94 126 250
0.7674 1.2395 -0.2074 94 126 250
0.7681 1.2396 -0.2050 95 126 250
0.7688 1.2397 -0.2026 95 126 250
0.7695 1.2399 -0.2002 96 126 250
0.7702 1.2400 -0.1978 96 126 251
0.7709 1.2401 -0.1954 96 126 251
0.7716 1.2403 -0.1929 97 126 251
0.7722 1.2404 -0.1905 97 126 251
0.7729 1.2405 -0.1881 97 126 251
0.7735 1.2406 -0.1857 98 126 251
0.7742 1.2408 -0.1833 98 126 251
0.7748 1.2409 -0.1809 99 126 251
0.7754 1.2410 -0.1784 99 126 251
0.7760 1.2411 -0.1760 99 126 251
0.7766 1.2412 -0.1736 100 126 251
0.7772 1.2414 -0.1712 100 126 252
0.7778 1.2415 -0.1687 101 126 252
0.7784 1.2416 -0.1663 101 126 252
0.7790 1.2417 -0.1639 101 126 252
0.7796 1.2419 -0.1614 102 126 252
0.7801 1.2420 -0.1590 102 126 252
0.7807 1.2421 -0.1566 103 126 252
0.7812 1.2423 -0.1541 103 126 252
0.7818 1.2424 -0.1517 103 126 252
0.7823 1.2425 -0.1492 104 126 252
0.7828 1.2426 -0.1468 104 126 252
0.7833 1.2428 -0.1443 104 126 252
0.7838 1.2429 -0.1419 105 126 252
0.7843 1.2430 -0.1394 105 126 253
0.7848 1.2431 -0.1370 106 126 253
0.7853 1.2432 -0.1345 106 126 253
0.7858 1.2434 -0.1321 106 126 253
0.7863 1.2435 -0.1296 107 126 253
0.7867 1.2436 -0.1271 107 126 253
0.7872 1.2437 -0.1247 108 126 253
0.7876 1.2439 -0.1222 108 126 253
0.7881 1.2440 -0.1197 108 126 253
0.7885 1.2441 -0.1173 109 126 253
0.7889 1.2442 -0.1148 109 126 253
0.7893 1.2444 -0.1123 110 126 253
0.7898 1.2445 -0.1099 110 126 253
0.7902 1.2446 -0.1074 110 126 253
0.7905 1.2448 -0.1049 111 126 253
0.7909 1.2449 -0.1024 111 126 253
0.7913 1.2450 -0.1000 112 126 253
0.7917 1.2451 -0.0975 112 127 254
0.7920 1.2452 -0.0950 112 127 254
0.7924 1.2454 -0.0925 113 127 254
0.7927 1.2455 -0.0900 113 127 254
0.7931 1.2456 -0.0876 114 127 254
0.7934 1.2458 -0.0851 114 127 254
0.7937 1.2459 -0.0826 114 127 254
0.7941 1.2460 -0.0801 115 127 254
0.7944 1.2461 -0.0776 115 127 254
0.7947 1.2463 -0.0751 116 127 254
0.7949 1.2464 -0.0726 116 127 254
0.7952 1.2465 -0.0701 116 127 254
0.7955 1.2466 -0.0676 117 127 254
0.7958 1.2468 -0.0651 117 127 254
0.7960 1.2469 -0.0626 118 127 254
0.7963 1.2470 -0.0602 118 127 254
0.7965 1.2471 -0.0577 118 127 254
0.7968 1.2472 -0.0552 119 127 254
0.7970 1.2474 -0.0527 119 127 254
0.7972 1.2475 -0.0502 120 127 254
0.7974 1.2476 -0.0477 120 127 254
0.7976 1.2477 -0.0452 120 127 254
0.7978 1.2479 -0.0427 121 127 254
0.7980 1.2480 -0.0401 121 127 254
0.7982 1.2481 -0.0376 122 127 254
0.7984 1.2483 -0.0351 122 127 254
0.7986 1.2484 -0.0326 122 127 254
0.7987 1.2485 -0.0301 123 127 254
0.7989 1.2486 -0.0276 123 127 254
0.7990 1.2488 -0.0251 124 127 254
0.7991 1.2489 -0.0226 124 127 254
0.7993 1.2490 -0.0201 124 127 254
0.7994 1.2491 -0.0176 125 127 254
0.7995 1.2492 -0.0151 125 127 254
0.7996 1.2494 -0.0126 126 127 254
0.7997 1.2495 -0.0100 126 127 254
0.7998 1.2496 -0.0075 126 127 254
0.7999 1.2498 -0.0050 127 127 254
0.7999 1.2499 -0.0025 127 127 254
0.8000 1.2500 -0.0000 127 127 255
0.8001 1.2501 0.0025 128 127 254
0.8001 1.2502 0.0050 128 127 254
0.8001 1.2504 0.0075 129 127 254
0.8002 1.2505 0.0101 129 127 254
0.8002 1.2506 0.0126 129 127 254
0.8002 1.2508 0.0151 130 127 254
0.8002 1.2509 0.0176 130 127 254
0.8002 1.2510 0.0201 131 127 254
0.8002 1.2511 0.0226 131 127 254
0.8002 1.2512 0.0251 131 127 254
0.8002 1.2514 0.0277 132 127 254
0.8002 1.2515 0.0302 132 127 254
0.8001 1.2516 0.0327 133 127 254
0.8001 1.2518 0.0352 133 127 254
0.8000 1.2519 0.0377 133 127 254
0.7999 1.2520 0.0402 134 127 254
0.7999 1.2521 0.0428 134 127 254
0.7998 1.2523 0.0453 135 127 254
0.7997 1.2524 0.0478 135 127 254
0.7996 1.2525 0.0503 135 127 254
0.7995 1.2526 0.0528 136 127 254
0.7994 1.2528 0.0553 136 127 254
0.7993 1.2529 0.0579 137 127 254
0.7992 1.2530 0.0604 137 127 254
0.7990 1.2531 0.0629 137 127 254
0.7989 1.2532 0.0654 138 127 254
0.7987 1.2534 0.0679 138 127 254
0.7986 1.2535 0.0704 139 127 254
0.7984 1.2536 0.0729 139 127 254
0.7982 1.2537 0.0755 139 127 254
0.7981 1.2539 0.0780 140 127 254
0.7979 1.2540 0.0805 140 127 254
0.7977 1.2541 0.0830 141 127 254
0.7975 1.2543 0.0855 141 127 254
0.7973 1.2544 0.0880 141 127 254
0.7970 1.2545 0.0905 142 127 254
0.7968 1.2546 0.0930 142 127 254
0.7966 1.2548 0.0955 143 127 254
0.7963 1.2549 0.0981 143 127 254
0.7961 1.2550 0.1006 143 128 253
0.7958 1.2551 0.1031 144 128 253
0.7955 1.2552 0.1056 144 128 253
0.7953 1.2554 0.1081 145 128 253
0.7950 1.2555 0.1106 145 128 253
0.7947 1.2556 0.1131 145 128 253
0.7944 1.2557 0.1156 146 128 253
0.7941 1.2559 0.1181 146 128 253
0.7938 1.2560 0.1206 147 128 253
0.7934 1.2561 0.1231 147 128 253
0.7931 1.2562 0.1256 147 128 253
0.7928 1.2564 0.1281 148 128 253
0.7924 1.2565 0.1306 148 128 253
0.7921 1.2566 0.1331 149 128 253
0.7917 1.2568 0.1356 149 128 253
0.7913 1.2569 0.1381 149 128 253
0.7910 1.2570 0.1406 150 128 253
0.7906 1.2571 0.1431 150 128 252
0.7902 1.2572 0.1456 151 128 252
0.7898 1.2574 0.1481 151 128 252
0.7894 1.2575 0.1506 151 128 252
0.7889 1.2576 0.1531 152 128 252
0.7885 1.2577 0.1556 152 128 252
0.7881 1.2579 0.1580 152 128 252
0.7876 1.2580 0.1605 153 128 252
0.7872 1.2581 0.1630 153 128 252
0.7867 1.2582 0.1655 154 128 252
0.7863 1.2584 0.1680 154 128 252
0.7858 1.2585 0.1705 154 128 252
0.7853 1.2586 0.1730 155 128 252
0.7848 1.2587 0.1754 155 128 251
0.7843 1.2589 0.1779 156 128 251
0.7838 1.2590 0.1804 156 128 251
0.7833 1.2591 0.1829 156 128 251
0.7828 1.2593 0.1853 157 128 251
0.7823 1.2594 0.1878 157 128 251
0.7817 1.2595 0.1903 158 128 251
0.7812 1.2596 0.1927 158 128 251
0.7806 1.2597 0.1952 158 128 251
0.7801 1.2599 0.1977 159 128 251
0.7795 1.2600 0.2001 159 128 251
0.7789 1.2601 0.2026 159 128 250
0.7784 1.2603 0.2051 160 128 250
0.7778 1.2604 0.2075 160 128 250
0.7772 1.2605 0.2100 161 128 250
0.7766 1.2606 0.2124 161 128 250
0.7760 1.2607 0.2149 161 128 250
0.7753 1.2609 0.2174 162 128 250
0.7747 1.2610 0.2198 162 128 250
0.7741 1.2611 0.2223 163 128 250
0.7734 1.2612 0.2247 163 128 249
0.7728 1.2614 0.2271 163 128 249
0.7721 1.2615 0.2296 164 128 249
0.7714 1.2616 0.2320 164 128 249
0.7708 1.2618 0.2345 164 128 249
0.7701 1.2619 0.2369 165 128 249
0.7694 1.2620 0.2393 165 128 249
0.7687 1.2621 0.2418 166 128 249
0.7680 1.2623 0.2442 166 128 249
0.7673 1.2624 0.2466 166 128 248
0.7666 1.2625 0.2491 167 128 248
0.7658 1.2626 0.2515 167 128 248
0.7651 1.2628 0.2539 168 128 248
0.7643 1.2629 0.2563 168 128 248
0.7636 1.2630 0.2588 168 128 248
0.7628 1.2631 0.2612 169 128 248
0.7621 1.2632 0.2636 169 128 248
0.7613 1.2634 0.2660 169 128 247
0.7605 1.2635 0.2684 170 128 247
0.7597 1.2636 0.2708 170 128 247
0.7589 1.2637 0.2732 171 128 247
0.7581 1.2639 0.2756 171 128 247
0.7573 1.2640 0.2780 171 128 247
0.7565 1.2641 0.2804 172 128 247
0.7556 1.2643 0.2828 172 128 246
0.7548 1.2644 0.2852 172 128 246
0.7540 1.2645 0.2876 173 128 246
0.7531 1.2646 0.2900 173 128 246
0.7523 1.2648 0.2924 174 129 246
0.7514 1.2649 0.2948 174 129 246
0.7505 1.2650 0.2972 174 129 246
0.7496 1.2651 0.2995 175 129 245
0.7487 1.2652 0.3019 175 129 245
0.7478 1.2654 0.3043 175 129 245
0.7469 1.2655 0.3066 176 129 245
0.7460 1.2656 0.3090 176 129 245
0.7451 1.2657 0.3114 176 129 245
0.7442 1.2659 0.3137 177 129 245
0.7433 1.2660 0.3161 177 129 244
0.7423 1.2661 0.3185 178 129 244
0.7414 1.2662 0.3208 178 129 244
0.7404 1.2664 0.3232 178 129 244
0.7394 1.2665 0.3255 179 129 244
0.7385 1.2666 0.3279 179 129 244
0.7375 1.2668 0.3302 179 129 243
0.7365 1.2669 0.3325 180 129 243
0.7355 1.2670 0.3349 180 129 243
0.7345 1.2671 0.3372 180 129 243
0.7335 1.2672 0.3395 181 129 243
0.7325 1.2674 0.3419 181 129 243
0.7315 1.2675 0.3442 182 129 242
0.7304 1.2676 0.3465 182 129 242
0.7294 1.2677 0.3488 182 129 242
0.7283 1.2679 0.3512 183 129 242
0.7273 1.2680 0.3535 183 129 242
0.7262 1.2681 0.3558 183 129 242
0.7252 1.2682 0.3581 184 129 241
0.7241 1.2684 0.3604 184 129 241
0.7230 1.2685 0.3627 184 129 241
0.7219 1.2686 0.3650 185 129 241
0.7208 1.2687 0.3673 185 129 241
0.7197 1.2689 0.3696 186 129 240
0.7186 1.2690 0.3719 186 129 240
0.7175 1.2691 0.3741 186 129 240
0.7164 1.2692 0.3764 187 129 240
0.7152 1.2694 0.3787 187 129 240
0.7141 1.2695 0.3810 187 129 240
0.7129 1.2696 0.3832 188 129 239
0.7118 1.2698 0.3855 188 129 239
0.7106 1.2699 0.3878 188 129 239
0.7095 1.2700 0.3900 189 129 239
0.7083 1.2701 0.3923 189 129 239
0.7071 1.2702 0.3945 189 129 238
0.7059 1.2704 0.3968 190 129 238
0.7047 1.2705 0.3990 190 129 238
0.7035 1.2706 0.4013 190 129 238
0.7023 1.2708 0.4035 191 129 238
0.7011 1.2709 0.4057 191 129 237
0.6998 1.2710 0.4080 191 129 237
0.6986 1.2711 0.4102 192 129 237
0.6974 1.2712 0.4124 192 129 237
0.6961 1.2714 0.4146 192 129 237
0.6949 1.2715 0.4169 193 129 236
0.6936 1.2716 0.4191 193 129 236
0.6923 1.2718 0.4213 194 129 236
0.6911 1.2719 0.4235 194 129 236
0.6898 1.2720 0.4257 194 129 236
0.6885 1.2721 0.4279 195 129 235
0.6872 1.2723 0.4301 195 129 235
0.6859 1.2724 0.4323 195 129 235
0.6846 1.2725 0.4344 196 129 235
0.6833 1.2726 0.4366 196 129 235
0.6819 1.2728 0.4388 196 129 234
0.6806 1.2729 0.4410 197 129 234
0.6793 1.2730 0.4431 197 129 234
0.6779 1.2731 0.4453 197 129 234
0.6766 1.2732 0.4475 198 129 233
0.6752 1.2734 0.4496 198 129 233
0.6738 1.2735 0.4518 198 129 233
0.6725 1.2736 0.4539 199 129 233
0.6711 1.2737 0.4561 199 129 233
0.6697 1.2739 0.4582 199 129 232
0.6683 1.2740 0.4604 200 129 232
0.6669 1.2741 0.4625 200 129 232
0.6655 1.2743 0.4646 200 129 232
0.6641 1.2744 0.4667 201 129 231
0.6627 1.2745 0.4689 201 129 231
0.6612 1.2746 0.4710 201 130 231
0.6598 1.2748 0.4731 202 130 231
0.6584 1.2749 0.4752 202 130 230
0.6569 1.2750 0.4773 202 130 230
0.6555 1.2751 0.4794 202 130 230
0.6540 1.2752 0.4815 203 130 230
0.6525 1.2754 0.4836 203 130 230
0.6511 1.2755 0.4856 203 130 229
0.6496 1.2756 0.4877 204 130 229
0.6481 1.2757 0.4898 204 130 229
0.6466 1.2759 0.4919 204 130 229
0.6451 1.2760 0.4939 205 130 228
0.6436 1.2761 0.4960 205 130 228
0.6421 1.2762 0.4980 205 130 228
0.6406 1.2764 0.5001 206 130 228
0.6390 1.2765 0.5021 206 130 227
0.6375 1.2766 0.5042 206 130 227
0.6360 1.2768 0.5062 207 130 227
0.6344 1.2769 0.5083 207 130 227
0.6329 1.2770 0.5103 207 130 226
0.6313 1.2771 0.5123 208 130 226
0.6297 1.2772 0.5143 208 130 226
0.6282 1.2774 0.5163 208 130 226
0.6266 1.2775 0.5184 208 130 225
0.6250 1.2776 0.5204 209 130 225
0.6234 1.2777 0.5224 209 130 225
0.6218 1.2779 0.5244 209 130 225
0.6202 1.2780 0.5263 210 130 224
0.6186 1.2781 0.5283 210 130 224
0.6170 1.2782 0.5303 210 130 224
0.6153 1.2784 0.5323 211 130 224
0.6137 1.2785 0.5343 211 130 223
0.6121 1.2786 0.5362 211 130 223
0.6104 1.2787 0.5382 211 130 223
0.6088 1.2789 0.5401 212 130 222
0.6071 1.2790 0.5421 212 130 222
0.6055 1.2791 0.5440 212 130 222
0.6038 1.2793 0.5460 213 130 222
0.6021 1.2794 0.5479 213 130 221
0.6005 1.2795 0.5498 213 130 221
0.5988 1.2796 0.5518 214 130 221
0.5971 1.2797 0.5537 214 130 221
0.5954 1.2799 0.5556 214 130 220
0.5937 1.2800 0.5575 214 130 220
0.5920 1.2801 0.5594 215 130 220
0.5902 1.2803 0.5613 215 130 220
0.5885 1.2804 0.5632 215 130 219
0.5868 1.2805 0.5651 216 130 219
0.5851 1.2806 0.5670 216 130 219
0.5833 1.2807 0.5688 216 130 218
0.5816 1.2809 0.5707 216 130 218
0.5798 1.2810 0.5726 217 130 218
0.5781 1.2811 0.5744 217 130 218
0.5763 1.2813 0.5763 217 130 217
0.5745 1.2814 0.5781 218 130 217
0.5727 1.2815 0.5800 218 130 217
0.5710 1.2816 0.5818 218 130 216
0.5692 1.2818 0.5837 218 130 216
0.5674 1.2819 0.5855 219 130 216
0.5656 1.2820 0.5873 219 130 216
0.5638 1.2821 0.5891 219 130 215
0.5620 1.2823 0.5909 220 130 215
0.5601 1.2824 0.5927 220 130 215
0.5583 1.2825 0.5945 220 130 214
0.5565 1.2826 0.5963 220 130 214
0.5547 1.2828 0.5981 221 130 214
0.5528 1.2829 0.5999 221 130 214
0.5510 1.2830 0.6017 221 130 213
0.5491 1.2831 0.6035 221 130 213
0.5473 1.2833 0.6052 222 130 213
0.5454 1.2834 0.6070 222 130 212
0.5435 1.2835 0.6087 222 130 212
0.5416 1.2836 0.6105 222 130 212
0.5398 1.2837 0.6122 223 130 211
0.5379 1.2839 0.6140 223 130 211
0.5360 1.2840 0.6157 223 130 211
0.5341 1.2841 0.6174 224 130 211
0.5322 1.2843 0.6192 224 130 210
0.5303 1.2844 0.6209 224 131 210
0.5284 1.2845 0.6226 224 131 210
0.5264 1.2846 0.6243 225 131 209
0.5245 1.2848 0.6260 225 131 209
0.5226 1.2849 0.6277 225 131 209
0.5206 1.2850 0.6294 225 131 208
0.5187 1.2851 0.6310 226 131 208
0.5168 1.2853 0.6327 226 131 208
0.5148 1.2854 0.6344 226 131 208
0.5128 1.2855 0.6360 226 131 207
0.5109 1.2856 0.6377 227 131 207
0.5089 1.2857 0.6393 227 131 207
0.5069 1.2859 0.6410 227 131 206
0.5050 1.2860 0.6426 227 131 206
0.5030 1.2861 0.6442 228 131 206
0.5010 1.2862 0.6459 228 131 205
0.4990 1.2864 0.6475 228 131 205
0.4970 1.2865 0.6491 228 131 205
0.4950 1.2866 0.6507 229 131 204
0.4930 1.2868 0.6523 229 131 204
0.4910 1.2869 0.6539 229 131 204
0.4889 1.2870 0.6555 229 131 203
0.4869 1.2871 0.6571 230 131 203
0.4849 1.2873 0.6586 230 131 203
0.4828 1.2874 0.6602 230 131 202
0.4808 1.2875 0.6618 230 131 202
0.4788 1.2876 0.6633 230 131 202
0.4767 1.2877 0.6649 231 131 202
0.4747 1.2879 0.6664 231 131 201
0.4726 1.2880 0.6680 231 131 201
0.4705 1.2881 0.6695 231 131 201
0.4685 1.2882 0.6710 232 131 200
0.4664 1.2884 0.6725 232 131 200
0.4643 1.2885 0.6740 232 131 200
0.4622 1.2886 0.6755 232 131 199
0.4601 1.2887 0.6770 233 131 199
0.4580 1.2889 0.6785 233 131 199
0.4559 1.2890 0.6800 233 131 198
0.4538 1.2891 0.6815 233 131 198
0.4517 1.2893 0.6830 233 131 198
0.4496 1.2894 0.6844 234 131 197
0.4475 1.2895 0.6859 234 131 197
0.4454 1.2896 0.6874 234 131 197
0.4432 1.2898 0.6888 234 131 196
0.4411 1.2899 0.6902 235 131 196
0.4389 1.2900 0.6917 235 131 196
0.4368 1.2901 0.6931 235 131 195
0.4347 1.2902 0.6945 235 131 195
0.4325 1.2904 0.6959 235 131 195
0.4303 1.2905 0.6973 236 131 194
0.4282 1.2906 0.6987 236 131 194
0.4260 1.2908 0.7001 236 131 194
0.4239 1.2909 0.7015 236 131 193
0.4217 1.2910 0.7029 236 131 193
0.4195 1.2911 0.7043 237 131 192
0.4173 1.2912 0.7056 237 131 192
0.4151 1.2914 0.7070 237 131 192
0.4129 1.2915 0.7083 237 131 191
0.4107 1.2916 0.7097 237 131 191
0.4085 1.2918 0.7110 238 131 191
0.4063 1.2919 0.7124 238 131 190
0.4041 1.2920 0.7137 238 131 190
0.4019 1.2921 0.7150 238 131 190
0.3997 1.2923 0.7163 238 131 189
0.3975 1.2924 0.7176 239 131 189
0.3952 1.2925 0.7189 239 131 189
0.3930 1.2926 0.7202 239 131 188
0.3908 1.2928 0.7215 239 131 188
0.3885 1.2929 0.7228 239 131 188
0.3863 1.2930 0.7240 240 131 187
0.3840 1.2931 0.7253 240 131 187
0.3818 1.2933 0.7266 240 131 187
0.3795 1.2934 0.7278 240 131 186
0.3773 1.2935 0.7291 240 131 186
0.3750 1.2936 0.7303 240 131 186
0.3727 1.2937 0.7315 241 131 185
0.3705 1.2939 0.7327 241 131 185
0.3682 1.2940 0.7340 241 131 184
0.3659 1.2941 0.7352 241 132 184
0.3636 1.2943 0.7364 241 132 184
0.3613 1.2944 0.7376 242 132 183
0.3590 1.2945 0.7387 242 132 183
0.3567 1.2946 0.7399 242 132 183
0.3544 1.2948 0.7411 242 132 182
0.3521 1.2949 0.7422 242 132 182
0.3498 1.2950 0.7434 242 132 182
0.3475 1.2951 0.7446 243 132 181
0.3452 1.2953 0.7457 243 132 181
0.3429 1.2954 0.7468 243 132 180
0.3406 1.2955 0.7480 243 132 180
0.3382 1.2956 0.7491 243 132 180
0.3359 1.2957 0.7502 243 132 179
0.3336 1.2959 0.7513 244 132 179
0.3312 1.2960 0.7524 244 132 179
0.3289 1.2961 0.7535 244 132 178
0.3265 1.2962 0.7546 244 132 178
0.3242 1.2964 0.7557 244 132 178
0.3218 1.2965 0.7567 244 132 177
0.3195 1.2966 0.7578 245 132 177
0.3171 1.2968 0.7588 245 132 176
0.3148 1.2969 0.7599 245 132 176
0.3124 1.2970 0.7609 245 132 176
0.3100 1.2971 0.7620 245 132 175
0.3076 1.2973 0.7630 245 132 175
0.3053 1.2974 0.7640 245 132 175
0.3029 1.2975 0.7650 246 132 174
0.3005 1.2976 0.7660 246 132 174
0.2981 1.2977 0.7670 246 132 174
0.2957 1.2979 0.7680 246 132 173
0.2933 1.2980 0.7690 246 132 173
0.2909 1.2981 0.7700 246 132 172
0.2885 1.2982 0.7709 246 132 172
0.2861 1.2984 0.7719 247 132 172
0.2837 1.2985 0.7728 247 132 171
0.2813 1.2986 0.7738 247 132 171
0.2789 1.2987 0.7747 247 132 171
0.2765 1.2989 0.7757 247 132 170
0.2741 1.2990 0.7766 247 132 170
0.2717 1.2991 0.7775 247 132 169
0.2692 1.2993 0.7784 248 132 169
0.2668 1.2994 0.7793 248 132 169
0.2644 1.2995 0.7802 248 132 168
0.2619 1.2996 0.7811 248 132 168
0.2595 1.2997 0.7819 248 132 168
0.2571 1.2999 0.7828 248 132 167
0.2546 1.3000 0.7837 248 132 167
0.2522 1.3001 0.7845 248 132 166
0.2497 1.3003 0.7854 249 132 166
0.2473 1.3004 0.7862 249 132 166
0.2448 1.3005 0.7870 249 132 165
0.2424 1.3006 0.7879 249 132 165
0.2399 1.3007 0.7887 249 132 164
0.2375 1.3009 0.7895 249 132 164
0.2350 1.3010 0.7903 249 132 164
0.2325 1.3011 0.7911 249 132 163
0.2301 1.3013 0.7919 249 132 163
0.2276 1.3014 0.7926 250 132 163
0.2251 1.3015 0.7934 250 132 162
0.2226 1.3016 0.7942 250 132 162
0.2202 1.3018 0.7949 250 132 161
0.2177 1.3019 0.7957 250 132 161
0.2152 1.3020 0.7964 250 132 161
0.2127 1.3021 0.7971 250 132 160
0.2102 1.3023 0.7979 250 132 160
0.2077 1.3024 0.7986 250 132 159
0.2052 1.3025 0.7993 251 132 159
0.2027 1.3026 0.8000 251 132 159
0.2002 1.3028 0.8007 251 132 158
0.1977 1.3029 0.8013 251 132 158
0.1952 1.3030 0.8020 251 132 158
0.1927 1.3031 0.8027 251 132 157
0.1902 1.3033 0.8034 251 132 157
0.1877 1.3034 0.8040 251 132 156
0.1852 1.3035 0.8046 251 132 156
0.1827 1.3036 0.8053 251 132 156
0.1801 1.3037 0.8059 251 132 155
0.1776 1.3039 0.8065 252 132 155
0.1751 1.3040 0.8071 252 133 154
0.1726 1.3041 0.8078 252 133 154
0.1701 1.3043 0.8083 252 133 154
0.1675 1.3044 0.8089 252 133 153
0.1650 1.3045 0.8095 252 133 153
0.1625 1.3046 0.8101 252 133 152
0.1599 1.3048 0.8107 252 133 152
0.1574 1.3049 0.8112 252 133 152
0.1549 1.3050 0.8118 252 133 151
0.1523 1.3051 0.8123 252 133 151
0.1498 1.3053 0.8128 252 133 151
0.1472 1.3054 0.8134 252 133 150
0.1447 1.3055 0.8139 253 133 150
0.1421 1.3056 0.8144 253 133 149
0.1396 1.3057 0.8149 253 133 149
0.1370 1.3059 0.8154 253 133 149
0.1345 1.3060 0.8159 253 133 148
0.1319 1.3061 0.8163 253 133 148
0.1294 1.3062 0.8168 253 133 147
0.1268 1.3064 0.8173 253 133 147
0.1243 1.3065 0.8177 253 133 147
0.1217 1.3066 0.8182 253 133 146
0.1191 1.3068 0.8186 253 133 146
0.1166 1.3069 0.8190 253 133 145
0.1140 1.3070 0.8195 253 133 145
0.1114 1.3071 0.8199 253 133 145
0.1089 1.3073 0.8203 253 133 144
0.1063 1.3074 0.8207 253 133 144
0.1037 1.3075 0.8211 253 133 143
0.1012 1.3076 0.8215 254 133 143
0.0986 1.3077 0.8218 254 133 143
0.0960 1.3079 0.8222 254 133 142
0.0934 1.3080 0.8226 254 133 142
0.0908 1.3081 0.8229 254 133 141
0.0883 1.3082 0.8232 254 133 141
0.0857 1.3084 0.8236 254 133 141
0.0831 1.3085 0.8239 254 133 140
0.0805 1.3086 0.8242 254 133 140
0.0779 1.3087 0.8245 254 133 139
0.0754 1.3089 0.8248 254 133 139
0.0728 1.3090 0.8251 254 133 139
0.0702 1.3091 0.8254 254 133 138
0.0676 1.3093 0.8257 254 133 138
0.0650 1.3094 0.8259 254 133 137
0.0624 1.3095 0.8262 254 133 137
0.0598 1.3096 0.8265 254 133 137
0.0572 1.3098 0.8267 254 133 136
0.0546 1.3099 0.8269 254 133 136
0.0520 1.3100 0.8272 254 133 135
0.0494 1.3101 0.8274 254 133 135
0.0468 1.3102 0.8276 254 133 135
0.0443 1.3104 0.8278 254 133 134
0.0417 1.3105 0.8280 254 133 134
0.0391 1.3106 0.8282 254 133 133
0.0365 1.3108 0.8284 254 133 133
0.0339 1.3109 0.8285 254 133 133
0.0313 1.3110 0.8287 254 133 132
0.0287 1.3111 0.8288 254 133 132
0.0261 1.3112 0.8290 254 133 131
0.0234 1.3114 0.8291 254 133 131
0.0208 1.3115 0.8293 254 133 131
0.0182 1.3116 0.8294 254 133 130
0.0156 1.3118 0.8295 254 133 130
0.0130 1.3119 0.8296 254 133 129
0.0104 1.3120 0.8297 254 133 129
0.0078 1.3121 0.8298 254 133 129
0.0052 1.3123 0.8299 254 133 128
0.0026 1.3124 0.8299 254 133 128
-0.0000 1.3125 0.8300 255 133 127
-0.0026 1.3126 0.8301 254 133 127
-0.0052 1.3128 0.8301 254 133 127
-0.0078 1.3129 0.8301 254 133 126
-0.0104 1.3130 0.8302 254 133 126
-0.0130 1.3131 0.8302 254 133 126
-0.0157 1.3133 0.8302 254 133 125
-0.0183 1.3134 0.8302 254 133 125
-0.0209 1.3135 0.8302 254 133 124
-0.0235 1.3136 0.8302 254 133 124
-0.0261 1.3137 0.8302 254 134 124
-0.0287 1.3139 0.8302 254 134 123
-0.0313 1.3140 0.8301 254 134 123
-0.0339 1.3141 0.8301 254 134 122
-0.0365 1.3142 0.8300 254 134 122
-0.0391 1.3144 0.8300 254 134 122
-0.0418 1.3145 0.8299 254 134 121
-0.0444 1.3146 0.8298 254 134 121
-0.0470 1.3148 0.8298 254 134 120
-0.0496 1.3149 0.8297 254 134 120
-0.0522 1.3150 0.8296 254 134 120
-0.0548 1.3151 0.8295 254 134 119
-0.0574 1.3153 0.8293 254 134 119
-0.0600 1.3154 0.8292 254 134 118
-0.0626 1.3155 0.8291 254 134 118
-0.0652 1.3156 0.8289 254 134 118
-0.0678 1.3157 0.8288 254 134 117
-0.0705 1.3159 0.8286 254 134 117
-0.0731 1.3160 0.8285 254 134 116
-0.0757 1.3161 0.8283 254 134 116
-0.0783 1.3162 0.8281 254 134 116
-0.0809 1.3164 0.8279 254 134 115
-0.0835 1.3165 0.8277 254 134 115
-0.0861 1.3166 0.8275 254 134 114
-0.0887 1.3167 0.8273 254 134 114
-0.0913 1.3169 0.8271 254 134 114
-0.0939 1.3170 0.8268 254 134 113
-0.0965 1.3171 0.8266 254 134 113
-0.0991 1.3173 0.8264 254 134 112
-0.1017 1.3174 0.8261 254 134 112
-0.1043 1.3175 0.8258 253 134 112
-0.1069 1.3176 0.8256 253 134 111
-0.1095 1.3177 0.8253 253 134 111
-0.1121 1.3179 0.8250 253 134 110
-0.1147 1.3180 0.8247 253 134 110
-0.1173 1.3181 0.8244 253 134 110
-0.1199 1.3182 0.8241 253 134 109
-0.1225 1.3184 0.8238 253 134 109
-0.1251 1.3185 0.8234 253 134 108
-0.1277 1.3186 0.8231 253 134 108
-0.1303 1.3187 0.8227 253 134 108
-0.1329 1.3189 0.8224 253 134 107
-0.1355 1.3190 0.8220 253 134 107
-0.1381 1.3191 0.8217 253 134 106
-0.1407 1.3192 0.8213 253 134 106
-0.1433 1.3194 0.8209 253 134 106
-0.1459 1.3195 0.8205 253 134 105
-0.1484 1.3196 0.8201 252 134 105
-0.1510 1.3197 0.8197 252 134 104
-0.1536 1.3199 0.8193 252 134 104
-0.1562 1.3200 0.8188 252 134 104
-0.1588 1.3201 0.8184 252 134 103
-0.1614 1.3203 0.8180 252 134 103
-0.1639 1.3204 0.8175 252 134 103
-0.1665 1.3205 0.8170 252 134 102
-0.1691 1.3206 0.8166 252 134 102
-0.1717 1.3207 0.8161 252 134 101
-0.1743 1.3209 0.8156 252 134 101
-0.1768 1.3210 0.8151 252 134 101
-0.1794 1.3211 0.8146 252 134 100
-0.1820 1.3213 0.8141 251 134 100
-0.1845 1.3214 0.8136 251 134 99
-0.1871 1.3215 0.8131 251 134 99
-0.1897 1.3216 0.8125 251 134 99
-0.1922 1.3217 0.8120 251 134 98
-0.1948 1.3219 0.8114 251 134 98
-0.1974 1.3220 0.8109 251 134 97
-0.1999 1.3221 0.8103 251 134 97
-0.2025 1.3223 0.8097 251 134 97
-0.2051 1.3224 0.8092 251 134 96
-0.2076 1.3225 0.8086 251 134 96
-0.2102 1.3226 0.8080 250 134 96
-0.2127 1.3228 0.8074 250 134 95
-0.2153 1.3229 0.8068 250 134 95
-0.2178 1.3230 0.8061 250 134 94
-0.2204 1.3231 0.8055 250 134 94
-0.2229 1.3233 0.8049 250 134 94
-0.2254 1.3234 0.8042 250 134 93
-0.2280 1.3235 0.8036 250 134 93
-0.2305 1.3236 0.8029 250 135 92
-0.2331 1.3237 0.8022 249 135 92
-0.2356 1.3239 0.8016 249 135 92
-0.2381 1.3240 0.8009 249 135 91
-0.2407 1.3241 0.8002 249 135 91
-0.2432 1.3242 0.7995 249 135 91
-0.2457 1.3244 0.7988 249 135 90
-0.2483 1.3245 0.7980 249 135 90
-0.2508 1.3246 0.7973 249 135 89
-0.2533 1.3248 0.7966 249 135 89
-0.2558 1.3249 0.7958 248 135 89
-0.2583 1.3250 0.7951 248 135 88
-0.2609 1.3251 0.7943 248 135 88
-0.2634 1.3253 0.7936 248 135 87
-0.2659 1.3254 0.7928 248 135 87
-0.2684 1.3255 0.7920 248 135 87
-0.2709 1.3256 0.7912 248 135 86
-0.2734 1.3257 0.7904 248 135 86
-0.2759 1.3259 0.7896 247 135 86
-0.2784 1.3260 0.7888 247 135 85
-0.2809 1.3261 0.7880 247 135 85
-0.2834 1.3262 0.7871 247 135 84
-0.2859 1.3264 0.7863 247 135 84
-0.2884 1.3265 0.7855 247 135 84
-0.2909 1.3266 0.7846 247 135 83
-0.2933 1.3267 0.7837 246 135 83
-0.2958 1.3269 0.7829 246 135 83
-0.2983 1.3270 0.7820 246 135 82
-0.3008 1.3271 0.7811 246 135 82
-0.3033 1.3273 0.7802 246 135 81
-0.3057 1.3274 0.7793 246 135 81
-0.3082 1.3275 0.7784 246 135 81
-0.3107 1.3276 0.7775 245 135 80
-0.3131 1.3277 0.7766 245 135 80
-0.3156 1.3279 0.7756 245 135 80
-0.3180 1.3280 0.7747 245 135 79
-0.3205 1.3281 0.7737 245 135 79
-0.3229 1.3282 0.7728 245 135 79
-0.3254 1.3284 0.7718 245 135 78
-0.3278 1.3285 0.7709 244 135 78
-0.3303 1.3286 0.7699 244 135 77
-0.3327 1.3287 0.7689 244 135 77
-0.3352 1.3289 0.7679 244 135 77
-0.3376 1.3290 0.7669 244 135 76
-0.3400 1.3291 0.7659 244 135 76
-0.3425 1.3292 0.7649 243 135 76
-0.3449 1.3294 0.7638 243 135 75
-0.3473 1.3295 0.7628 243 135 75
-0.3497 1.3296 0.7618 243 135 75
-0.3521 1.3298 0.7607 243 135 74
-0.3546 1.3299 0.7597 243 135 74
-0.3570 1.3300 0.7586 242 135 73
-0.3594 1.3301 0.7575 242 135 73
-0.3618 1.3302 0.7565 242 135 73
-0.3642 1.3304 0.7554 242 135 72
-0.3666 1.3305 0.7543 242 135 72
-0.3690 1.3306 0.7532 242 135 72
-0.3714 1.3308 0.7521 241 135 71
-0.3738 1.3309 0.7509 241 135 71
-0.3761 1.3310 0.7498 241 135 71
-0.3785 1.3311 0.7487 241 135 70
-0.3809 1.3312 0.7476 241 135 70
-0.3833 1.3314 0.7464 240 135 69
-0.3856 1.3315 0.7453 240 135 69
-0.3880 1.3316 0.7441 240 135 69
-0.3904 1.3317 0.7429 240 135 68
-0.3927 1.3319 0.7417 240 135 68
-0.3951 1.3320 0.7406 240 135 68
-0.3974 1.3321 0.7394 239 135 67
-0.3998 1.3323 0.7382 239 135 67
-0.4021 1.3324 0.7370 239 135 67
-0.4045 1.3325 0.7357 239 135 66
-0.4068 1.3326 0.7345 239 135 66
-0.4092 1.3328 0.7333 238 135 66
-0.4115 1.3329 0.7321 238 135 65
-0.4138 1.3330 0.7308 238 135 65
-0.4161 1.3331 0.7296 238 135 65
-0.4185 1.3333 0.7283 238 135 64
-0.4208 1.3334 0.7270 237 136 64
-0.4231 1.3335 0.7258 237 136 64
-0.4254 1.3336 0.7245 237 136 63
-0.4277 1.3337 0.7232 237 136 63
-0.4300 1.3339 0.7219 237 136 63
-0.4323 1.3340 0.7206 236 136 62
-0.4346 1.3341 0.7193 236 136 62
-0.4369 1.3342 0.7180 236 136 61
-0.4392 1.3344 0.7166 236 136 61
-0.4414 1.3345 0.7153 236 136 61
-0.4437 1.3346 0.7140 235 136 60
-0.4460 1.3348 0.7126 235 136 60
-0.4483 1.3349 0.7113 235 136 60
-0.4505 1.3350 0.7099 235 136 59
-0.4528 1.3351 0.7085 235 136 59
-0.4550 1.3353 0.7072 234 136 59
-0.4573 1.3354 0.7058 234 136 58
-0.4595 1.3355 0.7044 234 136 58
-0.4618 1.3356 0.7030 234 136 58
-0.4640 1.3357 0.7016 233 136 57
-0.4663 1.3359 0.7002 233 136 57
-0.4685 1.3360 0.6988 233 136 57
-0.4707 1.3361 0.6973 233 136 56
-0.4729 1.3362 0.6959 233 136 56
-0.4752 1.3364 0.6945 232 136 56
-0.4774 1.3365 0.6930 232 136 55
-0.4796 1.3366 0.6916 232 136 55
-0.4818 1.3367 0.6901 232 136 55
-0.4840 1.3369 0.6886 231 136 54
-0.4862 1.3370 0.6872 231 136 54
-0.4884 1.3371 0.6857 231 136 54
-0.4906 1.3373 0.6842 231 136 53
-0.4927 1.3374 0.6827 230 136 53
-0.4949 1.3375 0.6812 230 136 53
-0.4971 1.3376 0.6797 230 136 53
-0.4993 1.3377 0.6782 230 136 52
-0.5014 1.3379 0.6766 230 136 52
-0.5036 1.3380 0.6751 229 136 52
-0.5057 1.3381 0.6736 229 136 51
-0.5079 1.3382 0.6720 229 136 51
-0.5100 1.3384 0.6705 229 136 51
-0.5122 1.3385 0.6689 228 136 50
-0.5143 1.3386 0.6674 228 136 50
-0.5164 1.3387 0.6658 228 136 50
-0.5186 1.3389 0.6642 228 136 49
-0.5207 1.3390 0.6626 227 136 49
-0.5228 1.3391 0.6610 227 136 49
-0.5249 1.3392 0.6594 227 136 48
-0.5270 1.3394 0.6578 227 136 48
-0.5291 1.3395 0.6562 226 136 48
-0.5312 1.3396 0.6546 226 136 47
-0.5333 1.3397 0.6530 226 136 47
-0.5354 1.3399 0.6513 226 136 47
-0.5375 1.3400 0.6497 225 136 47
-0.5396 1.3401 0.6481 225 136 46
-0.5416 1.3403 0.6464 225 136 46
-0.5437 1.3404 0.6447 225 136 46
-0.5458 1.3405 0.6431 224 136 45
-0.5478 1.3406 0.6414 224 136 45
-0.5499 1.3407 0.6397 224 136 45
-0.5519 1.3409 0.6380 224 136 44
-0.5539 1.3410 0.6363 223 136 44
-0.5560 1.3411 0.6346 223 136 44
-0.5580 1.3413 0.6329 223 136 44
-0.5600 1.3414 0.6312 222 136 43
-0.5621 1.3415 0.6295 222 136 43
-0.5641 1.3416 0.6278 222 136 43
-0.5661 1.3417 0.6261 222 136 42
-0.5681 1.3419 0.6243 221 136 42
-0.5701 1.3420 0.6226 221 136 42
-0.5721 1.3421 0.6208 221 136 41
-0.5741 1.3423 0.6191 221 136 41
-0.5761 1.3424 0.6173 220 136 41
-0.5780 1.3425 0.6155 220 136 41
-0.5800 1.3426 0.6138 220 136 40
-0.5820 1.3428 0.6120 220 136 40
-0.5839 1.3429 0.6102 219 136 40
-0.5859 1.3430 0.6084 219 136 39
-0.5878 1.3431 0.6066 219 136 39
-0.5898 1.3433 0.6048 218 137 39
-0.5917 1.3434 0.6030 218 137 39
-0.5937 1.3435 0.6012 218 137 38
-0.5956 1.3436 0.5993 218 137 38
-0.5975 1.3438 0.5975 217 137 38
-0.5994 1.3439 0.5957 217 137 37
-0.6013 1.3440 0.5938 217 137 37
-0.6032 1.3441 0.5920 216 137 37
-0.6051 1.3442 0.5901 216 137 37
-0.6070 1.3444 0.5883 216 137 36
-0.6089 1.3445 0.5864 216 137 36
-0.6108 1.3446 0.5845 215 137 36
-0.6127 1.3448 0.5826 215 137 35
-0.6146 1.3449 0.5807 215 137 35
-0.6164 1.3450 0.5789 214 137 35
-0.6183 1.3451 0.5770 214 137 35
-0.6201 1.3453 0.5751 214 137 34
-0.6220 1.3454 0.5731 214 137 34
-0.6238 1.3455 0.5712 213 137 34
-0.6257 1.3456 0.5693 213 137 34
-0.6275 1.3458 0.5674 213 137 33
-0.6293 1.3459 0.5654 212 137 33
-0.6311 1.3460 0.5635 212 137 33
-0.6329 1.3461 0.5616 212 137 33
-0.6347 1.3462 0.5596 211 137 32
-0.6365 1.3464 0.5576 211 137 32
-0.6383 1.3465 0.5557 211 137 32
-0.6401 1.3466 0.5537 211 137 31
-0.6419 1.3467 0.5517 210 137 31
-0.6437 1.3469 0.5498 210 137 31
-0.6455 1.3470 0.5478 210 137 31
-0.6472 1.3471 0.5458 209 137 30
-0.6490 1.3473 0.5438 209 137 30
-0.6507 1.3474 0.5418 209 137 30
-0.6525 1.3475 0.5398 208 137 30
-0.6542 1.3476 0.5378 208 137 29
-0.6559 1.3478 0.5357 208 137 29
-0.6577 1.3479 0.5337 208 137 29
-0.6594 1.3480 0.5317 207 137 29
-0.6611 1.3481 0.5296 207 137 28
-0.6628 1.3482 0.5276 207 137 28
-0.6645 1.3484 0.5256 206 137 28
-0.6662 1.3485 0.5235 206 137 28
-0.6679 1.3486 0.5214 206 137 27
-0.6696 1.3487 0.5194 205 137 27
-0.6713 1.3489 0.5173 205 137 27
-0.6729 1.3490 0.5152 205 137 27
-0.6746 1.3491 0.5132 204 137 26
-0.6762 1.3492 0.5111 204 137 26
-0.6779 1.3494 0.5090 204 137 26
-0.6795 1.3495 0.5069 203 137 26
-0.6812 1.3496 0.5048 203 137 25
-0.6828 1.3498 0.5027 203 137 25
-0.6844 1.3499 0.5006 202 137 25
-0.6860 1.3500 0.4984 202 137 25
-0.6877 1.3501 0.4963 202 137 25
-0.6893 1.3502 0.4942 202 137 24
-0.6909 1.3504 0.4921 201 137 24
-0.6925 1.3505 0.4899 201 137 24
-0.6940 1.3506 0.4878 201 137 24
-0.6956 1.3508 0.4856 200 137 23
-0.6972 1.3509 0.4835 200 137 23
-0.6988 1.3510 0.4813 200 137 23
-0.7003 1.3511 0.4792 199 137 23
-0.7019 1.3512 0.4770 199 137 22
-0.7034 1.3514 0.4748 199 137 22
-0.7049 1.3515 0.4726 198 137 22
-0.7065 1.3516 0.4704 198 137 22
-0.7080 1.3518 0.4683 198 137 22
-0.7095 1.3519 0.4661 197 137 21
-0.7110 1.3520 0.4639 197 137 21
-0.7125 1.3521 0.4617 197 137 21
-0.7140 1.3523 0.4595 196 137 21
-0.7155 1.3524 0.4572 196 137 20
-0.7170 1.3525 0.4550 196 137 20
-0.7185 1.3526 0.4528 195 137 20
-0.7199 1.3528 0.4506 195 137 20
-0.7214 1.3529 0.4483 195 137 20
-0.7229 1.3530 0.4461 194 138 19
-0.7243 1.3531 0.4439 194 138 19
-0.7258 1.3533 0.4416 194 138 19
-0.7272 1.3534 0.4394 193 138 19
-0.7286 1.3535 0.4371 193 138 19
-0.7300 1.3536 0.4348 192 138 18
-0.7315 1.3538 0.4326 192 138 18
-0.7329 1.3539 0.4303 192 138 18
-0.7343 1.3540 0.4280 191 138 18
-0.7357 1.3541 0.4258 191 138 18
-0.7370 1.3542 0.4235 191 138 17
-0.7384 1.3544 0.4212 190 138 17
-0.7398 1.3545 0.4189 190 138 17
-0.7412 1.3546 0.4166 190 138 17
-0.7425 1.3548 0.4143 189 138 17
-0.7439 1.3549 0.4120 189 138 16
-0.7452 1.3550 0.4097 189 138 16
-0.7465 1.3551 0.4074 188 138 16
-0.7479 1.3553 0.4051 188 138 16
-0.7492 1.3554 0.4027 188 138 16
-0.7505 1.3555 0.4004 187 138 15
-0.7518 1.3556 0.3981 187 138 15
-0.7531 1.3558 0.3957 187 138 15
-0.7544 1.3559 0.3934 186 138 15
-0.7557 1.3560 0.3910 186 138 15
-0.7570 1.3561 0.3887 186 138 15
-0.7582 1.3562 0.3863 185 138 14
-0.7595 1.3564 0.3840 185 138 14
-0.7608 1.3565 0.3816 184 138 14
-0.7620 1.3566 0.3793 184 138 14
-0.7633 1.3567 0.3769 184 138 14
-0.7645 1.3569 0.3745 183 138 13
-0.7657 1.3570 0.3721 183 138 13
-0.7669 1.3571 0.3698 183 138 13
-0.7681 1.3573 0.3674 182 138 13
-0.7694 1.3574 0.3650 182 138 13
-0.7706 1.3575 0.3626 182 138 13
-0.7717 1.3576 0.3602 181 138 12
-0.7729 1.3578 0.3578 181 138 12
-0.7741 1.3579 0.3554 180 138 12
-0.7753 1.3580 0.3530 180 138 12
-0.7764 1.3581 0.3506 180 138 12
-0.7776 1.3582 0.3482 179 138 12
-0.7787 1.3584 0.3457 179 138 11
-0.7799 1.3585 0.3433 179 138 11
-0.7810 1.3586 0.3409 178 138 11
-0.7821 1.3587 0.3384 178 138 11
-0.7832 1.3589 0.3360 178 138 11
-0.7843 1.3590 0.3336 177 138 11
-0.7854 1.3591 0.3311 177 138 10
-0.7865 1.3592 0.3287 176 138 10
-0.7876 1.3594 0.3262 176 138 10
-0.7887 1.3595 0.3238 176 138 10
-0.7898 1.3596 0.3213 175 138 10
-0.7908 1.3598 0.3189 175 138 10
-0.7919 1.3599 0.3164 175 138 10
-0.7929 1.3600 0.3139 174 138 9
-0.7940 1.3601 0.3115 174 138 9
-0.7950 1.3603 0.3090 174 138 9
-0.7960 1.3604 0.3065 173 138 9
-0.7970 1.3605 0.3040 173 138 9
-0.7980 1.3606 0.3015 172 138 9
-0.7990 1.3607 0.2991 172 138 9
-0.8000 1.3609 0.2966 172 138 8
-0.8010 1.3610 0.2941 171 138 8
-0.8020 1.3611 0.2916 171 138 8
-0.8029 1.3613 0.2891 171 138 8
-0.8039 1.3614 0.2866 170 138 8
-0.8049 1.3615 0.2841 170 138 8
-0.8058 1.3616 0.2816 169 138 8
-0.8067 1.3617 0.2790 169 138 7
-0.8077 1.3619 0.2765 169 138 7
-0.8086 1.3620 0.2740 168 138 7
-0.8095 1.3621 0.2715 168 138 7
-0.8104 1.3623 0.2690 168 138 7
-0.8113 1.3624 0.2664 167 138 7
-0.8122 1.3625 0.2639 167 138 7
-0.8131 1.3626 0.2614 166 138 7
-0.8140 1.3628 0.2588 166 139 6
-0.8148 1.3629 0.2563 166 139 6
-0.8157 1.3630 0.2537 165 139 6
-0.8165 1.3631 0.2512 165 139 6
-0.8174 1.3633 0.2486 164 139 6
-0.8182 1.3634 0.2461 164 139 6
-0.8190 1.3635 0.2435 164 139 6
-0.8199 1.3636 0.2410 163 139 6
-0.8207 1.3638 0.2384 163 139 6
-0.8215 1.3639 0.2359 163 139 5
-0.8223 1.3640 0.2333 162 139 5
-0.8231 1.3641 0.2307 162 139 5
-0.8238 1.3642 0.2282 161 139 5
-0.8246 1.3644 0.2256 161 139 5
-0.8254 1.3645 0.2230 161 139 5
-0.8261 1.3646 0.2204 160 139 5
-0.8269 1.3648 0.2178 160 139 5
-0.8276 1.3649 0.2153 159 139 5
-0.8283 1.3650 0.2127 159 139 4
-0.8291 1.3651 0.2101 159 139 4
-0.8298 1.3653 0.2075 158 139 4
-0.8305 1.3654 0.2049 158 139 4
-0.8312 1.3655 0.2023 158 139 4
-0.8319 1.3656 0.1997 157 139 4
-0.8325 1.3658 0.1971 157 139 4
-0.8332 1.3659 0.1945 156 139 4
-0.8339 1.3660 0.1919 156 139 4
-0.8345 1.3661 0.1893 156 139 4
-0.8352 1.3662 0.1867 155 139 4
-0.8358 1.3664 0.1841 155 139 3
-0.8365 1.3665 0.1815 154 139 3
-0.8371 1.3666 0.1788 154 139 3
-0.8377 1.3667 0.1762 154 139 3
-0.8383 1.3669 0.1736 153 139 3
-0.8389 1.3670 0.1710 153 139 3
-0.8395 1.3671 0.1684 152 139 3
-0.8401 1.3673 0.1657 152 139 3
-0.8407 1.3674 0.1631 152 139 3
-0.8412 1.3675 0.1605 151 139 3
-0.8418 1.3676 0.1578 151 139 3
-0.8423 1.3678 0.1552 151 139 3
-0.8429 1.3679 0.1526 150 139 3
-0.8434 1.3680 0.1499 150 139 2
-0.8439 1.3681 0.1473 149 139 2
-0.8445 1.3682 0.1446 149 139 2
-0.8450 1.3684 0.1420 149 139 2
-0.8455 1.3685 0.1394 148 139 2
-0.8460 1.3686 0.1367 148 139 2
-0.8464 1.3687 0.1341 147 139 2
-0.8469 1.3689 0.1314 147 139 2
-0.8474 1.3690 0.1288 147 139 2
-0.8479 1.3691 0.1261 146 139 2
-0.8483 1.3692 0.1235 146 139 2
-0.8487 1.3694 0.1208 145 139 2
-0.8492 1.3695 0.1181 145 139 2
-0.8496 1.3696 0.1155 145 139 2
-0.8500 1.3698 0.1128 144 139 2
-0.8504 1.3699 0.1102 144 139 2
-0.8508 1.3700 0.1075 143 139 2
-0.8512 1.3701 0.1048 143 139 1
-0.8516 1.3702 0.1022 143 139 1
-0.8520 1.3704 0.0995 142 139 1
-0.8524 1.3705 0.0968 142 139 1
-0.8527 1.3706 0.0941 141 139 1
-0.8531 1.3708 0.0915 141 139 1
-0.8534 1.3709 0.0888 141 139 1
-0.8537 1.3710 0.0861 140 139 1
-0.8541 1.3711 0.0834 140 139 1
-0.8544 1.3712 0.0808 139 139 1
-0.8547 1.3714 0.0781 139 139 1
-0.8550 1.3715 0.0754 139 139 1
-0.8553 1.3716 0.0727 138 139 1
-0.8556 1.3718 0.0700 138 139 1
-0.8559 1.3719 0.0674 137 139 1
-0.8561 1.3720 0.0647 137 139 1
-0.8564 1.3721 0.0620 137 139 1
-0.8566 1.3723 0.0593 136 139 1
-0.8569 1.3724 0.0566 136 139 1
-0.8571 1.3725 0.0539 135 139 1
-0.8573 1.3726 0.0512 135 140 1
-0.8575 1.3728 0.0485 135 140 1
-0.8578 1.3729 0.0459 134 140 1
-0.8580 1.3730 0.0432 134 140 1
-0.8581 1.3731 0.0405 133 140 1
-0.8583 1.3733 0.0378 133 140 1
-0.8585 1.3734 0.0351 133 140 1
-0.8587 1.3735 0.0324 132 140 1
-0.8588 1.3736 0.0297 132 140 1
-0.8590 1.3738 0.0270 131 140 1
-0.8591 1.3739 0.0243 131 140 1
-0.8592 1.3740 0.0216 131 140 1
-0.8594 1.3741 0.0189 130 140 1
-0.8595 1.3742 0.0162 130 140 1
-0.8596 1.3744 0.0135 129 140 1
-0.8597 1.3745 0.0108 129 140 1
-0.8598 1.3746 0.0081 129 140 1
-0.8599 1.3748 0.0054 128 140 1
-0.8599 1.3749 0.0027 128 140 1
-0.8600 1.3750 -0.0000 127 140 1
-0.8601 1.3751 -0.0027 127 140 1
-0.8601 1.3753 -0.0054 127 140 1
-0.8601 1.3754 -0.0081 126 140 1
-0.8602 1.3755 -0.0108 126 140 1
-0.8602 1.3756 -0.0135 126 140 1
-0.8602 1.3758 -0.0162 125 140 1
-0.8602 1.3759 -0.0189 125 140 1
-0.8602 1.3760 -0.0216 124 140 1
-0.8602 1.3761 -0.0243 124 140 1
-0.8602 1.3762 -0.0270 124 140 1
-0.8601 1.3764 -0.0297 123 140 1
-0.8601 1.3765 -0.0324 123 140 1
-0.8601 1.3766 -0.0351 122 140 1
-0.8600 1.3767 -0.0378 122 140 1
-0.8599 1.3769 -0.0406 122 140 1
-0.8599 1.3770 -0.0433 121 140 1
-0.8598 1.3771 -0.0460 121 140 1
-0.8597 1.3772 -0.0487 120 140 1
-0.8596 1.3774 -0.0514 120 140 1
-0.8595 1.3775 -0.0541 120 140 1
-0.8594 1.3776 -0.0568 119 140 1
-0.8593 1.3778 -0.0595 119 140 1
-0.8591 1.3779 -0.0622 118 140 1
-0.8590 1.3780 -0.0649 118 140 1
-0.8588 1.3781 -0.0676 118 140 1
-0.8587 1.3782 -0.0703 117 140 1
-0.8585 1.3784 -0.0730 117 140 1
-0.8583 1.3785 -0.0757 116 140 1
-0.8582 1.3786 -0.0784 116 140 1
-0.8580 1.3787 -0.0811 116 140 1
-0.8578 1.3789 -0.0838 115 140 1
-0.8576 1.3790 -0.0865 115 140 1
-0.8574 1.3791 -0.0892 114 140 1
-0.8571 1.3792 -0.0919 114 140 1
-0.8569 1.3794 -0.0946 114 140 1
-0.8567 1.3795 -0.0973 113 140 1
-0.8564 1.3796 -0.1000 113 140 1
-0.8561 1.3797 -0.1027 112 140 1
-0.8559 1.3799 -0.1054 112 140 1
-0.8556 1.3800 -0.1081 112 140 2
-0.8553 1.3801 -0.1108 111 140 2
-0.8550 1.3803 -0.1135 111 140 2
-0.8547 1.3804 -0.1162 110 140 2
-0.8544 1.3805 -0.1189 110 140 2
-0.8541 1.3806 -0.1216 110 140 2
-0.8538 1.3807 -0.1242 109 140 2
-0.8534 1.3809 -0.1269 109 140 2
-0.8531 1.3810 -0.1296 108 140 2
-0.8527 1.3811 -0.1323 108 140 2
-0.8524 1.3813 -0.1350 108 140 2
-0.8520 1.3814 -0.1377 107 140 2
-0.8516 1.3815 -0.1404 107 140 2
-0.8512 1.3816 -0.1431 106 140 2
-0.8508 1.3817 -0.1457 106 140 2
-0.8504 1.3819 -0.1484 106 140 2
-0.8500 1.3820 -0.1511 105 140 2
-0.8496 1.3821 -0.1538 105 140 3
-0.8492 1.3822 -0.1565 104 140 3
-0.8487 1.3824 -0.1591 104 141 3
-0.8483 1.3825 -0.1618 104 141 3
-0.8478 1.3826 -0.1645 103 141 3
-0.8474 1.3828 -0.1672 103 141 3
-0.8469 1.3829 -0.1698 103 141 3
-0.8464 1.3830 -0.1725 102 141 3
-0.8460 1.3831 -0.1752 102 141 3
-0.8455 1.3833 -0.1779 101 141 3
-0.8450 1.3834 -0.1805 101 141 3
-0.8444 1.3835 -0.1832 101 141 3
-0.8439 1.3836 -0.1859 100 141 3
-0.8434 1.3838 -0.1885 100 141 4
-0.8428 1.3839 -0.1912 99 141 4
-0.8423 1.3840 -0.1938 99 141 4
-0.8417 1.3841 -0.1965 99 141 4
-0.8412 1.3842 -0.1992 98 141 4
-0.8406 1.3844 -0.2018 98 141 4
-0.8400 1.3845 -0.2045 97 141 4
-0.8394 1.3846 -0.2071 97 141 4
-0.8388 1.3847 -0.2098 97 141 4
-0.8382 1.3849 -0.2124 96 141 4
-0.8376 1.3850 -0.2151 96 141 4
-0.8370 1.3851 -0.2177 96 141 5
-0.8364 1.3853 -0.2204 95 141 5
-0.8357 1.3854 -0.2230 95 141 5
-0.8351 1.3855 -0.2256 94 141 5
-0.8344 1.3856 -0.2283 94 141 5
-0.8338 1.3858 -0.2309 94 141 5
-0.8331 1.3859 -0.2335 93 141 5
-0.8324 1.3860 -0.2362 93 141 5
-0.8317 1.3861 -0.2388 92 141 5
-0.8310 1.3862 -0.2414 92 141 6
-0.8303 1.3864 -0.2441 92 141 6
-0.8296 1.3865 -0.2467 91 141 6
-0.8289 1.3866 -0.2493 91 141 6
-0.8282 1.3867 -0.2519 91 141 6
-0.8274 1.3869 -0.2546 90 141 6
-0.8267 1.3870 -0.2572 90 141 6
-0.8259 1.3871 -0.2598 89 141 6
-0.8252 1.3872 -0.2624 89 141 6
-0.8244 1.3874 -0.2650 89 141 7
-0.8236 1.3875 -0.2676 88 141 7
-0.8228 1.3876 -0.2702 88 141 7
-0.8220 1.3878 -0.2728 87 141 7
-0.8212 1.3879 -0.2754 87 141 7
-0.8204 1.3880 -0.2780 87 141 7
-0.8196 1.3881 -0.2806 86 141 7
-0.8188 1.3882 -0.2832 86 141 7
-0.8179 1.3884 -0.2858 86 141 8
-0.8171 1.3885 -0.2884 85 141 8
-0.8162 1.3886 -0.2910 85 141 8
-0.8154 1.3887 -0.2936 84 141 8
-0.8145 1.3889 -0.2961 84 141 8
-0.8136 1.3890 -0.2987 84 141 8
-0.8127 1.3891 -0.3013 83 141 8
-0.8118 1.3892 -0.3039 83 141 9
-0.8109 1.3894 -0.3064 83 141 9
-0.8100 1.3895 -0.3090 82 141 9
-0.8091 1.3896 -0.3116 82 141 9
-0.8082 1.3897 -0.3141 81 141 9
-0.8072 1.3899 -0.3167 81 141 9
-0.8063 1.3900 -0.3192 81 141 9
-0.8054 1.3901 -0.3218 80 141 10
-0.8044 1.3902 -0.3243 80 141 10
-0.8034 1.3904 -0.3269 80 141 10
-0.8024 1.3905 -0.3294 79 141 10
-0.8015 1.3906 -0.3320 79 141 10
-0.8005 1.3908 -0.3345 79 141 10
-0.7995 1.3909 -0.3371 78 141 10
-0.7985 1.3910 -0.3396 78 141 11
-0.7975 1.3911 -0.3421 77 141 11
-0.7964 1.3912 -0.3446 77 141 11
-0.7954 1.3914 -0.3472 77 141 11
-0.7944 1.3915 -0.3497 76 141 11
-0.7933 1.3916 -0.3522 76 141 11
-0.7923 1.3918 -0.3547 76 141 12
-0.7912 1.3919 -0.3572 75 141 12
-0.7901 1.3920 -0.3597 75 141 12
-0.7890 1.3921 -0.3622 75 141 12
-0.7880 1.3922 -0.3648 74 142 12
-0.7869 1.3924 -0.3673 74 142 12
-0.7858 1.3925 -0.3697 73 142 13
-0.7846 1.3926 -0.3722 73 142 13
-0.7835 1.3928 -0.3747 73 142 13
-0.7824 1.3929 -0.3772 72 142 13
-0.7813 1.3930 -0.3797 72 142 13
-0.7801 1.3931 -0.3822 72 142 13
-0.7790 1.3933 -0.3847 71 142 14
-0.7778 1.3934 -0.3871 71 142 14
-0.7766 1.3935 -0.3896 71 142 14
-0.7755 1.3936 -0.3921 70 142 14
-0.7743 1.3938 -0.3945 70 142 14
-0.7731 1.3939 -0.3970 69 142 15
-0.7719 1.3940 -0.3994 69 142 15
-0.7707 1.3941 -0.4019 69 142 15
-0.7695 1.3942 -0.4043 68 142 15
-0.7683 1.3944 -0.4068 68 142 15
-0.7670 1.3945 -0.4092 68 142 15
-0.7658 1.3946 -0.4116 67 142 16
-0.7645 1.3947 -0.4141 67 142 16
-0.7633 1.3949 -0.4165 67 142 16
-0.7620 1.3950 -0.4189 66 142 16
-0.7608 1.3951 -0.4214 66 142 16
-0.7595 1.3953 -0.4238 66 142 17
-0.7582 1.3954 -0.4262 65 142 17
-0.7569 1.3955 -0.4286 65 142 17
-0.7556 1.3956 -0.4310 65 142 17
-0.7543 1.3958 -0.4334 64 142 17
-0.7530 1.3959 -0.4358 64 142 18
-0.7517 1.3960 -0.4382 64 142 18
-0.7504 1.3961 -0.4406 63 142 18
-0.7490 1.3962 -0.4430 63 142 18
-0.7477 1.3964 -0.4453 63 142 18
-0.7463 1.3965 -0.4477 62 142 19
-0.7450 1.3966 -0.4501 62 142 19
-0.7436 1.3967 -0.4525 61 142 19
-0.7422 1.3969 -0.4548 61 142 19
-0.7408 1.3970 -0.4572 61 142 19
-0.7395 1.3971 -0.4596 60 142 20
-0.7381 1.3972 -0.4619 60 142 20
-0.7367 1.3974 -0.4643 60 142 20
-0.7352 1.3975 -0.4666 59 142 20
-0.7338 1.3976 -0.4689 59 142 20
-0.7324 1.3978 -0.4713 59 142 21
-0.7310 1.3979 -0.4736 58 142 21
-0.7295 1.3980 -0.4759 58 142 21
-0.7281 1.3981 -0.4783 58 142 21
-0.7266 1.3982 -0.4806 57 142 22
-0.7252 1.3984 -0.4829 57 142 22
-0.7237 1.3985 -0.4852 57 142 22
-0.7222 1.3986 -0.4875 56 142 22
-0.7207 1.3987 -0.4898 56 142 22
-0.7192 1.3989 -0.4921 56 142 23
-0.7177 1.3990 -0.4944 55 142 23
-0.7162 1.3991 -0.4967 55 142 23
-0.7147 1.3992 -0.4990 55 142 23
-0.7132 1.3994 -0.5012 54 142 24
-0.7117 1.3995 -0.5035 54 142 24
-0.7101 1.3996 -0.5058 54 142 24
-0.7086 1.3997 -0.5080 53 142 24
-0.7070 1.3999 -0.5103 53 142 25
-0.7055 1.4000 -0.5125 53 142 25
-0.7039 1.4001 -0.5148 53 142 25
-0.7023 1.4003 -0.5170 52 142 25
-0.7007 1.4004 -0.5193 52 142 25
-0.6992 1.4005 -0.5215 52 142 26
-0.6976 1.4006 -0.5237 51 142 26
-0.6960 1.4007 -0.5260 51 142 26
-0.6944 1.4009 -0.5282 51 142 26
-0.6927 1.4010 -0.5304 50 142 27
-0.6911 1.4011 -0.5326 50 142 27
-0.6895 1.4013 -0.5348 50 142 27
-0.6879 1.4014 -0.5370 49 142 27
-0.6862 1.4015 -0.5392 49 142 28
-0.6846 1.4016 -0.5414 49 142 28
-0.6829 1.4017 -0.5436 48 142 28
-0.6812 1.4019 -0.5458 48 142 28
-0.6796 1.4020 -0.5479 48 143 29
-0.6779 1.4021 -0.5501 47 143 29
-0.6762 1.4022 -0.5523 47 143 29
-0.6745 1.4024 -0.5544 47 143 29
-0.6728 1.4025 -0.5566 47 143 30
-0.6711 1.4026 -0.5587 46 143 30
-0.6694 1.4028 -0.5609 46 143 30
-0.6677 1.4029 -0.5630 46 143 30
-0.6659 1.4030 -0.5652 45 143 31
-0.6642 1.4031 -0.5673 45 143 31
-0.6625 1.4033 -0.5694 45 143 31
-0.6607 1.4034 -0.5715 44 143 31
-0.6590 1.4035 -0.5736 44 143 32
-0.6572 1.4036 -0.5758 44 143 32
-0.6554 1.4038 -0.5779 44 143 32
-0.6537 1.4039 -0.5800 43 143 33
-0.6519 1.4040 -0.5820 43 143 33
-0.6501 1.4041 -0.5841 43 143 33
-0.6483 1.4042 -0.5862 42 143 33
-0.6465 1.4044 -0.5883 42 143 34
-0.6447 1.4045 -0.5903 42 143 34
-0.6429 1.4046 -0.5924 41 143 34
-0.6411 1.4047 -0.5945 41 143 34
-0.6392 1.4049 -0.5965 41 143 35
-0.6374 1.4050 -0.5986 41 143 35
-0.6356 1.4051 -0.6006 40 143 35
-0.6337 1.4053 -0.6026 40 143 35
-0.6319 1.4054 -0.6047 40 143 36
-0.6300 1.4055 -0.6067 39 143 36
-0.6281 1.4056 -0.6087 39 143 36
-0.6263 1.4058 -0.6107 39 143 37
-0.6244 1.4059 -0.6127 39 143 37
-0.6225 1.4060 -0.6147 38 143 37
-0.6206 1.4061 -0.6167 38 143 37
-0.6187 1.4063 -0.6187 38 143 38
-0.6168 1.4064 -0.6207 37 143 38
-0.6149 1.4065 -0.6227 37 143 38
-0.6130 1.4066 -0.6247 37 143 39
-0.6111 1.4067 -0.6266 37 143 39
-0.6091 1.4069 -0.6286 36 143 39
-0.6072 1.4070 -0.6305 36 143 39
-0.6053 1.4071 -0.6325 36 143 40
-0.6033 1.4072 -0.6344 35 143 40
-0.6014 1.4074 -0.6364 35 143 40
-0.5994 1.4075 -0.6383 35 143 41
-0.5974 1.4076 -0.6402 35 143 41
-0.5954 1.4078 -0.6421 34 143 41
-0.5935 1.4079 -0.6440 34 143 41
-0.5915 1.4080 -0.6459 34 143 42
-0.5895 1.4081 -0.6478 34 143 42
-0.5875 1.4083 -0.6497 33 143 42
-0.5855 1.4084 -0.6516 33 143 43
-0.5835 1.4085 -0.6535 33 143 43
-0.5815 1.4086 -0.6554 33 143 43
-0.5794 1.4087 -0.6572 32 143 44
-0.5774 1.4089 -0.6591 32 143 44
-0.5754 1.4090 -0.6610 32 143 44
-0.5733 1.4091 -0.6628 31 143 44
-0.5713 1.4092 -0.6647 31 143 45
-0.5692 1.4094 -0.6665 31 143 45
-0.5672 1.4095 -0.6683 31 143 45
-0.5651 1.4096 -0.6702 30 143 46
-0.5631 1.4097 -0.6720 30 143 46
-0.5610 1.4099 -0.6738 30 143 46
-0.5589 1.4100 -0.6756 30 143 47
-0.5568 1.4101 -0.6774 29 143 47
-0.5547 1.4103 -0.6792 29 143 47
-0.5526 1.4104 -0.6810 29 143 47
-0.5505 1.4105 -0.6827 29 143 48
-0.5484 1.4106 -0.6845 28 143 48
-0.5463 1.4108 -0.6863 28 143 48
-0.5442 1.4109 -0.6880 28 143 49
-0.5420 1.4110 -0.6898 28 143 49
-0.5399 1.4111 -0.6915 27 143 49
-0.5378 1.4112 -0.6933 27 143 50
-0.5356 1.4114 -0.6950 27 143 50
-0.5335 1.4115 -0.6967 27 143 50
-0.5313 1.4116 -0.6985 26 143 51
-0.5292 1.4118 -0.7002 26 143 51
-0.5270 1.4119 -0.7019 26 144 51
-0.5248 1.4120 -0.7036 26 144 52
-0.5226 1.4121 -0.7053 25 144 52
-0.5205 1.4122 -0.7070 25 144 52
-0.5183 1.4124 -0.7086 25 144 53
-0.5161 1.4125 -0.7103 25 144 53
-0.5139 1.4126 -0.7120 25 144 53
-0.5117 1.4128 -0.7136 24 144 53
-0.5095 1.4129 -0.7153 24 144 54
-0.5072 1.4130 -0.7169 24 144 54
-0.5050 1.4131 -0.7186 24 144 54
-0.5028 1.4133 -0.7202 23 144 55
-0.5006 1.4134 -0.7218 23 144 55
-0.4983 1.4135 -0.7235 23 144 55
-0.4961 1.4136 -0.7251 23 144 56
-0.4938 1.4138 -0.7267 22 144 56
-0.4916 1.4139 -0.7283 22 144 56
-0.4893 1.4140 -0.7299 22 144 57
-0.4871 1.4141 -0.7314 22 144 57
-0.4848 1.4143 -0.7330 22 144 57
-0.4825 1.4144 -0.7346 21 144 58
-0.4803 1.4145 -0.7362 21 144 58
-0.4780 1.4146 -0.7377 21 144 58
-0.4757 1.4147 -0.7393 21 144 59
-0.4734 1.4149 -0.7408 20 144 59
-0.4711 1.4150 -0.7423 20 144 59
-0.4688 1.4151 -0.7439 20 144 60
-0.4665 1.4153 -0.7454 20 144 60
-0.4642 1.4154 -0.7469 20 144 60
-0.4619 1.4155 -0.7484 19 144 61
-0.4595 1.4156 -0.7499 19 144 61
-0.4572 1.4158 -0.7514 19 144 61
-0.4549 1.4159 -0.7529 19 144 62
-0.4525 1.4160 -0.7543 19 144 62
-0.4502 1.4161 -0.7558 18 144 63
-0.4479 1.4163 -0.7573 18 144 63
-0.4455 1.4164 -0.7587 18 144 63
-0.4431 1.4165 -0.7602 18 144 64
-0.4408 1.4166 -0.7616 18 144 64
-0.4384 1.4167 -0.7631 17 144 64
-0.4361 1.4169 -0.7645 17 144 65
-0.4337 1.4170 -0.7659 17 144 65
-0.4313 1.4171 -0.7673 17 144 65
-0.4289 1.4172 -0.7687 17 144 66
-0.4265 1.4174 -0.7701 16 144 66
-0.4241 1.4175 -0.7715 16 144 66
-0.4217 1.4176 -0.7729 16 144 67
-0.4193 1.4178 -0.7743 16 144 67
-0.4169 1.4179 -0.7756 16 144 67
-0.4145 1.4180 -0.7770 15 144 68
-0.4121 1.4181 -0.7783 15 144 68
-0.4097 1.4183 -0.7797 15 144 68
-0.4073 1.4184 -0.7810 15 144 69
-0.4048 1.4185 -0.7823 15 144 69
-0.4024 1.4186 -0.7837 15 144 69
-0.4000 1.4187 -0.7850 14 144 70
-0.3975 1.4189 -0.7863 14 144 70
-0.3951 1.4190 -0.7876 14 144 71
-0.3926 1.4191 -0.7889 14 144 71
-0.3902 1.4192 -0.7902 14 144 71
-0.3877 1.4194 -0.7914 13 144 72
-0.3853 1.4195 -0.7927 13 144 72
-0.3828 1.4196 -0.7940 13 144 72
-0.3803 1.4197 -0.7952 13 144 73
-0.3778 1.4199 -0.7965 13 144 73
-0.3754 1.4200 -0.7977 13 144 73
-0.3729 1.4201 -0.7989 12 144 74
-0.3704 1.4203 -0.8001 12 144 74
-0.3679 1.4204 -0.8014 12 144 75
-0.3654 1.4205 -0.8026 12 144 75
-0.3629 1.4206 -0.8038 12 144 75
-0.3604 1.4207 -0.8050 12 144 76
-0.3579 1.4209 -0.8061 11 144 76
-0.3554 1.4210 -0.8073 11 144 76
-0.3529 1.4211 -0.8085 11 144 77
-0.3504 1.4213 -0.8096 11 144 77
-0.3478 1.4214 -0.8108 11 144 77
-0.3453 1.4215 -0.8119 11 144 78
-0.3428 1.4216 -0.8131 10 145 78
-0.3403 1.4217 -0.8142 10 145 79
-0.3377 1.4219 -0.8153 10 145 79
-0.3352 1.4220 -0.8164 10 145 79
-0.3326 1.4221 -0.8175 10 145 80
-0.3301 1.4223 -0.8186 10 145 80
-0.3275 1.4224 -0.8197 10 145 80
-0.3250 1.4225 -0.8208 9 145 81
-0.3224 1.4226 -0.8219 9 145 81
-0.3199 1.4228 -0.8229 9 145 81
-0.3173 1.4229 -0.8240 9 145 82
-0.3147 1.4230 -0.8250 9 145 82
-0.3122 1.4231 -0.8261 9 145 83
-0.3096 1.4233 -0.8271 9 145 83
-0.3070 1.4234 -0.8281 8 145 83
-0.3044 1.4235 -0.8292 8 145 84
-0.3018 1.4236 -0.8302 8 145 84
-0.2992 1.4238 -0.8312 8 145 84
-0.2966 1.4239 -0.8322 8 145 85
-0.2941 1.4240 -0.8332 8 145 85
-0.2915 1.4241 -0.8341 8 145 86
-0.2889 1.4243 -0.8351 7 145 86
-0.2862 1.4244 -0.8361 7 145 86
-0.2836 1.4245 -0.8370 7 145 87
-0.2810 1.4246 -0.8380 7 145 87
-0.2784 1.4247 -0.8389 7 145 87
-0.2758 1.4249 -0.8398 7 145 88
-0.2732 1.4250 -0.8407 7 145 88
-0.2705 1.4251 -0.8416 7 145 89
-0.2679 1.4253 -0.8425 6 145 89
-0.2653 1.4254 -0.8434 6 145 89
-0.2627 1.4255 -0.8443 6 145 90
-0.2600 1.4256 -0.8452 6 145 90
-0.2574 1.4258 -0.8461 6 145 91
-0.2547 1.4259 -0.8469 6 145 91
-0.2521 1.4260 -0.8478 6 145 91
-0.2494 1.4261 -0.8486 6 145 92
-0.2468 1.4263 -0.8495 6 145 92
-0.2441 1.4264 -0.8503 5 145 92
-0.2415 1.4265 -0.8511 5 145 93
-0.2388 1.4266 -0.8519 5 145 93
-0.2362 1.4267 -0.8527 5 145 94
-0.2335 1.4269 -0.8535 5 145 94
-0.2308 1.4270 -0.8543 5 145 94
-0.2282 1.4271 -0.8551 5 145 95
-0.2255 1.4272 -0.8559 5 145 95
-0.2228 1.4274 -0.8566 5 145 96
-0.2201 1.4275 -0.8574 4 145 96
-0.2175 1.4276 -0.8581 4 145 96
-0.2148 1.4278 -0.8589 4 145 97
-0.2121 1.4279 -0.8596 4 145 97
-0.2094 1.4280 -0.8603 4 145 97
-0.2067 1.4281 -0.8610 4 145 98
-0.2040 1.4283 -0.8617 4 145 98
-0.2013 1.4284 -0.8624 4 145 99
-0.1986 1.4285 -0.8631 4 145 99
-0.1959 1.4286 -0.8638 4 145 99
-0.1932 1.4287 -0.8645 4 145 100
-0.1905 1.4289 -0.8651 3 145 100
-0.1878 1.4290 -0.8658 3 145 101
-0.1851 1.4291 -0.8664 3 145 101
-0.1824 1.4292 -0.8671 3 145 101
-0.1797 1.4294 -0.8677 3 145 102
-0.1770 1.4295 -0.8683 3 145 102
-0.1743 1.4296 -0.8689 3 145 103
-0.1715 1.4297 -0.8695 3 145 103
-0.1688 1.4299 -0.8701 3 145 103
-0.1661 1.4300 -0.8707 3 145 104
-0.1634 1.4301 -0.8713 3 145 104
-0.1606 1.4303 -0.8718 3 145 104
-0.1579 1.4304 -0.8724 3 145 105
-0.1552 1.4305 -0.8730 2 145 105
-0.1524 1.4306 -0.8735 2 145 106
-0.1497 1.4308 -0.8740 2 145 106
-0.1470 1.4309 -0.8746 2 145 106
-0.1442 1.4310 -0.8751 2 145 107
-0.1415 1.4311 -0.8756 2 145 107
-0.1388 1.4312 -0.8761 2 145 108
-0.1360 1.4314 -0.8766 2 146 108
-0.1333 1.4315 -0.8771 2 146 108
-0.1305 1.4316 -0.8775 2 146 109
-0.1278 1.4318 -0.8780 2 146 109
-0.1250 1.4319 -0.8784 2 146 110
-0.1223 1.4320 -0.8789 2 146 110
-0.1195 1.4321 -0.8793 2 146 110
-0.1168 1.4322 -0.8798 2 146 111
-0.1140 1.4324 -0.8802 2 146 111
-0.1112 1.4325 -0.8806 2 146 112
-0.1085 1.4326 -0.8810 1 146 112
-0.1057 1.4328 -0.8814 1 146 112
-0.1030 1.4329 -0.8818 1 146 113
-0.1002 1.4330 -0.8822 1 146 113
-0.0974 1.4331 -0.8825 1 146 114
-0.0947 1.4333 -0.8829 1 146 114
-0.0919 1.4334 -0.8833 1 146 114
-0.0891 1.4335 -0.8836 1 146 115
-0.0864 1.4336 -0.8839 1 146 115
-0.0836 1.4338 -0.8843 1 146 116
-0.0808 1.4339 -0.8846 1 146 116
-0.0780 1.4340 -0.8849 1 146 116
-0.0753 1.4341 -0.8852 1 146 117
-0.0725 1.4343 -0.8855 1 146 117
-0.0697 1.4344 -0.8858 1 146 118
-0.0669 1.4345 -0.8860 1 146 118
-0.0642 1.4346 -0.8863 1 146 118
-0.0614 1.4347 -0.8866 1 146 119
-0.0586 1.4349 -0.8868 1 146 119
-0.0558 1.4350 -0.8870 1 146 120
-0.0530 1.4351 -0.8873 1 146 120
-0.0502 1.4353 -0.8875 1 146 120
-0.0475 1.4354 -0.8877 1 146 121
-0.0447 1.4355 -0.8879 1 146 121
-0.0419 1.4356 -0.8881 1 146 122
-0.0391 1.4358 -0.8883 1 146 122
-0.0363 1.4359 -0.8885 1 146 122
-0.0335 1.4360 -0.8886 1 146 123
-0.0307 1.4361 -0.8888 1 146 123
-0.0279 1.4363 -0.8890 1 146 124
-0.0251 1.4364 -0.8891 1 146 124
-0.0224 1.4365 -0.8892 1 146 124
-0.0196 1.4366 -0.8894 1 146 125
-0.0168 1.4367 -0.8895 1 146 125
-0.0140 1.4369 -0.8896 1 146 126
-0.0112 1.4370 -0.8897 1 146 126
-0.0084 1.4371 -0.8898 1 146 126
-0.0056 1.4372 -0.8899 1 146 127
-0.0028 1.4374 -0.8899 1 146 127
-0.0000 1.4375 -0.8900 1 146 127
0.0028 1.4376 -0.8901 1 146 128
0.0056 1.4377 -0.8901 1 146 128
0.0084 1.4379 -0.8901 1 146 129
0.0112 1.4380 -0.8902 1 146 129
0.0140 1.4381 -0.8902 1 146 129
0.0168 1.4383 -0.8902 1 146 130
0.0196 1.4384 -0.8902 1 146 130
0.0224 1.4385 -0.8902 1 146 131
0.0252 1.4386 -0.8902 1 146 131
0.0280 1.4387 -0.8902 1 146 131
0.0308 1.4389 -0.8901 1 146 132
0.0336 1.4390 -0.8901 1 146 132
0.0364 1.4391 -0.8900 1 146 133
0.0392 1.4392 -0.8900 1 146 133
0.0420 1.4394 -0.8899 1 146 133
0.0448 1.4395 -0.8898 1 146 134
0.0476 1.4396 -0.8897 1 146 134
0.0504 1.4397 -0.8897 1 146 135
0.0532 1.4399 -0.8896 1 146 135
0.0560 1.4400 -0.8894 1 146 135
0.0588 1.4401 -0.8893 1 146 136
0.0616 1.4402 -0.8892 1 146 136
0.0644 1.4404 -0.8891 1 146 137
0.0671 1.4405 -0.8889 1 146 137
0.0699 1.4406 -0.8888 1 146 137
0.0727 1.4407 -0.8886 1 146 138
0.0755 1.4409 -0.8884 1 146 138
0.0783 1.4410 -0.8882 1 146 139
0.0811 1.4411 -0.8880 1 146 139
0.0839 1.4413 -0.8878 1 147 139
0.0867 1.4414 -0.8876 1 147 140
0.0895 1.4415 -0.8874 1 147 140
0.0923 1.4416 -0.8872 1 147 141
0.0951 1.4417 -0.8870 1 147 141
0.0979 1.4419 -0.8867 1 147 141
0.1007 1.4420 -0.8865 1 147 142
0.1035 1.4421 -0.8862 1 147 142
0.1063 1.4423 -0.8859 1 147 143
0.1091 1.4424 -0.8857 1 147 143
0.1118 1.4425 -0.8854 2 147 143
0.1146 1.4426 -0.8851 2 147 144
0.1174 1.4427 -0.8848 2 147 144
0.1202 1.4429 -0.8844 2 147 145
0.1230 1.4430 -0.8841 2 147 145
0.1258 1.4431 -0.8838 2 147 145
0.1286 1.4433 -0.8835 2 147 146
0.1314 1.4434 -0.8831 2 147 146
0.1341 1.4435 -0.8827 2 147 147
0.1369 1.4436 -0.8824 2 147 147
0.1397 1.4438 -0.8820 2 147 147
0.1425 1.4439 -0.8816 2 147 148
0.1453 1.4440 -0.8812 2 147 148
0.1480 1.4441 -0.8808 2 147 149
0.1508 1.4443 -0.8804 2 147 149
0.1536 1.4444 -0.8800 2 147 149
0.1564 1.4445 -0.8796 2 147 150
0.1591 1.4446 -0.8791 3 147 150
0.1619 1.4447 -0.8787 3 147 151
0.1647 1.4449 -0.8782 3 147 151
0.1674 1.4450 -0.8778 3 147 151
0.1702 1.4451 -0.8773 3 147 152
0.1730 1.4452 -0.8768 3 147 152
0.1757 1.4454 -0.8763 3 147 152
0.1785 1.4455 -0.8758 3 147 153
0.1813 1.4456 -0.8753 3 147 153
0.1840 1.4458 -0.8748 3 147 154
0.1868 1.4459 -0.8743 3 147 154
0.1896 1.4460 -0.8738 3 147 154
0.1923 1.4461 -0.8732 3 147 155
0.1951 1.4463 -0.8727 4 147 155
0.1978 1.4464 -0.8721 4 147 156
0.2006 1.4465 -0.8715 4 147 156
0.2033 1.4466 -0.8710 4 147 156
0.2061 1.4467 -0.8704 4 147 157
0.2088 1.4469 -0.8698 4 147 157
0.2116 1.4470 -0.8692 4 147 158
0.2143 1.4471 -0.8686 4 147 158
0.2170 1.4472 -0.8680 4 147 158
0.2198 1.4474 -0.8673 4 147 159
0.2225 1.4475 -0.8667 4 147 159
0.2253 1.4476 -0.8660 5 147 159
0.2280 1.4477 -0.8654 5 147 160
0.2307 1.4479 -0.8647 5 147 160
0.2335 1.4480 -0.8641 5 147 161
0.2362 1.4481 -0.8634 5 147 161
0.2389 1.4483 -0.8627 5 147 161
0.2416 1.4484 -0.8620 5 147 162
0.2444 1.4485 -0.8613 5 147 162
0.2471 1.4486 -0.8606 5 147 163
0.2498 1.4487 -0.8598 6 147 163
0.2525 1.4489 -0.8591 6 147 163
0.2552 1.4490 -0.8584 6 147 164
0.2580 1.4491 -0.8576 6 147 164
0.2607 1.4492 -0.8569 6 147 164
0.2634 1.4494 -0.8561 6 147 165
0.2661 1.4495 -0.8553 6 147 165
0.2688 1.4496 -0.8545 6 147 166
0.2715 1.4497 -0.8538 6 147 166
0.2742 1.4499 -0.8530 7 147 166
0.2769 1.4500 -0.8521 7 147 167
0.2796 1.4501 -0.8513 7 147 167
0.2823 1.4502 -0.8505 7 147 168
0.2850 1.4504 -0.8497 7 147 168
0.2876 1.4505 -0.8488 7 147 168
0.2903 1.4506 -0.8480 7 147 169
0.2930 1.4508 -0.8471 7 147 169
0.2957 1.4509 -0.8462 8 147 169
0.2984 1.4510 -0.8454 8 148 170
0.3010 1.4511 -0.8445 8 148 170
0.3037 1.4512 -0.8436 8 148 171
0.3064 1.4514 -0.8427 8 148 171
0.3090 1.4515 -0.8418 8 148 171
0.3117 1.4516 -0.8409 8 148 172
0.3144 1.4518 -0.8399 9 148 172
0.3170 1.4519 -0.8390 9 148 172
0.3197 1.4520 -0.8381 9 148 173
0.3223 1.4521 -0.8371 9 148 173
0.3250 1.4522 -0.8361 9 148 174
0.3276 1.4524 -0.8352 9 148 174
0.3303 1.4525 -0.8342 9 148 174
0.3329 1.4526 -0.8332 10 148 175
0.3356 1.4527 -0.8322 10 148 175
0.3382 1.4529 -0.8312 10 148 175
0.3408 1.4530 -0.8302 10 148 176
0.3435 1.4531 -0.8292 10 148 176
0.3461 1.4533 -0.8282 10 148 176
0.3487 1.4534 -0.8271 10 148 177
0.3513 1.4535 -0.8261 11 148 177
0.3539 1.4536 -0.8250 11 148 178
0.3566 1.4538 -0.8240 11 148 178
0.3592 1.4539 -0.8229 11 148 178
0.3618 1.4540 -0.8218 11 148 179
0.3644 1.4541 -0.8207 11 148 179
0.3670 1.4543 -0.8196 12 148 179
0.3696 1.4544 -0.8185 12 148 180
0.3722 1.4545 -0.8174 12 148 180
0.3748 1.4546 -0.8163 12 148 180
0.3774 1.4547 -0.8152 12 148 181
0.3799 1.4549 -0.8140 12 148 181
0.3825 1.4550 -0.8129 13 148 182
0.3851 1.4551 -0.8117 13 148 182
0.3877 1.4552 -0.8106 13 148 182
0.3902 1.4554 -0.8094 13 148 183
0.3928 1.4555 -0.8082 13 148 183
0.3954 1.4556 -0.8071 13 148 183
0.3979 1.4558 -0.8059 14 148 184
0.4005 1.4559 -0.8047 14 148 184
0.4030 1.4560 -0.8035 14 148 184
0.4056 1.4561 -0.8022 14 148 185
0.4081 1.4563 -0.8010 14 148 185
0.4107 1.4564 -0.7998 15 148 186
0.4132 1.4565 -0.7985 15 148 186
0.4158 1.4566 -0.7973 15 148 186
0.4183 1.4567 -0.7960 15 148 187
0.4208 1.4569 -0.7948 15 148 187
0.4233 1.4570 -0.7935 15 148 187
0.4259 1.4571 -0.7922 16 148 188
0.4284 1.4572 -0.7909 16 148 188
0.4309 1.4574 -0.7896 16 148 188
0.4334 1.4575 -0.7883 16 148 189
0.4359 1.4576 -0.7870 16 148 189
0.4384 1.4577 -0.7857 17 148 189
0.4409 1.4579 -0.7844 17 148 190
0.4434 1.4580 -0.7830 17 148 190
0.4459 1.4581 -0.7817 17 148 190
0.4483 1.4583 -0.7803 17 148 191
0.4508 1.4584 -0.7790 18 148 191
0.4533 1.4585 -0.7776 18 148 191
0.4558 1.4586 -0.7762 18 148 192
0.4582 1.4587 -0.7748 18 148 192
0.4607 1.4589 -0.7734 18 148 192
0.4632 1.4590 -0.7720 19 148 193
0.4656 1.4591 -0.7706 19 148 193
0.4681 1.4592 -0.7692 19 148 194
0.4705 1.4594 -0.7678 19 148 194
0.4730 1.4595 -0.7664 19 148 194
0.4754 1.4596 -0.7649 20 148 195
0.4778 1.4597 -0.7635 20 148 195
0.4802 1.4599 -0.7620 20 148 195
0.4827 1.4600 -0.7606 20 148 196
0.4851 1.4601 -0.7591 20 148 196
0.4875 1.4602 -0.7576 21 148 196
0.4899 1.4604 -0.7561 21 148 197
0.4923 1.4605 -0.7546 21 148 197
0.4947 1.4606 -0.7531 21 148 197
0.4971 1.4607 -0.7516 22 148 198
0.4995 1.4609 -0.7501 22 149 198
0.5019 1.4610 -0.7486 22 149 198
0.5043 1.4611 -0.7471 22 149 199
0.5067 1.4613 -0.7455 22 149 199
0.5090 1.4614 -0.7440 23 149 199
0.5114 1.4615 -0.7424 23 149 200
0.5138 1.4616 -0.7409 23 149 200
0.5161 1.4617 -0.7393 23 149 200
0.5185 1.4619 -0.7377 24 149 201
0.5208 1.4620 -0.7361 24 149 201
0.5232 1.4621 -0.7346 24 149 201
0.5255 1.4623 -0.7330 24 149 202
0.5279 1.4624 -0.7313 25 149 202
0.5302 1.4625 -0.7297 25 149 202
0.5325 1.4626 -0.7281 25 149 202
0.5348 1.4627 -0.7265 25 149 203
0.5371 1.4629 -0.7248 25 149 203
0.5395 1.4630 -0.7232 26 149 203
0.5418 1.4631 -0.7216 26 149 204
0.5441 1.4633 -0.7199 26 149 204
0.5464 1.4634 -0.7182 26 149 204
0.5486 1.4635 -0.7166 27 149 205
0.5509 1.4636 -0.7149 27 149 205
0.5532 1.4638 -0.7132 27 149 205
0.5555 1.4639 -0.7115 27 149 206
0.5578 1.4640 -0.7098 28 149 206
0.5600 1.4641 -0.7081 28 149 206
0.5623 1.4643 -0.7064 28 149 207
0.5645 1.4644 -0.7047 28 149 207
0.5668 1.4645 -0.7029 29 149 207
0.5690 1.4646 -0.7012 29 149 208
0.5713 1.4647 -0.6994 29 149 208
0.5735 1.4649 -0.6977 29 149 208
0.5757 1.4650 -0.6959 30 149 208
0.5779 1.4651 -0.6942 30 149 209
0.5802 1.4652 -0.6924 30 149 209
0.5824 1.4654 -0.6906 30 149 209
0.5846 1.4655 -0.6888 31 149 210
0.5868 1.4656 -0.6870 31 149 210
0.5890 1.4658 -0.6852 31 149 210
0.5912 1.4659 -0.6834 31 149 211
0.5933 1.4660 -0.6816 32 149 211
0.5955 1.4661 -0.6798 32 149 211
0.5977 1.4663 -0.6780 32 149 211
0.5999 1.4664 -0.6761 33 149 212
0.6020 1.4665 -0.6743 33 149 212
0.6042 1.4666 -0.6724 33 149 212
0.6063 1.4667 -0.6706 33 149 213
0.6085 1.4669 -0.6687 34 149 213
0.6106 1.4670 -0.6668 34 149 213
0.6127 1.4671 -0.6650 34 149 214
0.6149 1.4672 -0.6631 34 149 214
0.6170 1.4674 -0.6612 35 149 214
0.6191 1.4675 -0.6593 35 149 214
0.6212 1.4676 -0.6574 35 149 215
0.6233 1.4677 -0.6555 35 149 215
0.6254 1.4679 -0.6535 36 149 215
0.6275 1.4680 -0.6516 36 149 216
0.6296 1.4681 -0.6497 36 149 216
0.6317 1.4683 -0.6478 37 149 216
0.6337 1.4684 -0.6458 37 149 216
0.6358 1.4685 -0.6439 37 149 217
0.6379 1.4686 -0.6419 37 149 217
0.6399 1.4688 -0.6399 38 149 217
0.6420 1.4689 -0.6380 38 149 218
0.6440 1.4690 -0.6360 38 149 218
0.6461 1.4691 -0.6340 39 149 218
0.6481 1.4692 -0.6320 39 149 218
0.6501 1.4694 -0.6300 39 149 219
0.6521 1.4695 -0.6280 39 149 219
0.6542 1.4696 -0.6260 40 149 219
0.6562 1.4697 -0.6240 40 149 220
0.6582 1.4699 -0.6220 40 149 220
0.6602 1.4700 -0.6199 41 149 220
0.6621 1.4701 -0.6179 41 149 220
0.6641 1.4702 -0.6158 41 149 221
0.6661 1.4704 -0.6138 41 149 221
0.6681 1.4705 -0.6117 42 149 221
0.6700 1.4706 -0.6097 42 150 221
0.6720 1.4708 -0.6076 42 150 222
0.6739 1.4709 -0.6055 43 150 222
0.6759 1.4710 -0.6035 43 150 222
0.6778 1.4711 -0.6014 43 150 222
0.6798 1.4712 -0.5993 44 150 223
0.6817 1.4714 -0.5972 44 150 223
0.6836 1.4715 -0.5951 44 150 223
0.6855 1.4716 -0.5930 44 150 224
0.6874 1.4718 -0.5908 45 150 224
0.6893 1.4719 -0.5887 45 150 224
0.6912 1.4720 -0.5866 45 150 224
0.6931 1.4721 -0.5845 46 150 225
0.6950 1.4722 -0.5823 46 150 225
0.6968 1.4724 -0.5802 46 150 225
0.6987 1.4725 -0.5780 47 150 225
0.7006 1.4726 -0.5759 47 150 226
0.7024 1.4728 -0.5737 47 150 226
0.7043 1.4729 -0.5715 47 150 226
0.7061 1.4730 -0.5693 48 150 226
0.7079 1.4731 -0.5672 48 150 227
0.7098 1.4733 -0.5650 48 150 227
0.7116 1.4734 -0.5628 49 150 227
0.7134 1.4735 -0.5606 49 150 227
0.7152 1.4736 -0.5584 49 150 228
0.7170 1.4738 -0.5562 50 150 228
0.7188 1.4739 -0.5539 50 150 228
0.7206 1.4740 -0.5517 50 150 228
0.7223 1.4741 -0.5495 51 150 229
0.7241 1.4743 -0.5472 51 150 229
0.7259 1.4744 -0.5450 51 150 229
0.7276 1.4745 -0.5428 52 150 229
0.7294 1.4746 -0.5405 52 150 230
0.7311 1.4748 -0.5382 52 150 230
0.7329 1.4749 -0.5360 53 150 230
0.7346 1.4750 -0.5337 53 150 230
0.7363 1.4751 -0.5314 53 150 230
0.7380 1.4752 -0.5292 53 150 231
0.7397 1.4754 -0.5269 54 150 231
0.7414 1.4755 -0.5246 54 150 231
0.7431 1.4756 -0.5223 54 150 231
0.7448 1.4758 -0.5200 55 150 232
0.7465 1.4759 -0.5177 55 150 232
0.7482 1.4760 -0.5154 55 150 232
0.7498 1.4761 -0.5130 56 150 232
0.7515 1.4763 -0.5107 56 150 233
0.7531 1.4764 -0.5084 56 150 233
0.7548 1.4765 -0.5060 57 150 233
0.7564 1.4766 -0.5037 57 150 233
0.7580 1.4768 -0.5014 57 150 233
0.7597 1.4769 -0.4990 58 150 234
0.7613 1.4770 -0.4967 58 150 234
0.7629 1.4771 -0.4943 58 150 234
0.7645 1.4772 -0.4919 59 150 234
0.7661 1.4774 -0.4896 59 150 235
0.7677 1.4775 -0.4872 59 150 235
0.7692 1.4776 -0.4848 60 150 235
0.7708 1.4777 -0.4824 60 150 235
0.7724 1.4779 -0.4800 60 150 235
0.7739 1.4780 -0.4776 61 150 236
0.7755 1.4781 -0.4752 61 150 236
0.7770 1.4783 -0.4728 61 150 236
0.7785 1.4784 -0.4704 62 150 236
0.7801 1.4785 -0.4680 62 150 236
0.7816 1.4786 -0.4656 63 150 237
0.7831 1.4788 -0.4631 63 150 237
0.7846 1.4789 -0.4607 63 150 237
0.7861 1.4790 -0.4583 64 150 237
0.7876 1.4791 -0.4558 64 150 237
0.7891 1.4792 -0.4534 64 150 238
0.7905 1.4794 -0.4509 65 150 238
0.7920 1.4795 -0.4485 65 150 238
0.7935 1.4796 -0.4460 65 150 238
0.7949 1.4797 -0.4435 66 150 238
0.7964 1.4799 -0.4411 66 150 239
0.7978 1.4800 -0.4386 66 150 239
0.7992 1.4801 -0.4361 67 150 239
0.8006 1.4802 -0.4336 67 150 239
0.8020 1.4804 -0.4311 67 150 239
0.8034 1.4805 -0.4286 68 151 240
0.8048 1.4806 -0.4261 68 151 240
0.8062 1.4808 -0.4236 68 151 240
0.8076 1.4809 -0.4211 69 151 240
0.8090 1.4810 -0.4186 69 151 240
0.8104 1.4811 -0.4161 69 151 240
0.8117 1.4813 -0.4136 70 151 241
0.8131 1.4814 -0.4111 70 151 241
0.8144 1.4815 -0.4085 71 151 241
0.8157 1.4816 -0.4060 71 151 241
0.8171 1.4817 -0.4035 71 151 241
0.8184 1.4819 -0.4009 72 151 242
0.8197 1.4820 -0.3984 72 151 242
0.8210 1.4821 -0.3958 72 151 242
0.8223 1.4823 -0.3933 73 151 242
0.8236 1.4824 -0.3907 73 151 242
0.8248 1.4825 -0.3881 73 151 242
0.8261 1.4826 -0.3856 74 151 243
0.8274 1.4827 -0.3830 74 151 243
0.8286 1.4829 -0.3804 75 151 243
0.8299 1.4830 -0.3778 75 151 243
0.8311 1.4831 -0.3753 75 151 243
0.8323 1.4833 -0.3727 76 151 243
0.8336 1.4834 -0.3701 76 151 244
0.8348 1.4835 -0.3675 76 151 244
0.8360 1.4836 -0.3649 77 151 244
0.8372 1.4838 -0.3623 77 151 244
0.8384 1.4839 -0.3597 77 151 244
0.8395 1.4840 -0.3571 78 151 244
0.8407 1.4841 -0.3544 78 151 245
0.8419 1.4843 -0.3518 79 151 245
0.8430 1.4844 -0.3492 79 151 245
0.8442 1.4845 -0.3466 79 151 245
0.8453 1.4846 -0.3439 80 151 245
0.8465 1.4848 -0.3413 80 151 245
0.8476 1.4849 -0.3387 80 151 245
0.8487 1.4850 -0.3360 81 151 246
0.8498 1.4851 -0.3334 81 151 246
0.8509 1.4852 -0.3307 81 151 246
0.8520 1.4854 -0.3281 82 151 246
0.8531 1.4855 -0.3254 82 151 246
0.8542 1.4856 -0.3228 83 151 246
0.8552 1.4858 -0.3201 83 151 246
0.8563 1.4859 -0.3174 83 151 247
0.8573 1.4860 -0.3148 84 151 247
0.8584 1.4861 -0.3121 84 151 247
0.8594 1.4863 -0.3094 84 151 247
0.8604 1.4864 -0.3067 85 151 247
0.8614 1.4865 -0.3040 85 151 247
0.8624 1.4866 -0.3013 86 151 247
0.8634 1.4868 -0.2987 86 151 248
0.8644 1.4869 -0.2960 86 151 248
0.8654 1.4870 -0.2933 87 151 248
0.8664 1.4871 -0.2906 87 151 248
0.8674 1.4872 -0.2879 87 151 248
0.8683 1.4874 -0.2852 88 151 248
0.8693 1.4875 -0.2824 88 151 248
0.8702 1.4876 -0.2797 89 151 248
0.8711 1.4877 -0.2770 89 151 249
0.8721 1.4879 -0.2743 89 151 249
0.8730 1.4880 -0.2716 90 151 249
0.8739 1.4881 -0.2688 90 151 249
0.8748 1.4883 -0.2661 91 151 249
0.8757 1.4884 -0.2634 91 151 249
0.8765 1.4885 -0.2606 91 151 249
0.8774 1.4886 -0.2579 92 151 249
0.8783 1.4888 -0.2552 92 151 249
0.8791 1.4889 -0.2524 92 151 250
0.8800 1.4890 -0.2497 93 151 250
0.8808 1.4891 -0.2469 93 151 250
0.8817 1.4892 -0.2442 94 151 250
0.8825 1.4894 -0.2414 94 151 250
0.8833 1.4895 -0.2387 94 151 250
0.8841 1.4896 -0.2359 95 151 250
0.8849 1.4897 -0.2331 95 151 250
0.8857 1.4899 -0.2304 96 151 250
0.8864 1.4900 -0.2276 96 151 251
0.8872 1.4901 -0.2248 96 151 251
0.8880 1.4902 -0.2221 97 152 251
0.8887 1.4904 -0.2193 97 152 251
0.8895 1.4905 -0.2165 97 152 251
0.8902 1.4906 -0.2137 98 152 251
0.8909 1.4908 -0.2109 98 152 251
0.8916 1.4909 -0.2081 99 152 251
0.8924 1.4910 -0.2054 99 152 251
0.8931 1.4911 -0.2026 99 152 251
0.8937 1.4912 -0.1998 100 152 251
0.8944 1.4914 -0.1970 100 152 252
0.8951 1.4915 -0.1942 101 152 252
0.8958 1.4916 -0.1914 101 152 252
0.8964 1.4918 -0.1886 101 152 252
0.8971 1.4919 -0.1858 102 152 252
0.8977 1.4920 -0.1830 102 152 252
0.8983 1.4921 -0.1802 103 152 252
0.8990 1.4922 -0.1773 103 152 252
0.8996 1.4924 -0.1745 103 152 252
0.9002 1.4925 -0.1717 104 152 252
0.9008 1.4926 -0.1689 104 152 252
0.9013 1.4928 -0.1661 104 152 252
0.9019 1.4929 -0.1633 105 152 252
0.9025 1.4930 -0.1604 105 152 253
0.9030 1.4931 -0.1576 106 152 253
0.9036 1.4933 -0.1548 106 152 253
0.9041 1.4934 -0.1520 106 152 253
0.9047 1.4935 -0.1491 107 152 253
0.9052 1.4936 -0.1463 107 152 253
0.9057 1.4938 -0.1435 108 152 253
0.9062 1.4939 -0.1406 108 152 253
0.9067 1.4940 -0.1378 108 152 253
0.9072 1.4941 -0.1349 109 152 253
0.9077 1.4943 -0.1321 109 152 253
0.9081 1.4944 -0.1292 110 152 253
0.9086 1.4945 -0.1264 110 152 253
0.9091 1.4946 -0.1236 110 152 253
0.9095 1.4948 -0.1207 111 152 253
0.9099 1.4949 -0.1179 111 152 253
0.9104 1.4950 -0.1150 112 152 253
0.9108 1.4951 -0.1122 112 152 254
0.9112 1.4952 -0.1093 112 152 254
0.9116 1.4954 -0.1064 113 152 254
0.9120 1.4955 -0.1036 113 152 254
0.9124 1.4956 -0.1007 114 152 254
0.9127 1.4958 -0.0979 114 152 254
0.9131 1.4959 -0.0950 114 152 254
0.9134 1.4960 -0.0921 115 152 254
0.9138 1.4961 -0.0893 115 152 254
0.9141 1.4963 -0.0864 116 152 254
0.9145 1.4964 -0.0835 116 152 254
0.9148 1.4965 -0.0807 116 152 254
0.9151 1.4966 -0.0778 117 152 254
0.9154 1.4968 -0.0749 117 152 254
0.9157 1.4969 -0.0721 118 152 254
0.9160 1.4970 -0.0692 118 152 254
0.9162 1.4971 -0.0663 118 152 254
0.9165 1.4972 -0.0634 119 152 254
0.9167 1.4974 -0.0606 119 152 254
0.9170 1.4975 -0.0577 120 152 254
0.9172 1.4976 -0.0548 120 152 254
0.9175 1.4977 -0.0519 120 152 254
0.9177 1.4979 -0.0491 121 152 254
0.9179 1.4980 -0.0462 121 152 254
0.9181 1.4981 -0.0433 122 152 254
0.9183 1.4983 -0.0404 122 152 254
0.9185 1.4984 -0.0375 122 152 254
0.9186 1.4985 -0.0346 123 152 254
0.9188 1.4986 -0.0318 123 152 254
0.9189 1.4988 -0.0289 124 152 254
0.9191 1.4989 -0.0260 124 152 254
0.9192 1.4990 -0.0231 124 152 254
0.9194 1.4991 -0.0202 125 152 254
0.9195 1.4992 -0.0173 125 152 254
0.9196 1.4994 -0.0144 126 152 254
0.9197 1.4995 -0.0116 126 152 254
0.9198 1.4996 -0.0087 126 152 254
0.9199 1.4997 -0.0058 127 152 254
0.9199 1.4999 -0.0029 127 152 254
0.9200 1.5000 -0.0000 127 153 255
0.9201 1.5001 0.0029 128 153 254
0.9201 1.5002 0.0058 128 153 254
0.9201 1.5004 0.0087 129 153 254
0.9202 1.5005 0.0116 129 153 254
0.9202 1.5006 0.0145 129 153 254
0.9202 1.5007 0.0173 130 153 254
0.9202 1.5009 0.0202 130 153 254
0.9202 1.5010 0.0231 131 153 254
0.9202 1.5011 0.0260 131 153 254
0.9201 1.5013 0.0289 131 153 254
0.9201 1.5014 0.0318 132 153 254
0.9201 1.5015 0.0347 132 153 254
0.9200 1.5016 0.0376 133 153 254
0.9199 1.5017 0.0405 133 153 254
0.9199 1.5019 0.0434 133 153 254
0.9198 1.5020 0.0463 134 153 254
0.9197 1.5021 0.0492 134 153 254
0.9196 1.5023 0.0521 135 153 254
0.9195 1.5024 0.0550 135 153 254
0.9194 1.5025 0.0578 135 153 254
0.9193 1.5026 0.0607 136 153 254
0.9191 1.5027 0.0636 136 153 254
0.9190 1.5029 0.0665 137 153 254
0.9188 1.5030 0.0694 137 153 254
0.9187 1.5031 0.0723 137 153 254
0.9185 1.5032 0.0752 138 153 254
0.9183 1.5034 0.0781 138 153 254
0.9181 1.5035 0.0810 139 153 254
0.9179 1.5036 0.0839 139 153 254
0.9177 1.5038 0.0867 139 153 254
0.9175 1.5039 0.0896 140 153 254
0.9173 1.5040 0.0925 140 153 254
0.9170 1.5041 0.0954 141 153 254
0.9168 1.5043 0.0983 141 153 254
0.9165 1.5044 0.1012 141 153 254
0.9163 1.5045 0.1041 142 153 254
0.9160 1.5046 0.1070 142 153 254
0.9157 1.5048 0.1098 143 153 254
0.9154 1.5049 0.1127 143 153 254
0.9151 1.5050 0.1156 143 153 253
0.9148 1.5051 0.1185 144 153 253
0.9145 1.5052 0.1214 144 153 253
0.9142 1.5054 0.1243 145 153 253
0.9138 1.5055 0.1271 145 153 253
0.9135 1.5056 0.1300 145 153 253
0.9131 1.5057 0.1329 146 153 253
0.9128 1.5059 0.1358 146 153 253
0.9124 1.5060 0.1386 147 153 253
0.9120 1.5061 0.1415 147 153 253
0.9116 1.5063 0.1444 147 153 253
0.9112 1.5064 0.1473 148 153 253
0.9108 1.5065 0.1501 148 153 253
0.9104 1.5066 0.1530 149 153 253
0.9100 1.5068 0.1559 149 153 253
0.9096 1.5069 0.1587 149 153 253
0.9091 1.5070 0.1616 150 153 253
0.9087 1.5071 0.1645 150 153 252
0.9082 1.5072 0.1673 151 153 252
0.9077 1.5074 0.1702 151 153 252
0.9072 1.5075 0.1731 151 153 252
0.9068 1.5076 0.1759 152 153 252
0.9063 1.5077 0.1788 152 153 252
0.9057 1.5079 0.1816 152 153 252
0.9052 1.5080 0.1845 153 153 252
0.9047 1.5081 0.1874 153 153 252
0.9042 1.5082 0.1902 154 153 252
0.9036 1.5084 0.1931 154 153 252
0.9031 1.5085 0.1959 154 153 252
0.9025 1.5086 0.1988 155 153 252
0.9019 1.5088 0.2016 155 153 251
0.9014 1.5089 0.2045 156 153 251
0.9008 1.5090 0.2073 156 153 251
0.9002 1.5091 0.2101 156 153 251
0.8996 1.5092 0.2130 157 153 251
0.8990 1.5094 0.2158 157 153 251
0.8983 1.5095 0.2187 158 153 251
0.8977 1.5096 0.2215 158 153 251
0.8971 1.5097 0.2243 158 153 251
0.8964 1.5099 0.2272 159 154 251
0.8957 1.5100 0.2300 159 154 251
0.8951 1.5101 0.2328 159 154 250
0.8944 1.5102 0.2356 160 154 250
0.8937 1.5104 0.2385 160 154 250
0.8930 1.5105 0.2413 161 154 250
0.8923 1.5106 0.2441 161 154 250
0.8916 1.5107 0.2469 161 154 250
0.8909 1.5109 0.2497 162 154 250
0.8901 1.5110 0.2526 162 154 250
0.8894 1.5111 0.2554 163 154 250
0.8887 1.5112 0.2582 163 154 249
0.8879 1.5114 0.2610 163 154 249
0.8871 1.5115 0.2638 164 154 249
0.8864 1.5116 0.2666 164 154 249
0.8856 1.5118 0.2694 164 154 249
0.8848 1.5119 0.2722 165 154 249
0.8840 1.5120 0.2750 165 154 249
0.8832 1.5121 0.2778 166 154 249
0.8823 1.5122 0.2806 166 154 249
0.8815 1.5124 0.2834 166 154 248
0.8807 1.5125 0.2861 167 154 248
0.8798 1.5126 0.2889 167 154 248
0.8790 1.5128 0.2917 168 154 248
0.8781 1.5129 0.2945 168 154 248
0.8772 1.5130 0.2973 168 154 248
0.8764 1.5131 0.3000 169 154 248
0.8755 1.5132 0.3028 169 154 248
0.8746 1.5134 0.3056 169 154 247
0.8737 1.5135 0.3084 170 154 247
0.8727 1.5136 0.3111 170 154 247
0.8718 1.5138 0.3139 171 154 247
0.8709 1.5139 0.3166 171 154 247
0.8699 1.5140 0.3194 171 154 247
0.8690 1.5141 0.3221 172 154 247
0.8680 1.5143 0.3249 172 154 246
0.8671 1.5144 0.3276 172 154 246
0.8661 1.5145 0.3304 173 154 246
0.8651 1.5146 0.3331 173 154 246
0.8641 1.5148 0.3359 174 154 246
0.8631 1.5149 0.3386 174 154 246
0.8621 1.5150 0.3413 174 154 246
0.8611 1.5151 0.3441 175 154 245
0.8600 1.5152 0.3468 175 154 245
0.8590 1.5154 0.3495 175 154 245
0.8580 1.5155 0.3522 176 154 245
0.8569 1.5156 0.3549 176 154 245
0.8558 1.5157 0.3577 176 154 245
0.8548 1.5159 0.3604 177 154 245
0.8537 1.5160 0.3631 177 154 244
0.8526 1.5161 0.3658 178 154 244
0.8515 1.5163 0.3685 178 154 244
0.8504 1.5164 0.3712 178 154 244
0.8493 1.5165 0.3739 179 154 244
0.8481 1.5166 0.3766 179 154 244
0.8470 1.5168 0.3792 179 154 243
0.8459 1.5169 0.3819 180 154 243
0.8447 1.5170 0.3846 180 154 243
0.8436 1.5171 0.3873 180 154 243
0.8424 1.5172 0.3900 181 154 243
0.8412 1.5174 0.3926 181 154 243
0.8400 1.5175 0.3953 182 154 242
0.8388 1.5176 0.3980 182 154 242
0.8376 1.5177 0.4006 182 154 242
0.8364 1.5179 0.4033 183 154 242
0.8352 1.5180 0.4059 183 154 242
0.8340 1.5181 0.4086 183 154 242
0.8328 1.5182 0.4112 184 154 241
0.8315 1.5184 0.4139 184 154 241
0.8303 1.5185 0.4165 184 154 241
0.8290 1.5186 0.4191 185 154 241
0.8277 1.5188 0.4218 185 154 241
0.8265 1.5189 0.4244 186 154 240
0.8252 1.5190 0.4270 186 154 240
0.8239 1.5191 0.4296 186 154 240
0.8226 1.5192 0.4322 187 154 240
0.8213 1.5194 0.4348 187 154 240
0.8200 1.5195 0.4375 187 154 240
0.8186 1.5196 0.4401 188 155 239
0.8173 1.5197 0.4427 188 155 239
0.8160 1.5199 0.4452 188 155 239
0.8146 1.5200 0.4478 189 155 239
0.8133 1.5201 0.4504 189 155 239
0.8119 1.5202 0.4530 189 155 238
0.8105 1.5204 0.4556 190 155 238
0.8091 1.5205 0.4582 190 155 238
0.8077 1.5206 0.4607 190 155 238
0.8063 1.5207 0.4633 191 155 238
0.8049 1.5209 0.4659 191 155 237
0.8035 1.5210 0.4684 191 155 237
0.8021 1.5211 0.4710 192 155 237
0.8007 1.5213 0.4735 192 155 237
0.7992 1.5214 0.4761 192 155 237
0.7978 1.5215 0.4786 193 155 236
0.7963 1.5216 0.4811 193 155 236
0.7949 1.5217 0.4837 194 155 236
0.7934 1.5219 0.4862 194 155 236
0.7919 1.5220 0.4887 194 155 236
0.7904 1.5221 0.4912 195 155 235
0.7889 1.5223 0.4937 195 155 235
0.7874 1.5224 0.4962 195 155 235
0.7859 1.5225 0.4987 196 155 235
0.7844 1.5226 0.5012 196 155 235
0.7829 1.5227 0.5037 196 155 234
0.7813 1.5229 0.5062 197 155 234
0.7798 1.5230 0.5087 197 155 234
0.7782 1.5231 0.5112 197 155 234
0.7767 1.5232 0.5137 198 155 233
0.7751 1.5234 0.5161 198 155 233
0.7735 1.5235 0.5186 198 155 233
0.7719 1.5236 0.5211 199 155 233
0.7703 1.5238 0.5235 199 155 233
0.7687 1.5239 0.5260 199 155 232
0.7671 1.5240 0.5284 200 155 232
0.7655 1.5241 0.5309 200 155 232
0.7639 1.5243 0.5333 200 155 232
0.7623 1.5244 0.5357 201 155 231
0.7606 1.5245 0.5382 201 155 231
0.7590 1.5246 0.5406 201 155 231
0.7573 1.5248 0.5430 202 155 231
0.7557 1.5249 0.5454 202 155 230
0.7540 1.5250 0.5478 202 155 230
0.7523 1.5251 0.5502 202 155 230
0.7506 1.5252 0.5526 203 155 230
0.7490 1.5254 0.5550 203 155 230
0.7473 1.5255 0.5574 203 155 229
0.7455 1.5256 0.5598 204 155 229
0.7438 1.5257 0.5621 204 155 229
0.7421 1.5259 0.5645 204 155 229
0.7404 1.5260 0.5669 205 155 228
0.7386 1.5261 0.5692 205 155 228
0.7369 1.5263 0.5716 205 155 228
0.7351 1.5264 0.5739 206 155 228
0.7334 1.5265 0.5763 206 155 227
0.7316 1.5266 0.5786 206 155 227
0.7298 1.5268 0.5810 207 155 227
0.7281 1.5269 0.5833 207 155 227
0.7263 1.5270 0.5856 207 155 226
0.7245 1.5271 0.5879 208 155 226
0.7227 1.5272 0.5902 208 155 226
0.7209 1.5274 0.5925 208 155 226
0.7190 1.5275 0.5948 208 155 225
0.7172 1.5276 0.5971 209 155 225
0.7154 1.5277 0.5994 209 155 225
0.7135 1.5279 0.6017 209 155 225
0.7117 1.5280 0.6040 210 155 224
0.7098 1.5281 0.6063 210 155 224
0.7080 1.5282 0.6085 210 155 224
0.7061 1.5284 0.6108 211 155 224
0.7042 1.5285 0.6130 211 155 223
0.7023 1.5286 0.6153 211 155 223
0.7005 1.5288 0.6175 211 155 223
0.6986 1.5289 0.6198 212 155 222
0.6966 1.5290 0.6220 212 155 222
0.6947 1.5291 0.6242 212 155 222
0.6928 1.5292 0.6264 213 155 222
0.6909 1.5294 0.6287 213 155 221
0.6890 1.5295 0.6309 213 156 221
0.6870 1.5296 0.6331 214 156 221
0.6851 1.5297 0.6353 214 156 221
0.6831 1.5299 0.6375 214 156 220
0.6811 1.5300 0.6396 214 156 220
0.6792 1.5301 0.6418 215 156 220
0.6772 1.5302 0.6440 215 156 220
0.6752 1.5304 0.6462 215 156 219
0.6732 1.5305 0.6483 216 156 219
0.6712 1.5306 0.6505 216 156 219
0.6692 1.5307 0.6526 216 156 218
0.6672 1.5309 0.6548 216 156 218
0.6652 1.5310 0.6569 217 156 218
0.6632 1.5311 0.6590 217 156 218
0.6611 1.5313 0.6611 217 156 217
0.6591 1.5314 0.6633 218 156 217
0.6571 1.5315 0.6654 218 156 217
0.6550 1.5316 0.6675 218 156 216
0.6530 1.5318 0.6696 218 156 216
0.6509 1.5319 0.6717 219 156 216
0.6488 1.5320 0.6737 219 156 216
0.6467 1.5321 0.6758 219 156 215
0.6447 1.5322 0.6779 220 156 215
0.6426 1.5324 0.6800 220 156 215
0.6405 1.5325 0.6820 220 156 214
0.6384 1.5326 0.6841 220 156 214
0.6362 1.5328 0.6861 221 156 214
0.6341 1.5329 0.6882 221 156 214
0.6320 1.5330 0.6902 221 156 213
0.6299 1.5331 0.6922 221 156 213
0.6277 1.5332 0.6942 222 156 213
0.6256 1.5334 0.6963 222 156 212
0.6234 1.5335 0.6983 222 156 212
0.6213 1.5336 0.7003 222 156 212
0.6191 1.5338 0.7023 223 156 211
0.6170 1.5339 0.7042 223 156 211
0.6148 1.5340 0.7062 223 156 211
0.6126 1.5341 0.7082 224 156 211
0.6104 1.5343 0.7102 224 156 210
0.6082 1.5344 0.7121 224 156 210
0.6060 1.5345 0.7141 224 156 210
0.6038 1.5346 0.7160 225 156 209
0.6016 1.5348 0.7180 225 156 209
0.5994 1.5349 0.7199 225 156 209
0.5971 1.5350 0.7218 225 156 208
0.5949 1.5351 0.7237 226 156 208
0.5927 1.5353 0.7256 226 156 208
0.5904 1.5354 0.7276 226 156 208
0.5882 1.5355 0.7295 226 156 207
0.5859 1.5356 0.7313 227 156 207
0.5837 1.5357 0.7332 227 156 207
0.5814 1.5359 0.7351 227 156 206
0.5791 1.5360 0.7370 227 156 206
0.5768 1.5361 0.7388 228 156 206
0.5745 1.5363 0.7407 228 156 205
0.5722 1.5364 0.7425 228 156 205
0.5699 1.5365 0.7444 228 156 205
0.5676 1.5366 0.7462 229 156 204
0.5653 1.5368 0.7480 229 156 204
0.5630 1.5369 0.7499 229 156 204
0.5607 1.5370 0.7517 229 156 203
0.5584 1.5371 0.7535 230 156 203
0.5560 1.5373 0.7553 230 156 203
0.5537 1.5374 0.7571 230 156 202
0.5513 1.5375 0.7589 230 156 202
0.5490 1.5376 0.7606 230 156 202
0.5466 1.5377 0.7624 231 156 202
0.5443 1.5379 0.7642 231 156 201
0.5419 1.5380 0.7659 231 156 201
0.5395 1.5381 0.7677 231 156 201
0.5371 1.5382 0.7694 232 156 200
0.5348 1.5384 0.7711 232 156 200
0.5324 1.5385 0.7729 232 156 200
0.5300 1.5386 0.7746 232 156 199
0.5276 1.5388 0.7763 233 156 199
0.5252 1.5389 0.7780 233 156 199
0.5228 1.5390 0.7797 233 156 198
0.5203 1.5391 0.7814 233 156 198
0.5179 1.5393 0.7831 233 157 198
0.5155 1.5394 0.7847 234 157 197
0.5130 1.5395 0.7864 234 157 197
0.5106 1.5396 0.7881 234 157 197
0.5082 1.5397 0.7897 234 157 196
0.5057 1.5399 0.7914 235 157 196
0.5032 1.5400 0.7930 235 157 196
0.5008 1.5401 0.7946 235 157 195
0.4983 1.5402 0.7962 235 157 195
0.4958 1.5404 0.7979 235 157 195
0.4934 1.5405 0.7995 236 157 194
0.4909 1.5406 0.8011 236 157 194
0.4884 1.5407 0.8026 236 157 194
0.4859 1.5409 0.8042 236 157 193
0.4834 1.5410 0.8058 236 157 193
0.4809 1.5411 0.8074 237 157 192
0.4784 1.5413 0.8089 237 157 192
0.4759 1.5414 0.8105 237 157 192
0.4734 1.5415 0.8120 237 157 191
0.4708 1.5416 0.8136 237 157 191
0.4683 1.5417 0.8151 238 157 191
0.4658 1.5419 0.8166 238 157 190
0.4632 1.5420 0.8181 238 157 190
0.4607 1.5421 0.8196 238 157 190
0.4582 1.5423 0.8211 238 157 189
0.4556 1.5424 0.8226 239 157 189
0.4530 1.5425 0.8241 239 157 189
0.4505 1.5426 0.8256 239 157 188
0.4479 1.5427 0.8270 239 157 188
0.4453 1.5429 0.8285 239 157 188
0.4428 1.5430 0.8299 240 157 187
0.4402 1.5431 0.8314 240 157 187
0.4376 1.5433 0.8328 240 157 187
0.4350 1.5434 0.8342 240 157 186
0.4324 1.5435 0.8356 240 157 186
0.4298 1.5436 0.8370 240 157 186
0.4272 1.5438 0.8384 241 157 185
0.4246 1.5439 0.8398 241 157 185
0.4220 1.5440 0.8412 241 157 184
0.4194 1.5441 0.8426 241 157 184
0.4167 1.5443 0.8440 241 157 184
0.4141 1.5444 0.8453 242 157 183
0.4115 1.5445 0.8467 242 157 183
0.4088 1.5446 0.8480 242 157 183
0.4062 1.5448 0.8493 242 157 182
0.4036 1.5449 0.8507 242 157 182
0.4009 1.5450 0.8520 242 157 182
0.3983 1.5451 0.8533 243 157 181
0.3956 1.5453 0.8546 243 157 181
0.3929 1.5454 0.8559 243 157 180
0.3903 1.5455 0.8572 243 157 180
0.3876 1.5456 0.8585 243 157 180
0.3849 1.5457 0.8597 243 157 179
0.3823 1.5459 0.8610 244 157 179
0.3796 1.5460 0.8622 244 157 179
0.3769 1.5461 0.8635 244 157 178
0.3742 1.5463 0.8647 244 157 178
0.3715 1.5464 0.8659 244 157 178
0.3688 1.5465 0.8672 244 157 177
0.3661 1.5466 0.8684 245 157 177
0.3634 1.5468 0.8696 245 157 176
0.3607 1.5469 0.8708 245 157 176
0.3580 1.5470 0.8719 245 157 176
0.3552 1.5471 0.8731 245 157 175
0.3525 1.5473 0.8743 245 157 175
0.3498 1.5474 0.8754 245 157 175
0.3471 1.5475 0.8766 246 157 174
0.3443 1.5476 0.8777 246 157 174
0.3416 1.5477 0.8789 246 157 174
0.3389 1.5479 0.8800 246 157 173
0.3361 1.5480 0.8811 246 157 173
0.3334 1.5481 0.8822 246 157 172
0.3306 1.5482 0.8833 246 157 172
0.3279 1.5484 0.8844 247 157 172
0.3251 1.5485 0.8855 247 157 171
0.3223 1.5486 0.8866 247 157 171
0.3196 1.5488 0.8876 247 157 171
0.3168 1.5489 0.8887 247 157 170
0.3140 1.5490 0.8897 247 157 170
0.3112 1.5491 0.8908 247 158 169
0.3085 1.5493 0.8918 248 158 169
0.3057 1.5494 0.8928 248 158 169
0.3029 1.5495 0.8938 248 158 168
0.3001 1.5496 0.8948 248 158 168
0.2973 1.5497 0.8958 248 158 168
0.2945 1.5499 0.8968 248 158 167
0.2917 1.5500 0.8978 248 158 167
0.2889 1.5501 0.8988 248 158 166
0.2861 1.5502 0.8997 249 158 166
0.2833 1.5504 0.9007 249 158 166
0.2805 1.5505 0.9016 249 158 165
0.2777 1.5506 0.9026 249 158 165
0.2748 1.5507 0.9035 249 158 164
0.2720 1.5509 0.9044 249 158 164
0.2692 1.5510 0.9053 249 158 164
0.2664 1.5511 0.9062 249 158 163
0.2635 1.5513 0.9071 249 158 163
0.2607 1.5514 0.9080 250 158 163
0.2579 1.5515 0.9088 250 158 162
0.2550 1.5516 0.9097 250 158 162
0.2522 1.5518 0.9106 250 158 161
0.2493 1.5519 0.9114 250 158 161
0.2465 1.5520 0.9122 250 158 161
0.2436 1.5521 0.9131 250 158 160
0.2408 1.5522 0.9139 250 158 160
0.2379 1.5524 0.9147 250 158 159
0.2351 1.5525 0.9155 251 158 159
0.2322 1.5526 0.9163 251 158 159
0.2293 1.5528 0.9171 251 158 158
0.2265 1.5529 0.9179 251 158 158
0.2236 1.5530 0.9186 251 158 158
0.2207 1.5531 0.9194 251 158 157
0.2178 1.5532 0.9201 251 158 157
0.2150 1.5534 0.9209 251 158 156
0.2121 1.5535 0.9216 251 158 156
0.2092 1.5536 0.9223 251 158 156
0.2063 1.5538 0.9230 251 158 155
0.2034 1.5539 0.9237 252 158 155
0.2005 1.5540 0.9244 252 158 154
0.1976 1.5541 0.9251 252 158 154
0.1948 1.5543 0.9258 252 158 154
0.1919 1.5544 0.9264 252 158 153
0.1890 1.5545 0.9271 252 158 153
0.1861 1.5546 0.9277 252 158 152
0.1832 1.5548 0.9284 252 158 152
0.1802 1.5549 0.9290 252 158 152
0.1773 1.5550 0.9296 252 158 151
0.1744 1.5551 0.9302 252 158 151
0.1715 1.5553 0.9309 252 158 151
0.1686 1.5554 0.9314 252 158 150
0.1657 1.5555 0.9320 253 158 150
0.1628 1.5556 0.9326 253 158 149
0.1598 1.5557 0.9332 253 158 149
0.1569 1.5559 0.9337 253 158 149
0.1540 1.5560 0.9343 253 158 148
0.1511 1.5561 0.9348 253 158 148
0.1481 1.5563 0.9353 253 158 147
0.1452 1.5564 0.9359 253 158 147
0.1423 1.5565 0.9364 253 158 147
0.1393 1.5566 0.9369 253 158 146
0.1364 1.5568 0.9374 253 158 146
0.1335 1.5569 0.9378 253 158 145
0.1305 1.5570 0.9383 253 158 145
0.1276 1.5571 0.9388 253 158 145
0.1247 1.5573 0.9392 253 158 144
0.1217 1.5574 0.9397 253 158 144
0.1188 1.5575 0.9401 253 158 143
0.1158 1.5576 0.9406 254 158 143
0.1129 1.5577 0.9410 254 158 143
0.1099 1.5579 0.9414 254 158 142
0.1070 1.5580 0.9418 254 158 142
0.1040 1.5581 0.9422 254 158 141
0.1011 1.5582 0.9426 254 158 141
0.0981 1.5584 0.9429 254 158 141
0.0952 1.5585 0.9433 254 158 140
0.0922 1.5586 0.9436 254 158 140
0.0892 1.5588 0.9440 254 158 139
0.0863 1.5589 0.9443 254 159 139
0.0833 1.5590 0.9447 254 159 139
0.0803 1.5591 0.9450 254 159 138
0.0774 1.5593 0.9453 254 159 138
0.0744 1.5594 0.9456 254 159 137
0.0715 1.5595 0.9459 254 159 137
0.0685 1.5596 0.9461 254 159 137
0.0655 1.5597 0.9464 254 159 136
0.0625 1.5599 0.9467 254 159 136
0.0596 1.5600 0.9469 254 159 135
0.0566 1.5601 0.9472 254 159 135
0.0536 1.5602 0.9474 254 159 135
0.0507 1.5604 0.9476 254 159 134
0.0477 1.5605 0.9478 254 159 134
0.0447 1.5606 0.9480 254 159 133
0.0417 1.5607 0.9482 254 159 133
0.0388 1.5609 0.9484 254 159 133
0.0358 1.5610 0.9486 254 159 132
0.0328 1.5611 0.9488 254 159 132
0.0298 1.5613 0.9489 254 159 131
0.0268 1.5614 0.9491 254 159 131
0.0239 1.5615 0.9492 254 159 131
0.0209 1.5616 0.9494 254 159 130
0.0179 1.5617 0.9495 254 159 130
0.0149 1.5619 0.9496 254 159 129
0.0119 1.5620 0.9497 254 159 129
0.0090 1.5621 0.9498 254 159 129
0.0060 1.5623 0.9499 254 159 128
0.0030 1.5624 0.9499 254 159 128
-0.0000 1.5625 0.9500 255 159 127
-0.0030 1.5626 0.9501 254 159 127
-0.0060 1.5627 0.9501 254 159 127
-0.0090 1.5629 0.9501 254 159 126
-0.0119 1.5630 0.9502 254 159 126
-0.0149 1.5631 0.9502 254 159 126
-0.0179 1.5633 0.9502 254 159 125
-0.0209 1.5634 0.9502 254 159 125
-0.0239 1.5635 0.9502 254 159 124
-0.0269 1.5636 0.9502 254 159 124
-0.0299 1.5637 0.9501 254 159 124
-0.0328 1.5639 0.9501 254 159 123
-0.0358 1.5640 0.9500 254 159 123
-0.0388 1.5641 0.9500 254 159 122
-0.0418 1.5643 0.9499 254 159 122
-0.0448 1.5644 0.9498 254 159 122
-0.0478 1.5645 0.9498 254 159 121
-0.0508 1.5646 0.9497 254 159 121
-0.0538 1.5648 0.9496 254 159 120
-0.0567 1.5649 0.9494 254 159 120
-0.0597 1.5650 0.9493 254 159 120
-0.0627 1.5651 0.9492 254 159 119
-0.0657 1.5653 0.9490 254 159 119
-0.0687 1.5654 0.9489 254 159 118
-0.0717 1.5655 0.9487 254 159 118
-0.0747 1.5656 0.9486 254 159 118
-0.0776 1.5657 0.9484 254 159 117
-0.0806 1.5659 0.9482 254 159 117
-0.0836 1.5660 0.9480 254 159 116
-0.0866 1.5661 0.9478 254 159 116
-0.0896 1.5662 0.9476 254 159 116
-0.0926 1.5664 0.9473 254 159 115
-0.0955 1.5665 0.9471 254 159 115
-0.0985 1.5666 0.9469 254 159 114
-0.1015 1.5668 0.9466 254 159 114
-0.1045 1.5669 0.9464 254 159 114
-0.1075 1.5670 0.9461 254 159 113
-0.1104 1.5671 0.9458 254 159 113
-0.1134 1.5673 0.9455 254 159 112
-0.1164 1.5674 0.9452 254 159 112
-0.1194 1.5675 0.9449 253 159 112
-0.1223 1.5676 0.9446 253 159 111
-0.1253 1.5677 0.9442 253 159 111
-0.1283 1.5679 0.9439 253 159 110
-0.1313 1.5680 0.9436 253 159 110
-0.1342 1.5681 0.9432 253 159 110
-0.1372 1.5682 0.9428 253 159 109
-0.1402 1.5684 0.9425 253 159 109
-0.1431 1.5685 0.9421 253 159 108
-0.1461 1.5686 0.9417 253 159 108
-0.1491 1.5687 0.9413 253 160 108
-0.1520 1.5689 0.9409 253 160 107
-0.1550 1.5690 0.9404 253 160 107
-0.1580 1.5691 0.9400 253 160 106
-0.1609 1.5693 0.9396 253 160 106
-0.1639 1.5694 0.9391 253 160 106
-0.1669 1.5695 0.9386 253 160 105
-0.1698 1.5696 0.9382 252 160 105
-0.1728 1.5697 0.9377 252 160 104
-0.1757 1.5699 0.9372 252 160 104
-0.1787 1.5700 0.9367 252 160 104
-0.1816 1.5701 0.9362 252 160 103
-0.1846 1.5702 0.9357 252 160 103
-0.1875 1.5704 0.9352 252 160 103
-0.1905 1.5705 0.9346 252 160 102
-0.1934 1.5706 0.9341 252 160 102
-0.1964 1.5707 0.9335 252 160 101
-0.1993 1.5709 0.9330 252 160 101
-0.2023 1.5710 0.9324 252 160 101
-0.2052 1.5711 0.9318 252 160 100
-0.2082 1.5712 0.9312 251 160 100
-0.2111 1.5714 0.9306 251 160 99
-0.2140 1.5715 0.9300 251 160 99
-0.2170 1.5716 0.9294 251 160 99
-0.2199 1.5718 0.9288 251 160 98
-0.2228 1.5719 0.9281 251 160 98
-0.2258 1.5720 0.9275 251 160 97
-0.2287 1.5721 0.9268 251 160 97
-0.2316 1.5722 0.9262 251 160 97
-0.2345 1.5724 0.9255 251 160 96
-0.2374 1.5725 0.9248 251 160 96
-0.2404 1.5726 0.9241 250 160 96
-0.2433 1.5728 0.9234 250 160 95
-0.2462 1.5729 0.9227 250 160 95
-0.2491 1.5730 0.9220 250 160 94
-0.2520 1.5731 0.9212 250 160 94
-0.2549 1.5732 0.9205 250 160 94
-0.2578 1.5734 0.9198 250 160 93
-0.2607 1.5735 0.9190 250 160 93
-0.2636 1.5736 0.9182 250 160 92
-0.2665 1.5737 0.9175 249 160 92
-0.2694 1.5739 0.9167 249 160 92
-0.2723 1.5740 0.9159 249 160 91
-0.2752 1.5741 0.9151 249 160 91
-0.2781 1.5743 0.9143 249 160 91
-0.2810 1.5744 0.9135 249 160 90
-0.2839 1.5745 0.9126 249 160 90
-0.2868 1.5746 0.9118 249 160 89
-0.2897 1.5748 0.9109 249 160 89
-0.2925 1.5749 0.9101 248 160 89
-0.2954 1.5750 0.9092 248 160 88
-0.2983 1.5751 0.9083 248 160 88
-0.3012 1.5753 0.9074 248 160 87
-0.3040 1.5754 0.9066 248 160 87
-0.3069 1.5755 0.9057 248 160 87
-0.3098 1.5756 0.9047 248 160 86
-0.3126 1.5757 0.9038 248 160 86
-0.3155 1.5759 0.9029 247 160 86
-0.3183 1.5760 0.9020 247 160 85
-0.3212 1.5761 0.9010 247 160 85
-0.3240 1.5762 0.9000 247 160 84
-0.3269 1.5764 0.8991 247 160 84
-0.3297 1.5765 0.8981 247 160 84
-0.3326 1.5766 0.8971 247 160 83
-0.3354 1.5768 0.8961 246 160 83
-0.3382 1.5769 0.8951 246 160 83
-0.3411 1.5770 0.8941 246 160 82
-0.3439 1.5771 0.8931 246 160 82
-0.3467 1.5773 0.8921 246 160 81
-0.3495 1.5774 0.8910 246 160 81
-0.3524 1.5775 0.8900 246 160 81
-0.3552 1.5776 0.8889 245 160 80
-0.3580 1.5777 0.8879 245 160 80
-0.3608 1.5779 0.8868 245 160 80
-0.3636 1.5780 0.8857 245 160 79
-0.3664 1.5781 0.8846 245 160 79
-0.3692 1.5782 0.8835 245 160 79
-0.3720 1.5784 0.8824 245 160 78
-0.3748 1.5785 0.8813 244 161 78
-0.3776 1.5786 0.8802 244 161 77
-0.3804 1.5787 0.8790 244 161 77
-0.3832 1.5789 0.8779 244 161 77
-0.3860 1.5790 0.8767 244 161 76
-0.3887 1.5791 0.8756 244 161 76
-0.3915 1.5793 0.8744 243 161 76
-0.3943 1.5794 0.8732 243 161 75
-0.3970 1.5795 0.8720 243 161 75
-0.3998 1.5796 0.8708 243 161 75
-0.4026 1.5797 0.8696 243 161 74
-0.4053 1.5799 0.8684 243 161 74
-0.4081 1.5800 0.8672 242 161 73
-0.4108 1.5801 0.8660 242 161 73
-0.4136 1.5802 0.8647 242 161 73
-0.4163 1.5804 0.8635 242 161 72
-0.4190 1.5805 0.8622 242 161 72
-0.4218 1.5806 0.8609 242 161 72
-0.4245 1.5807 0.8597 241 161 71
-0.4272 1.5809 0.8584 241 161 71
-0.4299 1.5810 0.8571 241 161 71
-0.4327 1.5811 0.8558 241 161 70
-0.4354 1.5812 0.8545 241 161 70
-0.4381 1.5814 0.8532 240 161 69
-0.4408 1.5815 0.8518 240 161 69
-0.4435 1.5816 0.8505 240 161 69
-0.4462 1.5817 0.8491 240 161 68
-0.4489 1.5819 0.8478 240 161 68
-0.4516 1.5820 0.8464 240 161 68
-0.4543 1.5821 0.8451 239 161 67
-0.4569 1.5823 0.8437 239 161 67
-0.4596 1.5824 0.8423 239 161 67
-0.4623 1.5825 0.8409 239 161 66
-0.4650 1.5826 0.8395 239 161 66
-0.4676 1.5827 0.8381 238 161 66
-0.4703 1.5829 0.8367 238 161 65
-0.4729 1.5830 0.8352 238 161 65
-0.4756 1.5831 0.8338 238 161 65
-0.4782 1.5833 0.8324 238 161 64
-0.4809 1.5834 0.8309 237 161 64
-0.4835 1.5835 0.8294 237 161 64
-0.4862 1.5836 0.8280 237 161 63
-0.4888 1.5837 0.8265 237 161 63
-0.4914 1.5839 0.8250 237 161 63
-0.4940 1.5840 0.8235 236 161 62
-0.4966 1.5841 0.8220 236 161 62
-0.4993 1.5843 0.8205 236 161 61
-0.5019 1.5844 0.8190 236 161 61
-0.5045 1.5845 0.8174 236 161 61
-0.5071 1.5846 0.8159 235 161 60
-0.5097 1.5848 0.8143 235 161 60
-0.5122 1.5849 0.8128 235 161 60
-0.5148 1.5850 0.8112 235 161 59
-0.5174 1.5851 0.8097 235 161 59
-0.5200 1.5853 0.8081 234 161 59
-0.5225 1.5854 0.8065 234 161 58
-0.5251 1.5855 0.8049 234 161 58
-0.5277 1.5856 0.8033 234 161 58
-0.5302 1.5857 0.8017 233 161 57
-0.5328 1.5859 0.8001 233 161 57
-0.5353 1.5860 0.7984 233 161 57
-0.5379 1.5861 0.7968 233 161 56
-0.5404 1.5862 0.7952 233 161 56
-0.5429 1.5864 0.7935 232 161 56
-0.5454 1.5865 0.7918 232 161 55
-0.5480 1.5866 0.7902 232 161 55
-0.5505 1.5868 0.7885 232 161 55
-0.5530 1.5869 0.7868 231 161 54
-0.5555 1.5870 0.7851 231 161 54
-0.5580 1.5871 0.7834 231 161 54
-0.5605 1.5873 0.7817 231 161 53
-0.5630 1.5874 0.7800 230 161 53
-0.5654 1.5875 0.7783 230 161 53
-0.5679 1.5876 0.7765 230 161 53
-0.5704 1.5877 0.7748 230 161 52
-0.5729 1.5879 0.7731 230 161 52
-0.5753 1.5880 0.7713 229 161 52
-0.5778 1.5881 0.7695 229 161 51
-0.5802 1.5882 0.7678 229 162 51
-0.5827 1.5884 0.7660 229 162 51
-0.5851 1.5885 0.7642 228 162 50
-0.5876 1.5886 0.7624 228 162 50
-0.5900 1.5887 0.7606 228 162 50
-0.5924 1.5889 0.7588 228 162 49
-0.5948 1.5890 0.7570 227 162 49
-0.5972 1.5891 0.7552 227 162 49
-0.5996 1.5893 0.7533 227 162 48
-0.6020 1.5894 0.7515 227 162 48
-0.6044 1.5895 0.7496 226 162 48
-0.6068 1.5896 0.7478 226 162 47
-0.6092 1.5897 0.7459 226 162 47
-0.6116 1.5899 0.7440 226 162 47
-0.6140 1.5900 0.7422 225 162 47
-0.6163 1.5901 0.7403 225 162 46
-0.6187 1.5902 0.7384 225 162 46
-0.6211 1.5904 0.7365 225 162 46
-0.6234 1.5905 0.7346 224 162 45
-0.6257 1.5906 0.7327 224 162 45
-0.6281 1.5907 0.7307 224 162 45
-0.6304 1.5909 0.7288 224 162 44
-0.6327 1.5910 0.7269 223 162 44
-0.6351 1.5911 0.7249 223 162 44
-0.6374 1.5912 0.7230 223 162 44
-0.6397 1.5914 0.7210 222 162 43
-0.6420 1.5915 0.7190 222 162 43
-0.6443 1.5916 0.7171 222 162 43
-0.6466 1.5918 0.7151 222 162 42
-0.6489 1.5919 0.7131 221 162 42
-0.6511 1.5920 0.7111 221 162 42
-0.6534 1.5921 0.7091 221 162 41
-0.6557 1.5922 0.7071 221 162 41
-0.6579 1.5924 0.7050 220 162 41
-0.6602 1.5925 0.7030 220 162 41
-0.6624 1.5926 0.7010 220 162 40
-0.6647 1.5928 0.6989 220 162 40
-0.6669 1.5929 0.6969 219 162 40
-0.6691 1.5930 0.6948 219 162 39
-0.6713 1.5931 0.6928 219 162 39
-0.6736 1.5932 0.6907 218 162 39
-0.6758 1.5934 0.6886 218 162 39
-0.6780 1.5935 0.6865 218 162 38
-0.6802 1.5936 0.6845 218 162 38
-0.6824 1.5938 0.6824 217 162 38
-0.6845 1.5939 0.6803 217 162 37
-0.6867 1.5940 0.6781 217 162 37
-0.6889 1.5941 0.6760 216 162 37
-0.6911 1.5943 0.6739 216 162 37
-0.6932 1.5944 0.6718 216 162 36
-0.6954 1.5945 0.6696 216 162 36
-0.6975 1.5946 0.6675 215 162 36
-0.6996 1.5948 0.6653 215 162 35
-0.7018 1.5949 0.6632 215 162 35
-0.7039 1.5950 0.6610 214 162 35
-0.7060 1.5951 0.6588 214 162 35
-0.7081 1.5953 0.6566 214 162 34
-0.7102 1.5954 0.6545 214 162 34
-0.7123 1.5955 0.6523 213 162 34
-0.7144 1.5956 0.6501 213 162 34
-0.7165 1.5958 0.6479 213 162 33
-0.7186 1.5959 0.6456 212 162 33
-0.7206 1.5960 0.6434 212 162 33
-0.7227 1.5961 0.6412 212 162 33
-0.7248 1.5962 0.6390 211 162 32
-0.7268 1.5964 0.6367 211 162 32
-0.7288 1.5965 0.6345 211 162 32
-0.7309 1.5966 0.6322 211 162 31
-0.7329 1.5968 0.6300 210 162 31
-0.7349 1.5969 0.6277 210 162 31
-0.7369 1.5970 0.6254 210 162 31
-0.7390 1.5971 0.6231 209 162 30
-0.7410 1.5973 0.6209 209 162 30
-0.7429 1.5974 0.6186 209 162 30
-0.7449 1.5975 0.6163 208 162 30
-0.7469 1.5976 0.6140 208 162 29
-0.7489 1.5978 0.6116 208 162 29
-0.7508 1.5979 0.6093 208 162 29
-0.7528 1.5980 0.6070 207 162 29
-0.7548 1.5981 0.6047 207 163 28
-0.7567 1.5982 0.6023 207 163 28
-0.7586 1.5984 0.6000 206 163 28
-0.7606 1.5985 0.5976 206 163 28
-0.7625 1.5986 0.5953 206 163 27
-0.7644 1.5987 0.5929 205 163 27
-0.7663 1.5989 0.5906 205 163 27
-0.7682 1.5990 0.5882 205 163 27
-0.7701 1.5991 0.5858 204 163 26
-0.7720 1.5993 0.5834 204 163 26
-0.7739 1.5994 0.5810 204 163 26
-0.7757 1.5995 0.5786 203 163 26
-0.7776 1.5996 0.5762 203 163 25
-0.7794 1.5998 0.5738 203 163 25
-0.7813 1.5999 0.5714 202 163 25
-0.7831 1.6000 0.5690 202 163 25
-0.7850 1.6001 0.5665 202 163 25
-0.7868 1.6002 0.5641 202 163 24
-0.7886 1.6004 0.5617 201 163 24
-0.7904 1.6005 0.5592 201 163 24
-0.7922 1.6006 0.5568 201 163 24
-0.7940 1.6007 0.5543 200 163 23
-0.7958 1.6009 0.5519 200 163 23
-0.7976 1.6010 0.5494 200 163 23
-0.7993 1.6011 0.5469 199 163 23
-0.8011 1.6012 0.5444 199 163 22
-0.8029 1.6014 0.5419 199 163 22
-0.8046 1.6015 0.5395 198 163 22
-0.8064 1.6016 0.5370 198 163 22
-0.8081 1.6018 0.5345 198 163 22
-0.8098 1.6019 0.5319 197 163 21
-0.8115 1.6020 0.5294 197 163 21
-0.8132 1.6021 0.5269 197 163 21
-0.8149 1.6023 0.5244 196 163 21
-0.8166 1.6024 0.5219 196 163 20
-0.8183 1.6025 0.5193 196 163 20
-0.8200 1.6026 0.5168 195 163 20
-0.8217 1.6027 0.5142 195 163 20
-0.8233 1.6029 0.5117 195 163 20
-0.8250 1.6030 0.5091 194 163 19
-0.8266 1.6031 0.5066 194 163 19
-0.8283 1.6033 0.5040 194 163 19
-0.8299 1.6034 0.5014 193 163 19
-0.8315 1.6035 0.4988 193 163 19
-0.8331 1.6036 0.4963 192 163 18
-0.8347 1.6037 0.4937 192 163 18
-0.8363 1.6039 0.4911 192 163 18
-0.8379 1.6040 0.4885 191 163 18
-0.8395 1.6041 0.4859 191 163 18
-0.8411 1.6043 0.4833 191 163 17
-0.8427 1.6044 0.4806 190 163 17
-0.8442 1.6045 0.4780 190 163 17
-0.8458 1.6046 0.4754 190 163 17
-0.8473 1.6048 0.4728 189 163 17
-0.8488 1.6049 0.4701 189 163 16
-0.8504 1.6050 0.4675 189 163 16
-0.8519 1.6051 0.4648 188 163 16
-0.8534 1.6053 0.4622 188 163 16
-0.8549 1.6054 0.4595 188 163 16
-0.8564 1.6055 0.4569 187 163 15
-0.8579 1.6056 0.4542 187 163 15
-0.8593 1.6058 0.4516 187 163 15
-0.8608 1.6059 0.4489 186 163 15
-0.8623 1.6060 0.4462 186 163 15
-0.8637 1.6061 0.4435 186 163 15
-0.8652 1.6062 0.4408 185 163 14
-0.8666 1.6064 0.4381 185 163 14
-0.8680 1.6065 0.4354 184 163 14
-0.8694 1.6066 0.4327 184 163 14
-0.8709 1.6068 0.4300 184 163 14
-0.8723 1.6069 0.4273 183 163 13
-0.8736 1.6070 0.4246 183 163 13
-0.8750 1.6071 0.4219 183 163 13
-0.8764 1.6073 0.4192 182 163 13
-0.8778 1.6074 0.4164 182 163 13
-0.8791 1.6075 0.4137 182 163 13
-0.8805 1.6076 0.4109 181 163 12
-0.8818 1.6078 0.4082 181 163 12
-0.8832 1.6079 0.4055 180 164 12
-0.8845 1.6080 0.4027 180 164 12
-0.8858 1.6081 0.4000 180 164 12
-0.8871 1.6082 0.3972 179 164 12
-0.8884 1.6084 0.3944 179 164 11
-0.8897 1.6085 0.3917 179 164 11
-0.8910 1.6086 0.3889 178 164 11
-0.8922 1.6087 0.3861 178 164 11
-0.8935 1.6089 0.3833 178 164 11
-0.8948 1.6090 0.3805 177 164 11
-0.8960 1.6091 0.3778 177 164 10
-0.8972 1.6093 0.3750 176 164 10
-0.8985 1.6094 0.3722 176 164 10
-0.8997 1.6095 0.3694 176 164 10
-0.9009 1.6096 0.3666 175 164 10
-0.9021 1.6098 0.3637 175 164 10
-0.9033 1.6099 0.3609 175 164 10
-0.9045 1.6100 0.3581 174 164 9
-0.9057 1.6101 0.3553 174 164 9
-0.9068 1.6102 0.3525 174 164 9
-0.9080 1.6104 0.3496 173 164 9
-0.9091 1.6105 0.3468 173 164 9
-0.9103 1.6106 0.3440 172 164 9
-0.9114 1.6107 0.3411 172 164 9
-0.9125 1.6109 0.3383 172 164 8
-0.9137 1.6110 0.3354 171 164 8
-0.9148 1.6111 0.3326 171 164 8
-0.9159 1.6112 0.3297 171 164 8
-0.9169 1.6114 0.3269 170 164 8
-0.9180 1.6115 0.3240 170 164 8
-0.9191 1.6116 0.3211 169 164 8
-0.9202 1.6118 0.3183 169 164 7
-0.9212 1.6119 0.3154 169 164 7
-0.9222 1.6120 0.3125 168 164 7
-0.9233 1.6121 0.3096 168 164 7
-0.9243 1.6122 0.3068 168 164 7
-0.9253 1.6124 0.3039 167 164 7
-0.9263 1.6125 0.3010 167 164 7
-0.9273 1.6126 0.2981 166 164 7
-0.9283 1.6128 0.2952 166 164 6
-0.9293 1.6129 0.2923 166 164 6
-0.9303 1.6130 0.2894 165 164 6
-0.9312 1.6131 0.2865 165 164 6
-0.9322 1.6132 0.2836 164 164 6
-0.9331 1.6134 0.2807 164 164 6
-0.9341 1.6135 0.2777 164 164 6
-0.9350 1.6136 0.2748 163 164 6
-0.9359 1.6138 0.2719 163 164 6
-0.9368 1.6139 0.2690 163 164 5
-0.9377 1.6140 0.2661 162 164 5
-0.9386 1.6141 0.2631 162 164 5
-0.9395 1.6143 0.2602 161 164 5
-0.9403 1.6144 0.2572 161 164 5
-0.9412 1.6145 0.2543 161 164 5
-0.9421 1.6146 0.2514 160 164 5
-0.9429 1.6148 0.2484 160 164 5
-0.9437 1.6149 0.2455 159 164 5
-0.9446 1.6150 0.2425 159 164 4
-0.9454 1.6151 0.2396 159 164 4
-0.9462 1.6153 0.2366 158 164 4
-0.9470 1.6154 0.2337 158 164 4
-0.9478 1.6155 0.2307 158 164 4
-0.9485 1.6156 0.2277 157 164 4
-0.9493 1.6158 0.2248 157 164 4
-0.9501 1.6159 0.2218 156 164 4
-0.9508 1.6160 0.2188 156 164 4
-0.9516 1.6161 0.2158 156 164 4
-0.9523 1.6162 0.2129 155 164 4
-0.9530 1.6164 0.2099 155 164 3
-0.9537 1.6165 0.2069 154 164 3
-0.9544 1.6166 0.2039 154 164 3
-0.9551 1.6168 0.2009 154 164 3
-0.9558 1.6169 0.1979 153 164 3
-0.9565 1.6170 0.1949 153 164 3
-0.9572 1.6171 0.1920 152 164 3
-0.9578 1.6173 0.1890 152 164 3
-0.9585 1.6174 0.1860 152 164 3
-0.9591 1.6175 0.1830 151 164 3
-0.9597 1.6176 0.1800 151 164 3
-0.9604 1.6178 0.1770 151 165 3
-0.9610 1.6179 0.1739 150 165 3
-0.9616 1.6180 0.1709 150 165 2
-0.9622 1.6181 0.1679 149 165 2
-0.9627 1.6182 0.1649 149 165 2
-0.9633 1.6184 0.1619 149 165 2
-0.9639 1.6185 0.1589 148 165 2
-0.9644 1.6186 0.1559 148 165 2
-0.9650 1.6187 0.1528 147 165 2
-0.9655 1.6189 0.1498 147 165 2
-0.9660 1.6190 0.1468 147 165 2
-0.9665 1.6191 0.1438 146 165 2
-0.9671 1.6193 0.1407 146 165 2
-0.9676 1.6194 0.1377 145 165 2
-0.9680 1.6195 0.1347 145 165 2
-0.9685 1.6196 0.1316 145 165 2
-0.9690 1.6198 0.1286 144 165 2
-0.9694 1.6199 0.1256 144 165 2
-0.9699 1.6200 0.1225 143 165 2
-0.9703 1.6201 0.1195 143 165 1
-0.9708 1.6202 0.1164 143 165 1
-0.9712 1.6204 0.1134 142 165 1
-0.9716 1.6205 0.1104 142 165 1
-0.9720 1.6206 0.1073 141 165 1
-0.9724 1.6207 0.1043 141 165 1
-0.9728 1.6209 0.1012 141 165 1
-0.9731 1.6210 0.0982 140 165 1
-0.9735 1.6211 0.0951 140 165 1
-0.9739 1.6212 0.0921 139 165 1
-0.9742 1.6214 0.0890 139 165 1
-0.9745 1.6215 0.0859 139 165 1
-0.9749 1.6216 0.0829 138 165 1
-0.9752 1.6218 0.0798 138 165 1
-0.9755 1.6219 0.0768 137 165 1
-0.9758 1.6220 0.0737 137 165 1
-0.9761 1.6221 0.0707 137 165 1
-0.9763 1.6223 0.0676 136 165 1
-0.9766 1.6224 0.0645 136 165 1
-0.9769 1.6225 0.0615 135 165 1
-0.9771 1.6226 0.0584 135 165 1
-0.9774 1.6227 0.0553 135 165 1
-0.9776 1.6229 0.0523 134 165 1
-0.9778 1.6230 0.0492 134 165 1
-0.9780 1.6231 0.0461 133 165 1
-0.9782 1.6233 0.0431 133 165 1
-0.9784 1.6234 0.0400 133 165 1
-0.9786 1.6235 0.0369 132 165 1
-0.9788 1.6236 0.0338 132 165 1
-0.9789 1.6237 0.0308 131 165 1
-0.9791 1.6239 0.0277 131 165 1
-0.9792 1.6240 0.0246 131 165 1
-0.9793 1.6241 0.0215 130 165 1
-0.9795 1.6243 0.0185 130 165 1
-0.9796 1.6244 0.0154 129 165 1
-0.9797 1.6245 0.0123 129 165 1
-0.9798 1.6246 0.0092 129 165 1
-0.9799 1.6248 0.0062 128 165 1
-0.9799 1.6249 0.0031 128 165 1
-0.9800 1.6250 -0.0000 127 165 1
-0.9801 1.6251 -0.0031 127 165 1
-0.9801 1.6253 -0.0062 127 165 1
-0.9801 1.6254 -0.0092 126 165 1
-0.9802 1.6255 -0.0123 126 165 1
-0.9802 1.6256 -0.0154 126 165 1
-0.9802 1.6258 -0.0185 125 165 1
-0.9802 1.6259 -0.0216 125 165 1
-0.9802 1.6260 -0.0246 124 165 1
-0.9801 1.6261 -0.0277 124 165 1
-0.9801 1.6262 -0.0308 124 165 1
-0.9801 1.6264 -0.0339 123 165 1
-0.9800 1.6265 -0.0370 123 165 1
-0.9800 1.6266 -0.0400 122 165 1
-0.9799 1.6267 -0.0431 122 165 1
-0.9798 1.6269 -0.0462 122 165 1
-0.9797 1.6270 -0.0493 121 165 1
-0.9796 1.6271 -0.0524 121 165 1
-0.9795 1.6273 -0.0554 120 165 1
-0.9794 1.6274 -0.0585 120 165 1
-0.9793 1.6275 -0.0616 120 166 1
-0.9791 1.6276 -0.0647 119 166 1
-0.9790 1.6278 -0.0678 119 166 1
-0.9788 1.6279 -0.0708 118 166 1
-0.9787 1.6280 -0.0739 118 166 1
-0.9785 1.6281 -0.0770 118 166 1
-0.9783 1.6282 -0.0801 117 166 1
-0.9781 1.6284 -0.0832 117 166 1
-0.9779 1.6285 -0.0862 116 166 1
-0.9777 1.6286 -0.0893 116 166 1
-0.9774 1.6287 -0.0924 116 166 1
-0.9772 1.6289 -0.0955 115 166 1
-0.9770 1.6290 -0.0985 115 166 1
-0.9767 1.6291 -0.1016 114 166 1
-0.9764 1.6292 -0.1047 114 166 1
-0.9762 1.6294 -0.1078 114 166 1
-0.9759 1.6295 -0.1108 113 166 1
-0.9756 1.6296 -0.1139 113 166 1
-0.9753 1.6298 -0.1170 112 166 1
-0.9750 1.6299 -0.1201 112 166 1
-0.9747 1.6300 -0.1231 112 166 2
-0.9743 1.6301 -0.1262 111 166 2
-0.9740 1.6302 -0.1293 111 166 2
-0.9736 1.6304 -0.1323 110 166 2
-0.9733 1.6305 -0.1354 110 166 2
-0.9729 1.6306 -0.1385 110 166 2
-0.9725 1.6307 -0.1415 109 166 2
-0.9721 1.6309 -0.1446 109 166 2
-0.9717 1.6310 -0.1477 108 166 2
-0.9713 1.6311 -0.1507 108 166 2
-0.9709 1.6312 -0.1538 108 166 2
-0.9705 1.6314 -0.1568 107 166 2
-0.9700 1.6315 -0.1599 107 166 2
-0.9696 1.6316 -0.1629 106 166 2
-0.9691 1.6317 -0.1660 106 166 2
-0.9687 1.6319 -0.1691 106 166 2
-0.9682 1.6320 -0.1721 105 166 2
-0.9677 1.6321 -0.1752 105 166 3
-0.9672 1.6322 -0.1782 104 166 3
-0.9667 1.6324 -0.1813 104 166 3
-0.9662 1.6325 -0.1843 104 166 3
-0.9657 1.6326 -0.1874 103 166 3
-0.9651 1.6328 -0.1904 103 166 3
-0.9646 1.6329 -0.1934 103 166 3
-0.9640 1.6330 -0.1965 102 166 3
-0.9635 1.6331 -0.1995 102 166 3
-0.9629 1.6332 -0.2026 101 166 3
-0.9623 1.6334 -0.2056 101 166 3
-0.9617 1.6335 -0.2086 101 166 3
-0.9611 1.6336 -0.2117 100 166 3
-0.9605 1.6338 -0.2147 100 166 4
-0.9599 1.6339 -0.2177 99 166 4
-0.9592 1.6340 -0.2208 99 166 4
-0.9586 1.6341 -0.2238 99 166 4
-0.9580 1.6342 -0.2268 98 166 4
-0.9573 1.6344 -0.2298 98 166 4
-0.9566 1.6345 -0.2328 97 166 4
-0.9560 1.6346 -0.2359 97 166 4
-0.9553 1.6348 -0.2389 97 166 4
-0.9546 1.6349 -0.2419 96 166 4
-0.9539 1.6350 -0.2449 96 166 4
-0.9531 1.6351 -0.2479 96 166 5
-0.9524 1.6353 -0.2509 95 166 5
-0.9517 1.6354 -0.2539 95 166 5
-0.9509 1.6355 -0.2569 94 166 5
-0.9502 1.6356 -0.2599 94 166 5
-0.9494 1.6358 -0.2629 94 166 5
-0.9486 1.6359 -0.2659 93 166 5
-0.9479 1.6360 -0.2689 93 166 5
-0.9471 1.6361 -0.2719 92 166 5
-0.9463 1.6362 -0.2749 92 166 6
-0.9455 1.6364 -0.2779 92 166 6
-0.9446 1.6365 -0.2809 91 166 6
-0.9438 1.6366 -0.2839 91 166 6
-0.9430 1.6367 -0.2869 91 166 6
-0.9421 1.6369 -0.2898 90 166 6
-0.9413 1.6370 -0.2928 90 166 6
-0.9404 1.6371 -0.2958 89 166 6
-0.9395 1.6373 -0.2988 89 166 6
-0.9386 1.6374 -0.3017 89 167 7
-0.9377 1.6375 -0.3047 88 167 7
-0.9368 1.6376 -0.3077 88 167 7
-0.9359 1.6378 -0.3106 87 167 7
-0.9350 1.6379 -0.3136 87 167 7
-0.9341 1.6380 -0.3165 87 167 7
-0.9331 1.6381 -0.3195 86 167 7
-0.9322 1.6382 -0.3224 86 167 7
-0.9312 1.6384 -0.3254 86 167 8
-0.9302 1.6385 -0.3283 85 167 8
-0.9293 1.6386 -0.3313 85 167 8
-0.9283 1.6387 -0.3342 84 167 8
-0.9273 1.6389 -0.3371 84 167 8
-0.9263 1.6390 -0.3401 84 167 8
-0.9253 1.6391 -0.3430 83 167 8
-0.9242 1.6392 -0.3459 83 167 9
-0.9232 1.6394 -0.3488 83 167 9
-0.9221 1.6395 -0.3518 82 167 9
-0.9211 1.6396 -0.3547 82 167 9
-0.9200 1.6398 -0.3576 81 167 9
-0.9190 1.6399 -0.3605 81 167 9
-0.9179 1.6400 -0.3634 81 167 9
-0.9168 1.6401 -0.3663 80 167 10
-0.9157 1.6402 -0.3692 80 167 10
-0.9146 1.6404 -0.3721 80 167 10
-0.9135 1.6405 -0.3750 79 167 10
-0.9123 1.6406 -0.3779 79 167 10
-0.9112 1.6407 -0.3808 79 167 10
-0.9100 1.6409 -0.3837 78 167 10
-0.9089 1.6410 -0.3866 78 167 11
-0.9077 1.6411 -0.3894 77 167 11
-0.9066 1.6412 -0.3923 77 167 11
-0.9054 1.6414 -0.3952 77 167 11
-0.9042 1.6415 -0.3980 76 167 11
-0.9030 1.6416 -0.4009 76 167 11
-0.9018 1.6417 -0.4038 76 167 12
-0.9006 1.6419 -0.4066 75 167 12
-0.8993 1.6420 -0.4095 75 167 12
-0.8981 1.6421 -0.4123 75 167 12
-0.8968 1.6423 -0.4152 74 167 12
-0.8956 1.6424 -0.4180 74 167 12
-0.8943 1.6425 -0.4208 73 167 13
-0.8931 1.6426 -0.4237 73 167 13
-0.8918 1.6427 -0.4265 73 167 13
-0.8905 1.6429 -0.4293 72 167 13
-0.8892 1.6430 -0.4322 72 167 13
-0.8879 1.6431 -0.4350 72 167 13
-0.8866 1.6433 -0.4378 71 167 14
-0.8852 1.6434 -0.4406 71 167 14
-0.8839 1.6435 -0.4434 71 167 14
-0.8826 1.6436 -0.4462 70 167 14
-0.8812 1.6437 -0.4490 70 167 14
-0.8798 1.6439 -0.4518 69 167 15
-0.8785 1.6440 -0.4546 69 167 15
-0.8771 1.6441 -0.4574 69 167 15
-0.8757 1.6442 -0.4601 68 167 15
-0.8743 1.6444 -0.4629 68 167 15
-0.8729 1.6445 -0.4657 68 167 15
-0.8715 1.6446 -0.4685 67 167 16
-0.8701 1.6448 -0.4712 67 167 16
-0.8686 1.6449 -0.4740 67 167 16
-0.8672 1.6450 -0.4767 66 167 16
-0.8657 1.6451 -0.4795 66 167 16
-0.8643 1.6453 -0.4822 66 167 17
-0.8628 1.6454 -0.4850 65 167 17
-0.8613 1.6455 -0.4877 65 167 17
-0.8599 1.6456 -0.4905 65 167 17
-0.8584 1.6458 -0.4932 64 167 17
-0.8569 1.6459 -0.4959 64 167 18
-0.8554 1.6460 -0.4986 64 167 18
-0.8538 1.6461 -0.5013 63 167 18
-0.8523 1.6462 -0.5041 63 167 18
-0.8508 1.6464 -0.5068 63 167 18
-0.8492 1.6465 -0.5095 62 167 19
-0.8477 1.6466 -0.5122 62 167 19
-0.8461 1.6467 -0.5148 61 167 19
-0.8445 1.6469 -0.5175 61 167 19
-0.8430 1.6470 -0.5202 61 167 19
-0.8414 1.6471 -0.5229 60 168 20
-0.8398 1.6473 -0.5256 60 168 20
-0.8382 1.6474 -0.5282 60 168 20
-0.8366 1.6475 -0.5309 59 168 20
-0.8349 1.6476 -0.5336 59 168 20
-0.8333 1.6478 -0.5362 59 168 21
-0.8317 1.6479 -0.5389 58 168 21
-0.8300 1.6480 -0.5415 58 168 21
-0.8284 1.6481 -0.5441 58 168 21
-0.8267 1.6482 -0.5468 57 168 22
-0.8250 1.6484 -0.5494 57 168 22
-0.8234 1.6485 -0.5520 57 168 22
-0.8217 1.6486 -0.5546 56 168 22
-0.8200 1.6487 -0.5572 56 168 22
-0.8183 1.6489 -0.5599 56 168 23
-0.8165 1.6490 -0.5625 55 168 23
-0.8148 1.6491 -0.5651 55 168 23
-0.8131 1.6492 -0.5676 55 168 23
-0.8114 1.6494 -0.5702 54 168 24
-0.8096 1.6495 -0.5728 54 168 24
-0.8079 1.6496 -0.5754 54 168 24
-0.8061 1.6498 -0.5780 53 168 24
-0.8043 1.6499 -0.5805 53 168 25
-0.8025 1.6500 -0.5831 53 168 25
-0.8008 1.6501 -0.5856 53 168 25
-0.7990 1.6502 -0.5882 52 168 25
-0.7972 1.6504 -0.5907 52 168 25
-0.7953 1.6505 -0.5933 52 168 26
-0.7935 1.6506 -0.5958 51 168 26
-0.7917 1.6507 -0.5983 51 168 26
-0.7899 1.6509 -0.6008 51 168 26
-0.7880 1.6510 -0.6034 50 168 27
-0.7862 1.6511 -0.6059 50 168 27
-0.7843 1.6512 -0.6084 50 168 27
-0.7824 1.6514 -0.6109 49 168 27
-0.7806 1.6515 -0.6134 49 168 28
-0.7787 1.6516 -0.6158 49 168 28
-0.7768 1.6517 -0.6183 48 168 28
-0.7749 1.6519 -0.6208 48 168 28
-0.7730 1.6520 -0.6233 48 168 29
-0.7711 1.6521 -0.6257 47 168 29
-0.7691 1.6522 -0.6282 47 168 29
-0.7672 1.6524 -0.6306 47 168 29
-0.7653 1.6525 -0.6331 47 168 30
-0.7633 1.6526 -0.6355 46 168 30
-0.7614 1.6528 -0.6380 46 168 30
-0.7594 1.6529 -0.6404 46 168 30
-0.7574 1.6530 -0.6428 45 168 31
-0.7555 1.6531 -0.6452 45 168 31
-0.7535 1.6532 -0.6476 45 168 31
-0.7515 1.6534 -0.6500 44 168 31
-0.7495 1.6535 -0.6524 44 168 32
-0.7475 1.6536 -0.6548 44 168 32
-0.7455 1.6538 -0.6572 44 168 32
-0.7434 1.6539 -0.6596 43 168 33
-0.7414 1.6540 -0.6620 43 168 33
-0.7394 1.6541 -0.6643 43 168 33
-0.7373 1.6542 -0.6667 42 168 33
-0.7353 1.6544 -0.6690 42 168 34
-0.7332 1.6545 -0.6714 42 168 34
-0.7311 1.6546 -0.6737 41 168 34
-0.7291 1.6548 -0.6761 41 168 34
-0.7270 1.6549 -0.6784 41 168 35
-0.7249 1.6550 -0.6807 41 168 35
-0.7228 1.6551 -0.6830 40 168 35
-0.7207 1.6553 -0.6853 40 168 35
-0.7186 1.6554 -0.6876 40 168 36
-0.7164 1.6555 -0.6899 39 168 36
-0.7143 1.6556 -0.6922 39 168 36
-0.7122 1.6558 -0.6945 39 168 37
-0.7100 1.6559 -0.6968 39 168 37
-0.7079 1.6560 -0.6991 38 168 37
-0.7057 1.6561 -0.7013 38 168 37
-0.7036 1.6563 -0.7036 38 168 38
-0.7014 1.6564 -0.7058 37 168 38
-0.6992 1.6565 -0.7081 37 168 38
-0.6970 1.6566 -0.7103 37 168 39
-0.6948 1.6567 -0.7125 37 168 39
-0.6926 1.6569 -0.7148 36 169 39
-0.6904 1.6570 -0.7170 36 169 39
-0.6882 1.6571 -0.7192 36 169 40
-0.6860 1.6573 -0.7214 35 169 40
-0.6838 1.6574 -0.7236 35 169 40
-0.6815 1.6575 -0.7258 35 169 41
-0.6793 1.6576 -0.7279 35 169 41
-0.6770 1.6578 -0.7301 34 169 41
-0.6748 1.6579 -0.7323 34 169 41
-0.6725 1.6580 -0.7344 34 169 42
-0.6703 1.6581 -0.7366 34 169 42
-0.6680 1.6583 -0.7387 33 169 42
-0.6657 1.6584 -0.7409 33 169 43
-0.6634 1.6585 -0.7430 33 169 43
-0.6611 1.6586 -0.7451 33 169 43
-0.6588 1.6587 -0.7473 32 169 44
-0.6565 1.6589 -0.7494 32 169 44
-0.6542 1.6590 -0.7515 32 169 44
-0.6518 1.6591 -0.7536 31 169 44
-0.6495 1.6592 -0.7557 31 169 45
-0.6472 1.6594 -0.7577 31 169 45
-0.6448 1.6595 -0.7598 31 169 45
-0.6425 1.6596 -0.7619 30 169 46
-0.6401 1.6598 -0.7639 30 169 46
-0.6378 1.6599 -0.7660 30 169 46
-0.6354 1.6600 -0.7680 30 169 47
-0.6330 1.6601 -0.7701 29 169 47
-0.6306 1.6603 -0.7721 29 169 47
-0.6282 1.6604 -0.7741 29 169 47
-0.6258 1.6605 -0.7762 29 169 48
-0.6234 1.6606 -0.7782 28 169 48
-0.6210 1.6607 -0.7802 28 169 48
-0.6186 1.6609 -0.7822 28 169 49
-0.6162 1.6610 -0.7841 28 169 49
-0.6137 1.6611 -0.7861 27 169 49
-0.6113 1.6612 -0.7881 27 169 50
-0.6089 1.6614 -0.7901 27 169 50
-0.6064 1.6615 -0.7920 27 169 50
-0.6040 1.6616 -0.7940 26 169 51
-0.6015 1.6617 -0.7959 26 169 51
-0.5990 1.6619 -0.7978 26 169 51
-0.5966 1.6620 -0.7998 26 169 52
-0.5941 1.6621 -0.8017 25 169 52
-0.5916 1.6623 -0.8036 25 169 52
-0.5891 1.6624 -0.8055 25 169 53
-0.5866 1.6625 -0.8074 25 169 53
-0.5841 1.6626 -0.8093 25 169 53
-0.5816 1.6627 -0.8112 24 169 53
-0.5791 1.6629 -0.8130 24 169 54
-0.5766 1.6630 -0.8149 24 169 54
-0.5740 1.6631 -0.8168 24 169 54
-0.5715 1.6633 -0.8186 23 169 55
-0.5690 1.6634 -0.8204 23 169 55
-0.5664 1.6635 -0.8223 23 169 55
-0.5639 1.6636 -0.8241 23 169 56
-0.5613 1.6637 -0.8259 22 169 56
-0.5587 1.6639 -0.8277 22 169 56
-0.5562 1.6640 -0.8295 22 169 57
-0.5536 1.6641 -0.8313 22 169 57
-0.5510 1.6643 -0.8331 22 169 57
-0.5484 1.6644 -0.8349 21 169 58
-0.5458 1.6645 -0.8367 21 169 58
-0.5432 1.6646 -0.8384 21 169 58
-0.5406 1.6648 -0.8402 21 169 59
-0.5380 1.6649 -0.8419 20 169 59
-0.5354 1.6650 -0.8437 20 169 59
-0.5328 1.6651 -0.8454 20 169 60
-0.5302 1.6653 -0.8471 20 169 60
-0.5275 1.6654 -0.8488 20 169 60
-0.5249 1.6655 -0.8505 19 169 61
-0.5222 1.6656 -0.8522 19 169 61
-0.5196 1.6658 -0.8539 19 169 61
-0.5169 1.6659 -0.8556 19 169 62
-0.5143 1.6660 -0.8573 19 169 62
-0.5116 1.6661 -0.8589 18 169 63
-0.5089 1.6663 -0.8606 18 169 63
-0.5063 1.6664 -0.8622 18 169 63
-0.5036 1.6665 -0.8639 18 169 64
-0.5009 1.6666 -0.8655 18 169 64
-0.4982 1.6667 -0.8671 17 170 64
-0.4955 1.6669 -0.8687 17 170 65
-0.4928 1.6670 -0.8703 17 170 65
-0.4901 1.6671 -0.8719 17 170 65
-0.4874 1.6673 -0.8735 17 170 66
-0.4847 1.6674 -0.8751 16 170 66
-0.4819 1.6675 -0.8767 16 170 66
-0.4792 1.6676 -0.8782 16 170 67
-0.4765 1.6678 -0.8798 16 170 67
-0.4737 1.6679 -0.8813 16 170 67
-0.4710 1.6680 -0.8829 15 170 68
-0.4683 1.6681 -0.8844 15 170 68
-0.4655 1.6683 -0.8859 15 170 68
-0.4627 1.6684 -0.8874 15 170 69
-0.4600 1.6685 -0.8889 15 170 69
-0.4572 1.6686 -0.8904 15 170 69
-0.4544 1.6687 -0.8919 14 170 70
-0.4517 1.6689 -0.8934 14 170 70
-0.4489 1.6690 -0.8948 14 170 71
-0.4461 1.6691 -0.8963 14 170 71
-0.4433 1.6692 -0.8978 14 170 71
-0.4405 1.6694 -0.8992 13 170 72
-0.4377 1.6695 -0.9006 13 170 72
-0.4349 1.6696 -0.9021 13 170 72
-0.4321 1.6698 -0.9035 13 170 73
-0.4293 1.6699 -0.9049 13 170 73
-0.4265 1.6700 -0.9063 13 170 73
-0.4236 1.6701 -0.9077 12 170 74
-0.4208 1.6703 -0.9090 12 170 74
-0.4180 1.6704 -0.9104 12 170 75
-0.4151 1.6705 -0.9118 12 170 75
-0.4123 1.6706 -0.9131 12 170 75
-0.4095 1.6707 -0.9145 12 170 76
-0.4066 1.6709 -0.9158 11 170 76
-0.4037 1.6710 -0.9171 11 170 76
-0.4009 1.6711 -0.9185 11 170 77
-0.3980 1.6712 -0.9198 11 170 77
-0.3952 1.6714 -0.9211 11 170 77
-0.3923 1.6715 -0.9224 11 170 78
-0.3894 1.6716 -0.9236 10 170 78
-0.3865 1.6717 -0.9249 10 170 79
-0.3836 1.6719 -0.9262 10 170 79
-0.3808 1.6720 -0.9274 10 170 79
-0.3779 1.6721 -0.9287 10 170 80
-0.3750 1.6723 -0.9299 10 170 80
-0.3721 1.6724 -0.9312 10 170 80
-0.3692 1.6725 -0.9324 9 170 81
-0.3662 1.6726 -0.9336 9 170 81
-0.3633 1.6728 -0.9348 9 170 81
-0.3604 1.6729 -0.9360 9 170 82
-0.3575 1.6730 -0.9372 9 170 82
-0.3546 1.6731 -0.9383 9 170 83
-0.3516 1.6732 -0.9395 9 170 83
-0.3487 1.6734 -0.9407 8 170 83
-0.3458 1.6735 -0.9418 8 170 84
-0.3428 1.6736 -0.9430 8 170 84
-0.3399 1.6738 -0.9441 8 170 84
-0.3369 1.6739 -0.9452 8 170 85
-0.3340 1.6740 -0.9463 8 170 85
-0.3310 1.6741 -0.9474 8 170 86
-0.3281 1.6742 -0.9485 7 170 86
-0.3251 1.6744 -0.9496 7 170 86
-0.3222 1.6745 -0.9507 7 170 87
-0.3192 1.6746 -0.9517 7 170 87
-0.3162 1.6748 -0.9528 7 170 87
-0.3132 1.6749 -0.9538 7 170 88
-0.3103 1.6750 -0.9549 7 170 88
-0.3073 1.6751 -0.9559 7 170 89
-0.3043 1.6753 -0.9569 6 170 89
-0.3013 1.6754 -0.9579 6 170 89
-0.2983 1.6755 -0.9589 6 170 90
-0.2953 1.6756 -0.9599 6 170 90
-0.2923 1.6758 -0.9609 6 170 91
-0.2893 1.6759 -0.9619 6 170 91
-0.2863 1.6760 -0.9628 6 170 91
-0.2833 1.6761 -0.9638 6 170 92
-0.2803 1.6763 -0.9647 6 170 92
-0.2773 1.6764 -0.9656 5 170 92
-0.2742 1.6765 -0.9666 5 171 93
-0.2712 1.6766 -0.9675 5 171 93
-0.2682 1.6767 -0.9684 5 171 94
-0.2652 1.6769 -0.9693 5 171 94
-0.2621 1.6770 -0.9702 5 171 94
-0.2591 1.6771 -0.9710 5 171 95
-0.2561 1.6773 -0.9719 5 171 95
-0.2530 1.6774 -0.9728 5 171 96
-0.2500 1.6775 -0.9736 4 171 96
-0.2469 1.6776 -0.9745 4 171 96
-0.2439 1.6778 -0.9753 4 171 97
-0.2408 1.6779 -0.9761 4 171 97
-0.2378 1.6780 -0.9769 4 171 97
-0.2347 1.6781 -0.9777 4 171 98
-0.2317 1.6783 -0.9785 4 171 98
-0.2286 1.6784 -0.9793 4 171 99
-0.2255 1.6785 -0.9801 4 171 99
-0.2225 1.6786 -0.9808 4 171 99
-0.2194 1.6787 -0.9816 4 171 100
-0.2163 1.6789 -0.9823 3 171 100
-0.2133 1.6790 -0.9831 3 171 101
-0.2102 1.6791 -0.9838 3 171 101
-0.2071 1.6792 -0.9845 3 171 101
-0.2040 1.6794 -0.9852 3 171 102
-0.2009 1.6795 -0.9859 3 171 102
-0.1979 1.6796 -0.9866 3 171 103
-0.1948 1.6798 -0.9873 3 171 103
-0.1917 1.6799 -0.9879 3 171 103
-0.1886 1.6800 -0.9886 3 171 104
-0.1855 1.6801 -0.9892 3 171 104
-0.1824 1.6803 -0.9899 3 171 104
-0.1793 1.6804 -0.9905 3 171 105
-0.1762 1.6805 -0.9911 2 171 105
-0.1731 1.6806 -0.9917 2 171 106
-0.1700 1.6807 -0.9923 2 171 106
-0.1669 1.6809 -0.9929 2 171 106
-0.1638 1.6810 -0.9935 2 171 107
-0.1606 1.6811 -0.9940 2 171 107
-0.1575 1.6812 -0.9946 2 171 108
-0.1544 1.6814 -0.9952 2 171 108
-0.1513 1.6815 -0.9957 2 171 108
-0.1482 1.6816 -0.9962 2 171 109
-0.1451 1.6817 -0.9967 2 171 109
-0.1419 1.6819 -0.9973 2 171 110
-0.1388 1.6820 -0.9978 2 171 110
-0.1357 1.6821 -0.9982 2 171 110
-0.1325 1.6823 -0.9987 2 171 111
-0.1294 1.6824 -0.9992 2 171 111
-0.1263 1.6825 -0.9997 2 171 112
-0.1232 1.6826 -1.0001 1 171 112
-0.1200 1.6827 -1.0005 1 171 112
-0.1169 1.6829 -1.0010 1 171 113
-0.1137 1.6830 -1.0014 1 171 113
-0.1106 1.6831 -1.0018 1 171 114
-0.1075 1.6833 -1.0022 1 171 114
-0.1043 1.6834 -1.0026 1 171 114
-0.1012 1.6835 -1.0030 1 171 115
-0.0980 1.6836 -1.0034 1 171 115
-0.0949 1.6837 -1.0037 1 171 116
-0.0917 1.6839 -1.0041 1 171 116
-0.0886 1.6840 -1.0044 1 171 116
-0.0854 1.6841 -1.0048 1 171 117
-0.0823 1.6843 -1.0051 1 171 117
-0.0791 1.6844 -1.0054 1 171 118
-0.0760 1.6845 -1.0057 1 171 118
-0.0728 1.6846 -1.0060 1 171 118
-0.0697 1.6848 -1.0063 1 171 119
-0.0665 1.6849 -1.0065 1 171 119
-0.0633 1.6850 -1.0068 1 171 120
-0.0602 1.6851 -1.0071 1 171 120
-0.0570 1.6853 -1.0073 1 171 120
-0.0539 1.6854 -1.0075 1 171 121
-0.0507 1.6855 -1.0078 1 171 121
-0.0475 1.6856 -1.0080 1 171 122
-0.0444 1.6858 -1.0082 1 171 122
-0.0412 1.6859 -1.0084 1 171 122
-0.0380 1.6860 -1.0086 1 171 123
-0.0349 1.6861 -1.0087 1 171 123
-0.0317 1.6863 -1.0089 1 171 124
-0.0285 1.6864 -1.0091 1 172 124
-0.0254 1.6865 -1.0092 1 172 124
-0.0222 1.6866 -1.0093 1 172 125
-0.0190 1.6867 -1.0095 1 172 125
-0.0159 1.6869 -1.0096 1 172 126
-0.0127 1.6870 -1.0097 1 172 126
-0.0095 1.6871 -1.0098 1 172 126
-0.0063 1.6873 -1.0099 1 172 127
-0.0032 1.6874 -1.0099 1 172 127
-0.0000 1.6875 -1.0100 1 172 127
0.0032 1.6876 -1.0101 1 172 128
0.0063 1.6878 -1.0101 1 172 128
0.0095 1.6879 -1.0101 1 172 129
0.0127 1.6880 -1.0102 1 172 129
0.0159 1.6881 -1.0102 1 172 129
0.0190 1.6883 -1.0102 1 172 130
0.0222 1.6884 -1.0102 1 172 130
0.0254 1.6885 -1.0102 1 172 131
0.0286 1.6886 -1.0101 1 172 131
0.0317 1.6887 -1.0101 1 172 131
0.0349 1.6889 -1.0101 1 172 132
0.0381 1.6890 -1.0100 1 172 132
0.0413 1.6891 -1.0099 1 172 133
0.0444 1.6892 -1.0099 1 172 133
0.0476 1.6894 -1.0098 1 172 133
0.0508 1.6895 -1.0097 1 172 134
0.0540 1.6896 -1.0096 1 172 134
0.0571 1.6897 -1.0095 1 172 135
0.0603 1.6899 -1.0093 1 172 135
0.0635 1.6900 -1.0092 1 172 135
0.0667 1.6901 -1.0091 1 172 136
0.0698 1.6903 -1.0089 1 172 136
0.0730 1.6904 -1.0087 1 172 137
0.0762 1.6905 -1.0086 1 172 137
0.0794 1.6906 -1.0084 1 172 137
0.0825 1.6907 -1.0082 1 172 138
0.0857 1.6909 -1.0080 1 172 138
0.0889 1.6910 -1.0078 1 172 139
0.0920 1.6911 -1.0075 1 172 139
0.0952 1.6912 -1.0073 1 172 139
0.0984 1.6914 -1.0071 1 172 140
0.1016 1.6915 -1.0068 1 172 140
0.1047 1.6916 -1.0065 1 172 141
0.1079 1.6917 -1.0063 1 172 141
0.1111 1.6919 -1.0060 1 172 141
0.1142 1.6920 -1.0057 1 172 142
0.1174 1.6921 -1.0054 1 172 142
0.1206 1.6922 -1.0051 1 172 143
0.1237 1.6924 -1.0048 1 172 143
0.1269 1.6925 -1.0044 2 172 143
0.1300 1.6926 -1.0041 2 172 144
0.1332 1.6928 -1.0037 2 172 144
0.1364 1.6929 -1.0034 2 172 145
0.1395 1.6930 -1.0030 2 172 145
0.1427 1.6931 -1.0026 2 172 145
0.1458 1.6932 -1.0022 2 172 146
0.1490 1.6934 -1.0018 2 172 146
0.1522 1.6935 -1.0014 2 172 147
0.1553 1.6936 -1.0010 2 172 147
0.1585 1.6938 -1.0005 2 172 147
0.1616 1.6939 -1.0001 2 172 148
0.1648 1.6940 -0.9996 2 172 148
0.1679 1.6941 -0.9992 2 172 149
0.1711 1.6942 -0.9987 2 172 149
0.1742 1.6944 -0.9982 2 172 149
0.1774 1.6945 -0.9977 2 172 150
0.1805 1.6946 -0.9972 3 172 150
0.1836 1.6947 -0.9967 3 172 151
0.1868 1.6949 -0.9962 3 172 151
0.1899 1.6950 -0.9956 3 172 151
0.1931 1.6951 -0.9951 3 172 152
0.1962 1.6953 -0.9946 3 172 152
0.1993 1.6954 -0.9940 3 172 152
0.2025 1.6955 -0.9934 3 172 153
0.2056 1.6956 -0.9928 3 172 153
0.2087 1.6958 -0.9922 3 172 154
0.2119 1.6959 -0.9916 3 172 154
0.2150 1.6960 -0.9910 3 172 154
0.2181 1.6961 -0.9904 3 173 155
0.2212 1.6963 -0.9898 4 173 155
0.2244 1.6964 -0.9891 4 173 156
0.2275 1.6965 -0.9885 4 173 156
0.2306 1.6966 -0.9878 4 173 156
0.2337 1.6967 -0.9872 4 173 157
0.2368 1.6969 -0.9865 4 173 157
0.2399 1.6970 -0.9858 4 173 158
0.2431 1.6971 -0.9851 4 173 158
0.2462 1.6972 -0.9844 4 173 158
0.2493 1.6974 -0.9836 4 173 159
0.2524 1.6975 -0.9829 4 173 159
0.2555 1.6976 -0.9822 5 173 159
0.2586 1.6978 -0.9814 5 173 160
0.2617 1.6979 -0.9807 5 173 160
0.2648 1.6980 -0.9799 5 173 161
0.2679 1.6981 -0.9791 5 173 161
0.2709 1.6983 -0.9783 5 173 161
0.2740 1.6984 -0.9775 5 173 162
0.2771 1.6985 -0.9767 5 173 162
0.2802 1.6986 -0.9759 5 173 163
0.2833 1.6987 -0.9751 6 173 163
0.2864 1.6989 -0.9742 6 173 163
0.2894 1.6990 -0.9734 6 173 164
0.2925 1.6991 -0.9725 6 173 164
0.2956 1.6992 -0.9717 6 173 164
0.2987 1.6994 -0.9708 6 173 165
0.3017 1.6995 -0.9699 6 173 165
0.3048 1.6996 -0.9690 6 173 166
0.3078 1.6997 -0.9681 6 173 166
0.3109 1.6999 -0.9672 7 173 166
0.3140 1.7000 -0.9663 7 173 167
0.3170 1.7001 -0.9653 7 173 167
0.3201 1.7003 -0.9644 7 173 168
0.3231 1.7004 -0.9634 7 173 168
0.3262 1.7005 -0.9625 7 173 168
0.3292 1.7006 -0.9615 7 173 169
0.3322 1.7007 -0.9605 7 173 169
0.3353 1.7009 -0.9595 8 173 169
0.3383 1.7010 -0.9585 8 173 170
0.3413 1.7011 -0.9575 8 173 170
0.3444 1.7012 -0.9565 8 173 171
0.3474 1.7014 -0.9555 8 173 171
0.3504 1.7015 -0.9544 8 173 171
0.3534 1.7016 -0.9534 8 173 172
0.3564 1.7017 -0.9523 9 173 172
0.3594 1.7019 -0.9513 9 173 172
0.3625 1.7020 -0.9502 9 173 173
0.3655 1.7021 -0.9491 9 173 173
0.3685 1.7022 -0.9480 9 173 174
0.3715 1.7024 -0.9469 9 173 174
0.3745 1.7025 -0.9458 9 173 174
0.3774 1.7026 -0.9446 10 173 175
0.3804 1.7027 -0.9435 10 173 175
0.3834 1.7029 -0.9424 10 173 175
0.3864 1.7030 -0.9412 10 173 176
0.3894 1.7031 -0.9400 10 173 176
0.3924 1.7033 -0.9389 10 173 176
0.3953 1.7034 -0.9377 10 173 177
0.3983 1.7035 -0.9365 11 173 177
0.4013 1.7036 -0.9353 11 173 178
0.4042 1.7037 -0.9341 11 173 178
0.4072 1.7039 -0.9329 11 173 178
0.4101 1.7040 -0.9316 11 173 179
0.4131 1.7041 -0.9304 11 173 179
0.4160 1.7043 -0.9292 12 173 179
0.4190 1.7044 -0.9279 12 173 180
0.4219 1.7045 -0.9266 12 173 180
0.4248 1.7046 -0.9254 12 173 180
0.4278 1.7047 -0.9241 12 173 181
0.4307 1.7049 -0.9228 12 173 181
0.4336 1.7050 -0.9215 13 173 182
0.4365 1.7051 -0.9202 13 173 182
0.4394 1.7053 -0.9188 13 173 182
0.4424 1.7054 -0.9175 13 173 183
0.4453 1.7055 -0.9162 13 173 183
0.4482 1.7056 -0.9148 13 173 183
0.4511 1.7058 -0.9135 14 173 184
0.4540 1.7059 -0.9121 14 173 184
0.4568 1.7060 -0.9107 14 174 184
0.4597 1.7061 -0.9093 14 174 185
0.4626 1.7063 -0.9079 14 174 185
0.4655 1.7064 -0.9065 15 174 186
0.4684 1.7065 -0.9051 15 174 186
0.4712 1.7066 -0.9037 15 174 186
0.4741 1.7067 -0.9023 15 174 187
0.4770 1.7069 -0.9008 15 174 187
0.4798 1.7070 -0.8994 15 174 187
0.4827 1.7071 -0.8979 16 174 188
0.4855 1.7072 -0.8964 16 174 188
0.4884 1.7074 -0.8950 16 174 188
0.4912 1.7075 -0.8935 16 174 189
0.4940 1.7076 -0.8920 16 174 189
0.4969 1.7078 -0.8905 17 174 189
0.4997 1.7079 -0.8890 17 174 190
0.5025 1.7080 -0.8874 17 174 190
0.5053 1.7081 -0.8859 17 174 190
0.5081 1.7083 -0.8844 17 174 191
0.5109 1.7084 -0.8828 18 174 191
0.5137 1.7085 -0.8813 18 174 191
0.5165 1.7086 -0.8797 18 174 192
0.5193 1.7087 -0.8781 18 174 192
0.5221 1.7089 -0.8765 18 174 192
0.5249 1.7090 -0.8750 19 174 193
0.5277 1.7091 -0.8733 19 174 193
0.5304 1.7092 -0.8717 19 174 194
0.5332 1.7094 -0.8701 19 174 194
0.5360 1.7095 -0.8685 19 174 194
0.5387 1.7096 -0.8669 20 174 195
0.5415 1.7097 -0.8652 20 174 195
0.5442 1.7099 -0.8636 20 174 195
0.5470 1.7100 -0.8619 20 174 196
0.5497 1.7101 -0.8602 20 174 196
0.5524 1.7103 -0.8585 21 174 196
0.5552 1.7104 -0.8568 21 174 197
0.5579 1.7105 -0.8551 21 174 197
0.5606 1.7106 -0.8534 21 174 197
0.5633 1.7107 -0.8517 22 174 198
0.5660 1.7109 -0.8500 22 174 198
0.5687 1.7110 -0.8483 22 174 198
0.5714 1.7111 -0.8465 22 174 199
0.5741 1.7112 -0.8448 22 174 199
0.5768 1.7114 -0.8430 23 174 199
0.5795 1.7115 -0.8413 23 174 200
0.5822 1.7116 -0.8395 23 174 200
0.5848 1.7117 -0.8377 23 174 200
0.5875 1.7119 -0.8359 24 174 201
0.5901 1.7120 -0.8341 24 174 201
0.5928 1.7121 -0.8323 24 174 201
0.5954 1.7122 -0.8305 24 174 202
0.5981 1.7124 -0.8286 25 174 202
0.6007 1.7125 -0.8268 25 174 202
0.6033 1.7126 -0.8250 25 174 202
0.6060 1.7128 -0.8231 25 174 203
0.6086 1.7129 -0.8213 25 174 203
0.6112 1.7130 -0.8194 26 174 203
0.6138 1.7131 -0.8175 26 174 204
0.6164 1.7132 -0.8156 26 174 204
0.6190 1.7134 -0.8137 26 174 204
0.6216 1.7135 -0.8118 27 174 205
0.6242 1.7136 -0.8099 27 174 205
0.6268 1.7138 -0.8080 27 174 205
0.6293 1.7139 -0.8061 27 174 206
0.6319 1.7140 -0.8042 28 174 206
0.6345 1.7141 -0.8022 28 174 206
0.6370 1.7142 -0.8003 28 174 207
0.6396 1.7144 -0.7983 28 174 207
0.6421 1.7145 -0.7963 29 174 207
0.6446 1.7146 -0.7944 29 174 208
0.6472 1.7147 -0.7924 29 174 208
0.6497 1.7149 -0.7904 29 174 208
0.6522 1.7150 -0.7884 30 174 208
0.6547 1.7151 -0.7864 30 174 209
0.6572 1.7153 -0.7844 30 174 209
0.6597 1.7154 -0.7823 30 174 209
0.6622 1.7155 -0.7803 31 174 210
0.6647 1.7156 -0.7783 31 174 210
0.6672 1.7158 -0.7762 31 175 210
0.6697 1.7159 -0.7742 31 175 211
0.6721 1.7160 -0.7721 32 175 211
0.6746 1.7161 -0.7700 32 175 211
0.6771 1.7163 -0.7680 32 175 211
0.6795 1.7164 -0.7659 33 175 212
0.6819 1.7165 -0.7638 33 175 212
0.6844 1.7166 -0.7617 33 175 212
0.6868 1.7167 -0.7596 33 175 213
0.6892 1.7169 -0.7575 34 175 213
0.6916 1.7170 -0.7553 34 175 213
0.6941 1.7171 -0.7532 34 175 214
0.6965 1.7172 -0.7511 34 175 214
0.6989 1.7174 -0.7489 35 175 214
0.7013 1.7175 -0.7468 35 175 214
0.7036 1.7176 -0.7446 35 175 215
0.7060 1.7178 -0.7424 35 175 215
0.7084 1.7179 -0.7402 36 175 215
0.7107 1.7180 -0.7381 36 175 216
0.7131 1.7181 -0.7359 36 175 216
0.7155 1.7183 -0.7337 37 175 216
0.7178 1.7184 -0.7315 37 175 216
0.7201 1.7185 -0.7292 37 175 217
0.7225 1.7186 -0.7270 37 175 217
0.7248 1.7188 -0.7248 38 175 217
0.7271 1.7189 -0.7225 38 175 218
0.7294 1.7190 -0.7203 38 175 218
0.7317 1.7191 -0.7180 39 175 218
0.7340 1.7192 -0.7158 39 175 218
0.7363 1.7194 -0.7135 39 175 219
0.7386 1.7195 -0.7112 39 175 219
0.7409 1.7196 -0.7090 40 175 219
0.7431 1.7197 -0.7067 40 175 220
0.7454 1.7199 -0.7044 40 175 220
0.7476 1.7200 -0.7021 41 175 220
0.7499 1.7201 -0.6998 41 175 220
0.7521 1.7203 -0.6974 41 175 221
0.7543 1.7204 -0.6951 41 175 221
0.7566 1.7205 -0.6928 42 175 221
0.7588 1.7206 -0.6904 42 175 221
0.7610 1.7208 -0.6881 42 175 222
0.7632 1.7209 -0.6857 43 175 222
0.7654 1.7210 -0.6834 43 175 222
0.7676 1.7211 -0.6810 43 175 222
0.7698 1.7212 -0.6786 44 175 223
0.7719 1.7214 -0.6763 44 175 223
0.7741 1.7215 -0.6739 44 175 223
0.7763 1.7216 -0.6715 44 175 224
0.7784 1.7217 -0.6691 45 175 224
0.7806 1.7219 -0.6667 45 175 224
0.7827 1.7220 -0.6642 45 175 224
0.7848 1.7221 -0.6618 46 175 225
0.7869 1.7222 -0.6594 46 175 225
0.7891 1.7224 -0.6570 46 175 225
0.7912 1.7225 -0.6545 47 175 225
0.7933 1.7226 -0.6521 47 175 226
0.7954 1.7228 -0.6496 47 175 226
0.7974 1.7229 -0.6471 47 175 226
0.7995 1.7230 -0.6447 48 175 226
0.8016 1.7231 -0.6422 48 175 227
0.8036 1.7233 -0.6397 48 175 227
0.8057 1.7234 -0.6372 49 175 227
0.8077 1.7235 -0.6347 49 175 227
0.8098 1.7236 -0.6322 49 175 228
0.8118 1.7237 -0.6297 50 175 228
0.8138 1.7239 -0.6272 50 175 228
0.8158 1.7240 -0.6247 50 175 228
0.8178 1.7241 -0.6221 51 175 229
0.8198 1.7243 -0.6196 51 175 229
0.8218 1.7244 -0.6171 51 175 229
0.8238 1.7245 -0.6145 52 175 229
0.8258 1.7246 -0.6119 52 175 230
0.8278 1.7247 -0.6094 52 175 230
0.8297 1.7249 -0.6068 53 175 230
0.8317 1.7250 -0.6042 53 175 230
0.8336 1.7251 -0.6017 53 175 230
0.8355 1.7253 -0.5991 53 175 231
0.8375 1.7254 -0.5965 54 175 231
0.8394 1.7255 -0.5939 54 176 231
0.8413 1.7256 -0.5913 54 176 231
0.8432 1.7258 -0.5887 55 176 232
0.8451 1.7259 -0.5860 55 176 232
0.8470 1.7260 -0.5834 55 176 232
0.8489 1.7261 -0.5808 56 176 232
0.8507 1.7263 -0.5782 56 176 233
0.8526 1.7264 -0.5755 56 176 233
0.8545 1.7265 -0.5729 57 176 233
0.8563 1.7266 -0.5702 57 176 233
0.8581 1.7268 -0.5676 57 176 233
0.8600 1.7269 -0.5649 58 176 234
0.8618 1.7270 -0.5622 58 176 234
0.8636 1.7271 -0.5595 58 176 234
0.8654 1.7272 -0.5569 59 176 234
0.8672 1.7274 -0.5542 59 176 235
0.8690 1.7275 -0.5515 59 176 235
0.8708 1.7276 -0.5488 60 176 235
0.8725 1.7278 -0.5461 60 176 235
0.8743 1.7279 -0.5434 60 176 235
0.8760 1.7280 -0.5406 61 176 236
0.8778 1.7281 -0.5379 61 176 236
0.8795 1.7283 -0.5352 61 176 236
0.8813 1.7284 -0.5324 62 176 236
0.8830 1.7285 -0.5297 62 176 236
0.8847 1.7286 -0.5270 63 176 237
0.8864 1.7288 -0.5242 63 176 237
0.8881 1.7289 -0.5215 63 176 237
0.8898 1.7290 -0.5187 64 176 237
0.8914 1.7291 -0.5159 64 176 237
0.8931 1.7292 -0.5132 64 176 238
0.8948 1.7294 -0.5104 65 176 238
0.8964 1.7295 -0.5076 65 176 238
0.8981 1.7296 -0.5048 65 176 238
0.8997 1.7297 -0.5020 66 176 238
0.9013 1.7299 -0.4992 66 176 239
0.9029 1.7300 -0.4964 66 176 239
0.9046 1.7301 -0.4936 67 176 239
0.9062 1.7303 -0.4908 67 176 239
0.9077 1.7304 -0.4880 67 176 239
0.9093 1.7305 -0.4851 68 176 240
0.9109 1.7306 -0.4823 68 176 240
0.9125 1.7308 -0.4795 68 176 240
0.9140 1.7309 -0.4766 69 176 240
0.9156 1.7310 -0.4738 69 176 240
0.9171 1.7311 -0.4709 69 176 240
0.9186 1.7312 -0.4681 70 176 241
0.9201 1.7314 -0.4652 70 176 241
0.9217 1.7315 -0.4623 71 176 241
0.9232 1.7316 -0.4595 71 176 241
0.9247 1.7317 -0.4566 71 176 241
0.9261 1.7319 -0.4537 72 176 242
0.9276 1.7320 -0.4508 72 176 242
0.9291 1.7321 -0.4479 72 176 242
0.9305 1.7322 -0.4450 73 176 242
0.9320 1.7324 -0.4421 73 176 242
0.9334 1.7325 -0.4392 73 176 242
0.9348 1.7326 -0.4363 74 176 243
0.9363 1.7328 -0.4334 74 176 243
0.9377 1.7329 -0.4305 75 176 243
0.9391 1.7330 -0.4276 75 176 243
0.9405 1.7331 -0.4246 75 176 243
0.9419 1.7332 -0.4217 76 176 243
0.9432 1.7334 -0.4188 76 176 244
0.9446 1.7335 -0.4158 76 176 244
0.9460 1.7336 -0.4129 77 176 244
0.9473 1.7338 -0.4099 77 176 244
0.9486 1.7339 -0.4070 77 176 244
0.9500 1.7340 -0.4040 78 176 244
0.9513 1.7341 -0.4011 78 176 245
0.9526 1.7342 -0.3981 79 176 245
0.9539 1.7344 -0.3951 79 176 245
0.9552 1.7345 -0.3921 79 176 245
0.9565 1.7346 -0.3892 80 176 245
0.9578 1.7348 -0.3862 80 176 245
0.9590 1.7349 -0.3832 80 176 245
0.9603 1.7350 -0.3802 81 176 246
0.9615 1.7351 -0.3772 81 176 246
0.9628 1.7353 -0.3742 81 176 246
0.9640 1.7354 -0.3712 82 177 246
0.9652 1.7355 -0.3682 82 177 246
0.9664 1.7356 -0.3652 83 177 246
0.9676 1.7358 -0.3622 83 177 246
0.9688 1.7359 -0.3591 83 177 247
0.9700 1.7360 -0.3561 84 177 247
0.9711 1.7361 -0.3531 84 177 247
0.9723 1.7363 -0.3501 84 177 247
0.9735 1.7364 -0.3470 85 177 247
0.9746 1.7365 -0.3440 85 177 247
0.9757 1.7366 -0.3409 86 177 247
0.9769 1.7368 -0.3379 86 177 248
0.9780 1.7369 -0.3348 86 177 248
0.9791 1.7370 -0.3318 87 177 248
0.9802 1.7371 -0.3287 87 177 248
0.9813 1.7372 -0.3257 87 177 248
0.9823 1.7374 -0.3226 88 177 248
0.9834 1.7375 -0.3195 88 177 248
0.9844 1.7376 -0.3165 89 177 248
0.9855 1.7378 -0.3134 89 177 249
0.9865 1.7379 -0.3103 89 177 249
0.9876 1.7380 -0.3072 90 177 249
0.9886 1.7381 -0.3041 90 177 249
0.9896 1.7383 -0.3010 91 177 249
0.9906 1.7384 -0.2979 91 177 249
0.9916 1.7385 -0.2948 91 177 249
0.9926 1.7386 -0.2917 92 177 249
0.9935 1.7388 -0.2886 92 177 249
0.9945 1.7389 -0.2855 92 177 250
0.9954 1.7390 -0.2824 93 177 250
0.9964 1.7391 -0.2793 93 177 250
0.9973 1.7392 -0.2762 94 177 250
0.9982 1.7394 -0.2731 94 177 250
0.9991 1.7395 -0.2700 94 177 250
1.0000 1.7396 -0.2668 95 177 250
1.0009 1.7397 -0.2637 95 177 250
1.0018 1.7399 -0.2606 96 177 250
1.0027 1.7400 -0.2574 96 177 251
1.0035 1.7401 -0.2543 96 177 251
1.0044 1.7403 -0.2512 97 177 251
1.0052 1.7404 -0.2480 97 177 251
1.0061 1.7405 -0.2449 97 177 251
1.0069 1.7406 -0.2417 98 177 251
1.0077 1.7408 -0.2386 98 177 251
1.0085 1.7409 -0.2354 99 177 251
1.0093 1.7410 -0.2323 99 177 251
1.0101 1.7411 -0.2291 99 177 251
1.0109 1.7412 -0.2260 100 177 251
1.0116 1.7414 -0.2228 100 177 252
1.0124 1.7415 -0.2196 101 177 252
1.0131 1.7416 -0.2165 101 177 252
1.0138 1.7417 -0.2133 101 177 252
1.0146 1.7419 -0.2101 102 177 252
1.0153 1.7420 -0.2069 102 177 252
1.0160 1.7421 -0.2038 103 177 252
1.0167 1.7422 -0.2006 103 177 252
1.0174 1.7424 -0.1974 103 177 252
1.0180 1.7425 -0.1942 104 177 252
1.0187 1.7426 -0.1910 104 177 252
1.0194 1.7428 -0.1878 104 177 252
1.0200 1.7429 -0.1846 105 177 252
1.0206 1.7430 -0.1814 105 177 253
1.0213 1.7431 -0.1782 106 177 253
1.0219 1.7433 -0.1750 106 177 253
1.0225 1.7434 -0.1718 106 177 253
1.0231 1.7435 -0.1686 107 177 253
1.0237 1.7436 -0.1654 107 177 253
1.0242 1.7437 -0.1622 108 177 253
1.0248 1.7439 -0.1590 108 177 253
1.0254 1.7440 -0.1558 108 177 253
1.0259 1.7441 -0.1526 109 177 253
1.0264 1.7443 -0.1494 109 177 253
1.0270 1.7444 -0.1462 110 177 253
1.0275 1.7445 -0.1429 110 177 253
1.0280 1.7446 -0.1397 110 177 253
1.0285 1.7447 -0.1365 111 177 253
1.0289 1.7449 -0.1333 111 177 253
1.0294 1.7450 -0.1300 112 177 253
1.0299 1.7451 -0.1268 112 178 254
1.0303 1.7453 -0.1236 112 178 254
1.0308 1.7454 -0.1204 113 178 254
1.0312 1.7455 -0.1171 113 178 254
1.0316 1.7456 -0.1139 114 178 254
1.0320 1.7458 -0.1107 114 178 254
1.0324 1.7459 -0.1074 114 178 254
1.0328 1.7460 -0.1042 115 178 254
1.0332 1.7461 -0.1009 115 178 254
1.0336 1.7463 -0.0977 116 178 254
1.0340 1.7464 -0.0945 116 178 254
1.0343 1.7465 -0.0912 116 178 254
1.0346 1.7466 -0.0880 117 178 254
1.0350 1.7468 -0.0847 117 178 254
1.0353 1.7469 -0.0815 118 178 254
1.0356 1.7470 -0.0782 118 178 254
1.0359 1.7471 -0.0750 118 178 254
1.0362 1.7472 -0.0717 119 178 254
1.0365 1.7474 -0.0685 119 178 254
1.0368 1.7475 -0.0652 120 178 254
1.0370 1.7476 -0.0620 120 178 254
1.0373 1.7478 -0.0587 120 178 254
1.0375 1.7479 -0.0555 121 178 254
1.0377 1.7480 -0.0522 121 178 254
1.0379 1.7481 -0.0489 122 178 254
1.0382 1.7483 -0.0457 122 178 254
1.0384 1.7484 -0.0424 122 178 254
1.0385 1.7485 -0.0392 123 178 254
1.0387 1.7486 -0.0359 123 178 254
1.0389 1.7488 -0.0326 124 178 254
1.0390 1.7489 -0.0294 124 178 254
1.0392 1.7490 -0.0261 124 178 254
1.0393 1.7491 -0.0229 125 178 254
1.0395 1.7492 -0.0196 125 178 254
1.0396 1.7494 -0.0163 126 178 254
1.0397 1.7495 -0.0131 126 178 254
1.0398 1.7496 -0.0098 126 178 254
1.0399 1.7497 -0.0065 127 178 254
1.0399 1.7499 -0.0033 127 178 254
1.0400 1.7500 -0.0000 127 178 255
1.0401 1.7501 0.0033 128 178 254
1.0401 1.7502 0.0065 128 178 254
1.0401 1.7504 0.0098 129 178 254
1.0402 1.7505 0.0131 129 178 254
1.0402 1.7506 0.0163 129 178 254
1.0402 1.7508 0.0196 130 178 254
1.0402 1.7509 0.0229 130 178 254
1.0402 1.7510 0.0261 131 178 254
1.0401 1.7511 0.0294 131 178 254
1.0401 1.7512 0.0327 131 178 254
1.0400 1.7514 0.0360 132 178 254
1.0400 1.7515 0.0392 132 178 254
1.0399 1.7516 0.0425 133 178 254
1.0398 1.7517 0.0458 133 178 254
1.0397 1.7519 0.0490 133 178 254
1.0396 1.7520 0.0523 134 178 254
1.0395 1.7521 0.0556 134 178 254
1.0394 1.7522 0.0588 135 178 254
1.0393 1.7524 0.0621 135 178 254
1.0391 1.7525 0.0654 135 178 254
1.0390 1.7526 0.0686 136 178 254
1.0388 1.7527 0.0719 136 178 254
1.0387 1.7529 0.0752 137 178 254
1.0385 1.7530 0.0784 137 178 254
1.0383 1.7531 0.0817 137 178 254
1.0381 1.7532 0.0850 138 178 254
1.0379 1.7534 0.0882 138 178 254
1.0377 1.7535 0.0915 139 178 254
1.0374 1.7536 0.0948 139 178 254
1.0372 1.7538 0.0980 139 178 254
1.0369 1.7539 0.1013 140 178 254
1.0367 1.7540 0.1046 140 178 254
1.0364 1.7541 0.1078 141 178 254
1.0361 1.7542 0.1111 141 178 254
1.0358 1.7544 0.1144 141 178 254
1.0355 1.7545 0.1176 142 178 254
1.0352 1.7546 0.1209 142 178 254
1.0349 1.7548 0.1241 143 178 254
1.0345 1.7549 0.1274 143 178 254
1.0342 1.7550 0.1306 143 179 253
1.0338 1.7551 0.1339 144 179 253
1.0335 1.7552 0.1372 144 179 253
1.0331 1.7554 0.1404 145 179 253
1.0327 1.7555 0.1437 145 179 253
1.0323 1.7556 0.1469 145 179 253
1.0319 1.7558 0.1502 146 179 253
1.0315 1.7559 0.1534 146 179 253
1.0310 1.7560 0.1567 147 179 253
1.0306 1.7561 0.1599 147 179 253
1.0302 1.7563 0.1632 147 179 253
1.0297 1.7564 0.1664 148 179 253
1.0292 1.7565 0.1697 148 179 253
1.0288 1.7566 0.1729 149 179 253
1.0283 1.7568 0.1761 149 179 253
1.0278 1.7569 0.1794 149 179 253
1.0273 1.7570 0.1826 150 179 253
1.0267 1.7571 0.1858 150 179 252
1.0262 1.7572 0.1891 151 179 252
1.0257 1.7574 0.1923 151 179 252
1.0251 1.7575 0.1956 151 179 252
1.0246 1.7576 0.1988 152 179 252
1.0240 1.7577 0.2020 152 179 252
1.0234 1.7579 0.2052 152 179 252
1.0228 1.7580 0.2085 153 179 252
1.0222 1.7581 0.2117 153 179 252
1.0216 1.7583 0.2149 154 179 252
1.0210 1.7584 0.2181 154 179 252
1.0203 1.7585 0.2214 154 179 252
1.0197 1.7586 0.2246 155 179 252
1.0191 1.7588 0.2278 155 179 251
1.0184 1.7589 0.2310 156 179 251
1.0177 1.7590 0.2342 156 179 251
1.0170 1.7591 0.2374 156 179 251
1.0163 1.7592 0.2406 157 179 251
1.0156 1.7594 0.2438 157 179 251
1.0149 1.7595 0.2470 158 179 251
1.0142 1.7596 0.2502 158 179 251
1.0135 1.7597 0.2534 158 179 251
1.0127 1.7599 0.2566 159 179 251
1.0120 1.7600 0.2598 159 179 251
1.0112 1.7601 0.2630 159 179 250
1.0104 1.7602 0.2662 160 179 250
1.0097 1.7604 0.2694 160 179 250
1.0089 1.7605 0.2726 161 179 250
1.0081 1.7606 0.2758 161 179 250
1.0072 1.7608 0.2790 161 179 250
1.0064 1.7609 0.2821 162 179 250
1.0056 1.7610 0.2853 162 179 250
1.0047 1.7611 0.2885 163 179 250
1.0039 1.7612 0.2917 163 179 249
1.0030 1.7614 0.2948 163 179 249
1.0022 1.7615 0.2980 164 179 249
1.0013 1.7616 0.3012 164 179 249
1.0004 1.7617 0.3043 164 179 249
0.9995 1.7619 0.3075 165 179 249
0.9986 1.7620 0.3106 165 179 249
0.9976 1.7621 0.3138 166 179 249
0.9967 1.7622 0.3169 166 179 249
0.9958 1.7624 0.3201 166 179 248
0.9948 1.7625 0.3232 167 179 248
0.9938 1.7626 0.3264 167 179 248
0.9929 1.7627 0.3295 168 179 248
0.9919 1.7629 0.3327 168 179 248
0.9909 1.7630 0.3358 168 179 248
0.9899 1.7631 0.3389 169 179 248
0.9889 1.7633 0.3420 169 179 248
0.9879 1.7634 0.3452 169 179 247
0.9868 1.7635 0.3483 170 179 247
0.9858 1.7636 0.3514 170 179 247
0.9847 1.7637 0.3545 171 179 247
0.9837 1.7639 0.3576 171 179 247
0.9826 1.7640 0.3607 171 179 247
0.9815 1.7641 0.3639 172 179 247
0.9804 1.7643 0.3670 172 179 246
0.9793 1.7644 0.3701 172 179 246
0.9782 1.7645 0.3731 173 179 246
0.9771 1.7646 0.3762 173 179 246
0.9760 1.7647 0.3793 174 180 246
0.9748 1.7649 0.3824 174 180 246
0.9737 1.7650 0.3855 174 180 246
0.9725 1.7651 0.3886 175 180 245
0.9713 1.7652 0.3917 175 180 245
0.9702 1.7654 0.3947 175 180 245
0.9690 1.7655 0.3978 176 180 245
0.9678 1.7656 0.4009 176 180 245
0.9666 1.7658 0.4039 176 180 245
0.9653 1.7659 0.4070 177 180 245
0.9641 1.7660 0.4100 177 180 244
0.9629 1.7661 0.4131 178 180 244
0.9616 1.7663 0.4161 178 180 244
0.9604 1.7664 0.4192 178 180 244
0.9591 1.7665 0.4222 179 180 244
0.9578 1.7666 0.4252 179 180 244
0.9565 1.7668 0.4283 179 180 243
0.9552 1.7669 0.4313 180 180 243
0.9539 1.7670 0.4343 180 180 243
0.9526 1.7671 0.4374 180 180 243
0.9513 1.7672 0.4404 181 180 243
0.9500 1.7674 0.4434 181 180 243
0.9486 1.7675 0.4464 182 180 242
0.9473 1.7676 0.4494 182 180 242
0.9459 1.7677 0.4524 182 180 242
0.9445 1.7679 0.4554 183 180 242
0.9432 1.7680 0.4584 183 180 242
0.9418 1.7681 0.4614 183 180 242
0.9404 1.7683 0.4643 184 180 241
0.9390 1.7684 0.4673 184 180 241
0.9375 1.7685 0.4703 184 180 241
0.9361 1.7686 0.4733 185 180 241
0.9347 1.7688 0.4762 185 180 241
0.9332 1.7689 0.4792 186 180 240
0.9318 1.7690 0.4822 186 180 240
0.9303 1.7691 0.4851 186 180 240
0.9288 1.7692 0.4881 187 180 240
0.9273 1.7694 0.4910 187 180 240
0.9258 1.7695 0.4939 187 180 240
0.9243 1.7696 0.4969 188 180 239
0.9228 1.7697 0.4998 188 180 239
0.9213 1.7699 0.5027 188 180 239
0.9198 1.7700 0.5056 189 180 239
0.9182 1.7701 0.5086 189 180 239
0.9167 1.7702 0.5115 189 180 238
0.9151 1.7704 0.5144 190 180 238
0.9136 1.7705 0.5173 190 180 238
0.9120 1.7706 0.5202 190 180 238
0.9104 1.7708 0.5231 191 180 238
0.9088 1.7709 0.5260 191 180 237
0.9072 1.7710 0.5288 191 180 237
0.9056 1.7711 0.5317 192 180 237
0.9040 1.7712 0.5346 192 180 237
0.9023 1.7714 0.5375 192 180 237
0.9007 1.7715 0.5403 193 180 236
0.8990 1.7716 0.5432 193 180 236
0.8974 1.7717 0.5460 194 180 236
0.8957 1.7719 0.5489 194 180 236
0.8940 1.7720 0.5517 194 180 236
0.8923 1.7721 0.5546 195 180 235
0.8906 1.7722 0.5574 195 180 235
0.8889 1.7724 0.5602 195 180 235
0.8872 1.7725 0.5630 196 180 235
0.8855 1.7726 0.5659 196 180 235
0.8838 1.7727 0.5687 196 180 234
0.8820 1.7729 0.5715 197 180 234
0.8803 1.7730 0.5743 197 180 234
0.8785 1.7731 0.5771 197 180 234
0.8767 1.7732 0.5799 198 180 233
0.8750 1.7734 0.5827 198 180 233
0.8732 1.7735 0.5854 198 180 233
0.8714 1.7736 0.5882 199 180 233
0.8696 1.7738 0.5910 199 180 233
0.8678 1.7739 0.5937 199 180 232
0.8660 1.7740 0.5965 200 180 232
0.8641 1.7741 0.5992 200 180 232
0.8623 1.7742 0.6020 200 180 232
0.8604 1.7744 0.6047 201 180 231
0.8586 1.7745 0.6075 201 180 231
0.8567 1.7746 0.6102 201 181 231
0.8549 1.7748 0.6129 202 181 231
0.8530 1.7749 0.6156 202 181 230
0.8511 1.7750 0.6184 202 181 230
0.8492 1.7751 0.6211 202 181 230
0.8473 1.7752 0.6238 203 181 230
0.8454 1.7754 0.6265 203 181 230
0.8434 1.7755 0.6291 203 181 229
0.8415 1.7756 0.6318 204 181 229
0.8396 1.7758 0.6345 204 181 229
0.8376 1.7759 0.6372 204 181 229
0.8357 1.7760 0.6398 205 181 228
0.8337 1.7761 0.6425 205 181 228
0.8317 1.7763 0.6451 205 181 228
0.8297 1.7764 0.6478 206 181 228
0.8277 1.7765 0.6504 206 181 227
0.8257 1.7766 0.6531 206 181 227
0.8237 1.7768 0.6557 207 181 227
0.8217 1.7769 0.6583 207 181 227
0.8197 1.7770 0.6609 207 181 226
0.8177 1.7771 0.6635 208 181 226
0.8156 1.7772 0.6661 208 181 226
0.8136 1.7774 0.6687 208 181 226
0.8115 1.7775 0.6713 208 181 225
0.8094 1.7776 0.6739 209 181 225
0.8074 1.7777 0.6765 209 181 225
0.8053 1.7779 0.6791 209 181 225
0.8032 1.7780 0.6816 210 181 224
0.8011 1.7781 0.6842 210 181 224
0.7990 1.7783 0.6867 210 181 224
0.7969 1.7784 0.6893 211 181 224
0.7947 1.7785 0.6918 211 181 223
0.7926 1.7786 0.6944 211 181 223
0.7905 1.7788 0.6969 211 181 223
0.7883 1.7789 0.6994 212 181 222
0.7862 1.7790 0.7019 212 181 222
0.7840 1.7791 0.7044 212 181 222
0.7818 1.7792 0.7069 213 181 222
0.7796 1.7794 0.7094 213 181 221
0.7775 1.7795 0.7119 213 181 221
0.7753 1.7796 0.7144 214 181 221
0.7731 1.7797 0.7169 214 181 221
0.7708 1.7799 0.7193 214 181 220
0.7686 1.7800 0.7218 214 181 220
0.7664 1.7801 0.7242 215 181 220
0.7642 1.7802 0.7267 215 181 220
0.7619 1.7804 0.7291 215 181 219
0.7597 1.7805 0.7316 216 181 219
0.7574 1.7806 0.7340 216 181 219
0.7551 1.7808 0.7364 216 181 218
0.7529 1.7809 0.7388 216 181 218
0.7506 1.7810 0.7412 217 181 218
0.7483 1.7811 0.7436 217 181 218
0.7460 1.7813 0.7460 217 181 217
0.7437 1.7814 0.7484 218 181 217
0.7414 1.7815 0.7508 218 181 217
0.7391 1.7816 0.7531 218 181 216
0.7367 1.7817 0.7555 218 181 216
0.7344 1.7819 0.7578 219 181 216
0.7321 1.7820 0.7602 219 181 216
0.7297 1.7821 0.7625 219 181 215
0.7273 1.7822 0.7649 220 181 215
0.7250 1.7824 0.7672 220 181 215
0.7226 1.7825 0.7695 220 181 214
0.7202 1.7826 0.7718 220 181 214
0.7178 1.7827 0.7741 221 181 214
0.7154 1.7829 0.7764 221 181 214
0.7130 1.7830 0.7787 221 181 213
0.7106 1.7831 0.7810 221 181 213
0.7082 1.7833 0.7832 222 181 213
0.7058 1.7834 0.7855 222 181 212
0.7034 1.7835 0.7878 222 181 212
0.7009 1.7836 0.7900 222 181 212
0.6985 1.7837 0.7923 223 181 211
0.6960 1.7839 0.7945 223 181 211
0.6936 1.7840 0.7967 223 181 211
0.6911 1.7841 0.7990 224 181 211
0.6886 1.7843 0.8012 224 181 210
0.6861 1.7844 0.8034 224 182 210
0.6837 1.7845 0.8056 224 182 210
0.6812 1.7846 0.8078 225 182 209
0.6787 1.7847 0.8099 225 182 209
0.6761 1.7849 0.8121 225 182 209
0.6736 1.7850 0.8143 225 182 208
0.6711 1.7851 0.8164 226 182 208
0.6686 1.7853 0.8186 226 182 208
0.6660 1.7854 0.8207 226 182 208
0.6635 1.7855 0.8229 226 182 207
0.6609 1.7856 0.8250 227 182 207
0.6584 1.7858 0.8271 227 182 207
0.6558 1.7859 0.8292 227 182 206
0.6533 1.7860 0.8313 227 182 206
0.6507 1.7861 0.8334 228 182 206
0.6481 1.7863 0.8355 228 182 205
0.6455 1.7864 0.8376 228 182 205
0.6429 1.7865 0.8397 228 182 205
0.6403 1.7866 0.8417 229 182 204
0.6377 1.7868 0.8438 229 182 204
0.6351 1.7869 0.8458 229 182 204
0.6324 1.7870 0.8479 229 182 203
0.6298 1.7871 0.8499 230 182 203
0.6272 1.7873 0.8519 230 182 203
0.6245 1.7874 0.8539 230 182 202
0.6219 1.7875 0.8559 230 182 202
0.6192 1.7876 0.8579 230 182 202
0.6166 1.7877 0.8599 231 182 202
0.6139 1.7879 0.8619 231 182 201
0.6112 1.7880 0.8639 231 182 201
0.6085 1.7881 0.8658 231 182 201
0.6058 1.7883 0.8678 232 182 200
0.6031 1.7884 0.8698 232 182 200
0.6004 1.7885 0.8717 232 182 200
0.5977 1.7886 0.8736 232 182 199
0.5950 1.7888 0.8755 233 182 199
0.5923 1.7889 0.8775 233 182 199
0.5896 1.7890 0.8794 233 182 198
0.5868 1.7891 0.8813 233 182 198
0.5841 1.7893 0.8832 233 182 198
0.5814 1.7894 0.8850 234 182 197
0.5786 1.7895 0.8869 234 182 197
0.5759 1.7896 0.8888 234 182 197
0.5731 1.7897 0.8906 234 182 196
0.5703 1.7899 0.8925 235 182 196
0.5675 1.7900 0.8943 235 182 196
0.5648 1.7901 0.8961 235 182 195
0.5620 1.7902 0.8980 235 182 195
0.5592 1.7904 0.8998 235 182 195
0.5564 1.7905 0.9016 236 182 194
0.5536 1.7906 0.9034 236 182 194
0.5508 1.7908 0.9052 236 182 194
0.5480 1.7909 0.9069 236 182 193
0.5451 1.7910 0.9087 236 182 193
0.5423 1.7911 0.9105 237 182 192
0.5395 1.7913 0.9122 237 182 192
0.5366 1.7914 0.9140 237 182 192
0.5338 1.7915 0.9157 237 182 191
0.5310 1.7916 0.9174 237 182 191
0.5281 1.7917 0.9191 238 182 191
0.5252 1.7919 0.9208 238 182 190
0.5224 1.7920 0.9225 238 182 190
0.5195 1.7921 0.9242 238 182 190
0.5166 1.7922 0.9259 238 182 189
0.5137 1.7924 0.9276 239 182 189
0.5109 1.7925 0.9292 239 182 189
0.5080 1.7926 0.9309 239 182 188
0.5051 1.7927 0.9325 239 182 188
0.5022 1.7929 0.9342 239 182 188
0.4992 1.7930 0.9358 240 182 187
0.4963 1.7931 0.9374 240 182 187
0.4934 1.7933 0.9390 240 182 187
0.4905 1.7934 0.9406 240 182 186
0.4876 1.7935 0.9422 240 182 186
0.4846 1.7936 0.9438 240 182 186
0.4817 1.7938 0.9454 241 182 185
0.4787 1.7939 0.9469 241 182 185
0.4758 1.7940 0.9485 241 182 184
0.4728 1.7941 0.9500 241 183 184
0.4699 1.7942 0.9516 241 183 184
0.4669 1.7944 0.9531 242 183 183
0.4639 1.7945 0.9546 242 183 183
0.4610 1.7946 0.9561 242 183 183
0.4580 1.7948 0.9576 242 183 182
0.4550 1.7949 0.9591 242 183 182
0.4520 1.7950 0.9606 242 183 182
0.4490 1.7951 0.9620 243 183 181
0.4460 1.7952 0.9635 243 183 181
0.4430 1.7954 0.9649 243 183 180
0.4400 1.7955 0.9664 243 183 180
0.4370 1.7956 0.9678 243 183 180
0.4340 1.7958 0.9692 243 183 179
0.4309 1.7959 0.9707 244 183 179
0.4279 1.7960 0.9721 244 183 179
0.4249 1.7961 0.9735 244 183 178
0.4219 1.7963 0.9748 244 183 178
0.4188 1.7964 0.9762 244 183 178
0.4158 1.7965 0.9776 244 183 177
0.4127 1.7966 0.9789 245 183 177
0.4097 1.7968 0.9803 245 183 176
0.4066 1.7969 0.9816 245 183 176
0.4035 1.7970 0.9830 245 183 176
0.4005 1.7971 0.9843 245 183 175
0.3974 1.7973 0.9856 245 183 175
0.3943 1.7974 0.9869 245 183 175
0.3912 1.7975 0.9882 246 183 174
0.3882 1.7976 0.9894 246 183 174
0.3851 1.7977 0.9907 246 183 174
0.3820 1.7979 0.9920 246 183 173
0.3789 1.7980 0.9932 246 183 173
0.3758 1.7981 0.9945 246 183 172
0.3727 1.7983 0.9957 246 183 172
0.3696 1.7984 0.9969 247 183 172
0.3665 1.7985 0.9981 247 183 171
0.3633 1.7986 0.9993 247 183 171
0.3602 1.7988 1.0005 247 183 171
0.3571 1.7989 1.0017 247 183 170
0.3540 1.7990 1.0029 247 183 170
0.3508 1.7991 1.0041 247 183 169
0.3477 1.7993 1.0052 248 183 169
0.3446 1.7994 1.0064 248 183 169
0.3414 1.7995 1.0075 248 183 168
0.3383 1.7996 1.0086 248 183 168
0.3351 1.7997 1.0097 248 183 168
0.3320 1.7999 1.0108 248 183 167
0.3288 1.8000 1.0119 248 183 167
0.3256 1.8001 1.0130 248 183 166
0.3225 1.8002 1.0141 249 183 166
0.3193 1.8004 1.0151 249 183 166
0.3161 1.8005 1.0162 249 183 165
0.3129 1.8006 1.0173 249 183 165
0.3098 1.8008 1.0183 249 183 164
0.3066 1.8009 1.0193 249 183 164
0.3034 1.8010 1.0203 249 183 164
0.3002 1.8011 1.0213 249 183 163
0.2970 1.8013 1.0223 249 183 163
0.2938 1.8014 1.0233 250 183 163
0.2906 1.8015 1.0243 250 183 162
0.2874 1.8016 1.0253 250 183 162
0.2842 1.8017 1.0262 250 183 161
0.2810 1.8019 1.0272 250 183 161
0.2778 1.8020 1.0281 250 183 161
0.2746 1.8021 1.0290 250 183 160
0.2714 1.8022 1.0299 250 183 160
0.2681 1.8024 1.0308 250 183 159
0.2649 1.8025 1.0317 251 183 159
0.2617 1.8026 1.0326 251 183 159
0.2584 1.8027 1.0335 251 183 158
0.2552 1.8029 1.0344 251 183 158
0.2520 1.8030 1.0352 251 183 158
0.2487 1.8031 1.0361 251 183 157
0.2455 1.8033 1.0369 251 183 157
0.2422 1.8034 1.0377 251 183 156
0.2390 1.8035 1.0385 251 183 156
0.2358 1.8036 1.0393 251 183 156
0.2325 1.8037 1.0401 251 183 155
0.2292 1.8039 1.0409 252 183 155
0.2260 1.8040 1.0417 252 184 154
0.2227 1.8041 1.0425 252 184 154
0.2195 1.8043 1.0432 252 184 154
0.2162 1.8044 1.0439 252 184 153
0.2129 1.8045 1.0447 252 184 153
0.2097 1.8046 1.0454 252 184 152
0.2064 1.8047 1.0461 252 184 152
0.2031 1.8049 1.0468 252 184 152
0.1998 1.8050 1.0475 252 184 151
0.1965 1.8051 1.0482 252 184 151
0.1933 1.8053 1.0489 252 184 151
0.1900 1.8054 1.0495 252 184 150
0.1867 1.8055 1.0502 253 184 150
0.1834 1.8056 1.0508 253 184 149
0.1801 1.8058 1.0514 253 184 149
0.1768 1.8059 1.0521 253 184 149
0.1735 1.8060 1.0527 253 184 148
0.1702 1.8061 1.0533 253 184 148
0.1669 1.8063 1.0539 253 184 147
0.1636 1.8064 1.0544 253 184 147
0.1603 1.8065 1.0550 253 184 147
0.1570 1.8066 1.0556 253 184 146
0.1537 1.8068 1.0561 253 184 146
0.1504 1.8069 1.0567 253 184 145
0.1471 1.8070 1.0572 253 184 145
0.1438 1.8071 1.0577 253 184 145
0.1404 1.8073 1.0582 253 184 144
0.1371 1.8074 1.0587 253 184 144
0.1338 1.8075 1.0592 253 184 143
0.1305 1.8076 1.0597 254 184 143
0.1272 1.8077 1.0601 254 184 143
0.1238 1.8079 1.0606 254 184 142
0.1205 1.8080 1.0610 254 184 142
0.1172 1.8081 1.0615 254 184 141
0.1139 1.8083 1.0619 254 184 141
0.1105 1.8084 1.0623 254 184 141
0.1072 1.8085 1.0627 254 184 140
0.1039 1.8086 1.0631 254 184 140
0.1005 1.8088 1.0635 254 184 139
0.0972 1.8089 1.0638 254 184 139
0.0939 1.8090 1.0642 254 184 139
0.0905 1.8091 1.0645 254 184 138
0.0872 1.8093 1.0649 254 184 138
0.0838 1.8094 1.0652 254 184 137
0.0805 1.8095 1.0655 254 184 137
0.0771 1.8096 1.0658 254 184 137
0.0738 1.8097 1.0661 254 184 136
0.0705 1.8099 1.0664 254 184 136
0.0671 1.8100 1.0667 254 184 135
0.0638 1.8101 1.0670 254 184 135
0.0604 1.8102 1.0672 254 184 135
0.0571 1.8104 1.0675 254 184 134
0.0537 1.8105 1.0677 254 184 134
0.0504 1.8106 1.0679 254 184 133
0.0470 1.8108 1.0681 254 184 133
0.0437 1.8109 1.0683 254 184 133
0.0403 1.8110 1.0685 254 184 132
0.0369 1.8111 1.0687 254 184 132
0.0336 1.8113 1.0689 254 184 131
0.0302 1.8114 1.0690 254 184 131
0.0269 1.8115 1.0692 254 184 131
0.0235 1.8116 1.0693 254 184 130
0.0202 1.8117 1.0694 254 184 130
0.0168 1.8119 1.0696 254 184 129
0.0134 1.8120 1.0697 254 184 129
0.0101 1.8121 1.0698 254 184 129
0.0067 1.8122 1.0699 254 184 128
0.0034 1.8124 1.0699 254 184 128
-0.0000 1.8125 1.0700 255 184 128
-0.0034 1.8126 1.0701 254 184 127
-0.0067 1.8127 1.0701 254 184 127
-0.0101 1.8129 1.0701 254 184 126
-0.0134 1.8130 1.0702 254 184 126
-0.0168 1.8131 1.0702 254 184 126
-0.0202 1.8132 1.0702 254 184 125
-0.0235 1.8134 1.0702 254 184 125
-0.0269 1.8135 1.0701 254 184 124
-0.0303 1.8136 1.0701 254 184 124
-0.0336 1.8138 1.0701 254 185 124
-0.0370 1.8139 1.0700 254 185 123
-0.0404 1.8140 1.0700 254 185 123
-0.0437 1.8141 1.0699 254 185 122
-0.0471 1.8142 1.0698 254 185 122
-0.0504 1.8144 1.0697 254 185 122
-0.0538 1.8145 1.0696 254 185 121
-0.0572 1.8146 1.0695 254 185 121
-0.0605 1.8148 1.0694 254 185 120
-0.0639 1.8149 1.0692 254 185 120
-0.0673 1.8150 1.0691 254 185 120
-0.0706 1.8151 1.0689 254 185 119
-0.0740 1.8152 1.0688 254 185 119
-0.0773 1.8154 1.0686 254 185 118
-0.0807 1.8155 1.0684 254 185 118
-0.0841 1.8156 1.0682 254 185 118
-0.0874 1.8157 1.0680 254 185 117
-0.0908 1.8159 1.0678 254 185 117
-0.0941 1.8160 1.0675 254 185 116
-0.0975 1.8161 1.0673 254 185 116
-0.1009 1.8163 1.0670 254 185 116
-0.1042 1.8164 1.0668 254 185 115
-0.1076 1.8165 1.0665 254 185 115
-0.1109 1.8166 1.0662 254 185 114
-0.1143 1.8168 1.0659 254 185 114
-0.1176 1.8169 1.0656 254 185 114
-0.1210 1.8170 1.0653 254 185 113
-0.1244 1.8171 1.0650 254 185 113
-0.1277 1.8173 1.0646 254 185 112
-0.1311 1.8174 1.0643 254 185 112
-0.1344 1.8175 1.0639 253 185 112
-0.1378 1.8176 1.0636 253 185 111
-0.1411 1.8177 1.0632 253 185 111
-0.1445 1.8179 1.0628 253 185 110
-0.1478 1.8180 1.0624 253 185 110
-0.1511 1.8181 1.0620 253 185 110
-0.1545 1.8182 1.0616 253 185 109
-0.1578 1.8184 1.0611 253 185 109
-0.1612 1.8185 1.0607 253 185 108
-0.1645 1.8186 1.0603 253 185 108
-0.1679 1.8188 1.0598 253 185 108
-0.1712 1.8189 1.0593 253 185 107
-0.1745 1.8190 1.0588 253 185 107
-0.1779 1.8191 1.0583 253 185 106
-0.1812 1.8193 1.0578 253 185 106
-0.1845 1.8194 1.0573 253 185 106
-0.1879 1.8195 1.0568 253 185 105
-0.1912 1.8196 1.0563 252 185 105
-0.1945 1.8197 1.0557 252 185 104
-0.1978 1.8199 1.0552 252 185 104
-0.2012 1.8200 1.0546 252 185 104
-0.2045 1.8201 1.0540 252 185 103
-0.2078 1.8202 1.0534 252 185 103
-0.2111 1.8204 1.0528 252 185 103
-0.2145 1.8205 1.0522 252 185 102
-0.2178 1.8206 1.0516 252 185 102
-0.2211 1.8207 1.0510 252 185 101
-0.2244 1.8209 1.0503 252 185 101
-0.2277 1.8210 1.0497 252 185 101
-0.2310 1.8211 1.0490 252 185 100
-0.2343 1.8213 1.0483 251 185 100
-0.2376 1.8214 1.0476 251 185 99
-0.2409 1.8215 1.0470 251 185 99
-0.2442 1.8216 1.0463 251 185 99
-0.2475 1.8217 1.0455 251 185 98
-0.2508 1.8219 1.0448 251 185 98
-0.2541 1.8220 1.0441 251 185 97
-0.2574 1.8221 1.0433 251 185 97
-0.2607 1.8222 1.0426 251 185 97
-0.2640 1.8224 1.0418 251 185 96
-0.2673 1.8225 1.0410 251 185 96
-0.2706 1.8226 1.0402 250 185 96
-0.2739 1.8227 1.0394 250 185 95
-0.2771 1.8229 1.0386 250 185 95
-0.2804 1.8230 1.0378 250 185 94
-0.2837 1.8231 1.0370 250 185 94
-0.2870 1.8232 1.0362 250 185 94
-0.2902 1.8234 1.0353 250 185 93
-0.2935 1.8235 1.0344 250 185 93
-0.2968 1.8236 1.0336 250 186 92
-0.3000 1.8237 1.0327 249 186 92
-0.3033 1.8239 1.0318 249 186 92
-0.3065 1.8240 1.0309 249 186 91
-0.3098 1.8241 1.0300 249 186 91
-0.3131 1.8243 1.0291 249 186 91
-0.3163 1.8244 1.0281 249 186 90
-0.3195 1.8245 1.0272 249 186 90
-0.3228 1.8246 1.0263 249 186 89
-0.3260 1.8247 1.0253 249 186 89
-0.3293 1.8249 1.0243 248 186 89
-0.3325 1.8250 1.0233 248 186 88
-0.3357 1.8251 1.0223 248 186 88
-0.3390 1.8253 1.0213 248 186 87
-0.3422 1.8254 1.0203 248 186 87
-0.3454 1.8255 1.0193 248 186 87
-0.3486 1.8256 1.0183 248 186 86
-0.3518 1.8257 1.0172 248 186 86
-0.3551 1.8259 1.0162 247 186 86
-0.3583 1.8260 1.0151 247 186 85
-0.3615 1.8261 1.0140 247 186 85
-0.3647 1.8263 1.0130 247 186 84
-0.3679 1.8264 1.0119 247 186 84
-0.3711 1.8265 1.0108 247 186 84
-0.3743 1.8266 1.0096 247 186 83
-0.3775 1.8268 1.0085 246 186 83
-0.3807 1.8269 1.0074 246 186 83
-0.3838 1.8270 1.0062 246 186 82
-0.3870 1.8271 1.0051 246 186 82
-0.3902 1.8273 1.0039 246 186 81
-0.3934 1.8274 1.0027 246 186 81
-0.3965 1.8275 1.0016 246 186 81
-0.3997 1.8276 1.0004 245 186 80
-0.4029 1.8277 0.9992 245 186 80
-0.4060 1.8279 0.9979 245 186 80
-0.4092 1.8280 0.9967 245 186 79
-0.4123 1.8281 0.9955 245 186 79
-0.4155 1.8282 0.9942 245 186 79
-0.4186 1.8284 0.9930 245 186 78
-0.4218 1.8285 0.9917 244 186 78
-0.4249 1.8286 0.9904 244 186 77
-0.4280 1.8288 0.9892 244 186 77
-0.4312 1.8289 0.9879 244 186 77
-0.4343 1.8290 0.9866 244 186 76
-0.4374 1.8291 0.9852 244 186 76
-0.4405 1.8293 0.9839 243 186 76
-0.4437 1.8294 0.9826 243 186 75
-0.4468 1.8295 0.9812 243 186 75
-0.4499 1.8296 0.9799 243 186 75
-0.4530 1.8297 0.9785 243 186 74
-0.4561 1.8299 0.9771 243 186 74
-0.4592 1.8300 0.9758 242 186 73
-0.4622 1.8301 0.9744 242 186 73
-0.4653 1.8302 0.9730 242 186 73
-0.4684 1.8304 0.9716 242 186 72
-0.4715 1.8305 0.9701 242 186 72
-0.4746 1.8306 0.9687 242 186 72
-0.4776 1.8307 0.9673 241 186 71
-0.4807 1.8309 0.9658 241 186 71
-0.4838 1.8310 0.9643 241 186 71
-0.4868 1.8311 0.9629 241 186 70
-0.4899 1.8313 0.9614 241 186 70
-0.4929 1.8314 0.9599 240 186 69
-0.4959 1.8315 0.9584 240 186 69
-0.4990 1.8316 0.9569 240 186 69
-0.5020 1.8317 0.9554 240 186 68
-0.5050 1.8319 0.9538 240 186 68
-0.5081 1.8320 0.9523 240 186 68
-0.5111 1.8321 0.9508 239 186 67
-0.5141 1.8322 0.9492 239 186 67
-0.5171 1.8324 0.9476 239 186 67
-0.5201 1.8325 0.9461 239 186 66
-0.5231 1.8326 0.9445 239 186 66
-0.5261 1.8327 0.9429 238 186 66
-0.5291 1.8329 0.9413 238 186 65
-0.5321 1.8330 0.9397 238 186 65
-0.5350 1.8331 0.9380 238 186 65
-0.5380 1.8332 0.9364 238 186 64
-0.5410 1.8334 0.9348 237 187 64
-0.5440 1.8335 0.9331 237 187 64
-0.5469 1.8336 0.9314 237 187 63
-0.5499 1.8338 0.9298 237 187 63
-0.5528 1.8339 0.9281 237 187 63
-0.5558 1.8340 0.9264 236 187 62
-0.5587 1.8341 0.9247 236 187 62
-0.5616 1.8342 0.9230 236 187 61
-0.5646 1.8344 0.9213 236 187 61
-0.5675 1.8345 0.9196 236 187 61
-0.5704 1.8346 0.9178 235 187 60
-0.5733 1.8348 0.9161 235 187 60
-0.5762 1.8349 0.9143 235 187 60
-0.5791 1.8350 0.9125 235 187 59
-0.5820 1.8351 0.9108 235 187 59
-0.5849 1.8352 0.9090 234 187 59
-0.5878 1.8354 0.9072 234 187 58
-0.5907 1.8355 0.9054 234 187 58
-0.5935 1.8356 0.9036 234 187 58
-0.5964 1.8357 0.9018 233 187 57
-0.5993 1.8359 0.8999 233 187 57
-0.6021 1.8360 0.8981 233 187 57
-0.6050 1.8361 0.8963 233 187 56
-0.6078 1.8363 0.8944 233 187 56
-0.6107 1.8364 0.8925 232 187 56
-0.6135 1.8365 0.8907 232 187 55
-0.6163 1.8366 0.8888 232 187 55
-0.6192 1.8368 0.8869 232 187 55
-0.6220 1.8369 0.8850 231 187 54
-0.6248 1.8370 0.8831 231 187 54
-0.6276 1.8371 0.8812 231 187 54
-0.6304 1.8373 0.8792 231 187 53
-0.6332 1.8374 0.8773 230 187 53
-0.6360 1.8375 0.8754 230 187 53
-0.6388 1.8376 0.8734 230 187 53
-0.6415 1.8377 0.8714 230 187 52
-0.6443 1.8379 0.8695 230 187 52
-0.6471 1.8380 0.8675 229 187 52
-0.6498 1.8381 0.8655 229 187 51
-0.6526 1.8382 0.8635 229 187 51
-0.6553 1.8384 0.8615 229 187 51
-0.6581 1.8385 0.8595 228 187 50
-0.6608 1.8386 0.8575 228 187 50
-0.6635 1.8388 0.8554 228 187 50
-0.6663 1.8389 0.8534 228 187 49
-0.6690 1.8390 0.8513 227 187 49
-0.6717 1.8391 0.8493 227 187 49
-0.6744 1.8393 0.8472 227 187 48
-0.6771 1.8394 0.8451 227 187 48
-0.6798 1.8395 0.8430 226 187 48
-0.6824 1.8396 0.8410 226 187 47
-0.6851 1.8397 0.8388 226 187 47
-0.6878 1.8399 0.8367 226 187 47
-0.6905 1.8400 0.8346 225 187 47
-0.6931 1.8401 0.8325 225 187 46
-0.6958 1.8402 0.8304 225 187 46
-0.6984 1.8404 0.8282 225 187 46
-0.7010 1.8405 0.8261 224 187 45
-0.7037 1.8406 0.8239 224 187 45
-0.7063 1.8407 0.8217 224 187 45
-0.7089 1.8409 0.8196 224 187 44
-0.7115 1.8410 0.8174 223 187 44
-0.7141 1.8411 0.8152 223 187 44
-0.7167 1.8413 0.8130 223 187 44
-0.7193 1.8414 0.8108 222 187 43
-0.7219 1.8415 0.8085 222 187 43
-0.7245 1.8416 0.8063 222 187 43
-0.7270 1.8417 0.8041 222 187 42
-0.7296 1.8419 0.8018 221 187 42
-0.7322 1.8420 0.7996 221 187 42
-0.7347 1.8421 0.7973 221 187 41
-0.7373 1.8422 0.7951 221 187 41
-0.7398 1.8424 0.7928 220 187 41
-0.7423 1.8425 0.7905 220 187 41
-0.7448 1.8426 0.7882 220 187 40
-0.7474 1.8427 0.7859 220 187 40
-0.7499 1.8429 0.7836 219 187 40
-0.7524 1.8430 0.7813 219 187 39
-0.7549 1.8431 0.7790 219 187 39
-0.7573 1.8432 0.7766 218 188 39
-0.7598 1.8434 0.7743 218 188 39
-0.7623 1.8435 0.7719 218 188 38
-0.7648 1.8436 0.7696 218 188 38
-0.7672 1.8438 0.7672 217 188 38
-0.7697 1.8439 0.7648 217 188 37
-0.7721 1.8440 0.7625 217 188 37
-0.7745 1.8441 0.7601 216 188 37
-0.7770 1.8443 0.7577 216 188 37
-0.7794 1.8444 0.7553 216 188 36
-0.7818 1.8445 0.7529 216 188 36
-0.7842 1.8446 0.7504 215 188 36
-0.7866 1.8447 0.7480 215 188 35
-0.7890 1.8449 0.7456 215 188 35
-0.7914 1.8450 0.7431 214 188 35
-0.7937 1.8451 0.7407 214 188 35
-0.7961 1.8453 0.7382 214 188 34
-0.7985 1.8454 0.7358 214 188 34
-0.8008 1.8455 0.7333 213 188 34
-0.8032 1.8456 0.7308 213 188 34
-0.8055 1.8457 0.7283 213 188 33
-0.8078 1.8459 0.7258 212 188 33
-0.8102 1.8460 0.7233 212 188 33
-0.8125 1.8461 0.7208 212 188 33
-0.8148 1.8463 0.7183 211 188 32
-0.8171 1.8464 0.7158 211 188 32
-0.8194 1.8465 0.7133 211 188 32
-0.8216 1.8466 0.7107 211 188 31
-0.8239 1.8468 0.7082 210 188 31
-0.8262 1.8469 0.7056 210 188 31
-0.8284 1.8470 0.7031 210 188 31
-0.8307 1.8471 0.7005 209 188 30
-0.8329 1.8473 0.6979 209 188 30
-0.8352 1.8474 0.6953 209 188 30
-0.8374 1.8475 0.6928 208 188 30
-0.8396 1.8476 0.6902 208 188 29
-0.8418 1.8478 0.6876 208 188 29
-0.8440 1.8479 0.6849 208 188 29
-0.8462 1.8480 0.6823 207 188 29
-0.8484 1.8481 0.6797 207 188 28
-0.8506 1.8482 0.6771 207 188 28
-0.8528 1.8484 0.6744 206 188 28
-0.8549 1.8485 0.6718 206 188 28
-0.8571 1.8486 0.6691 206 188 27
-0.8592 1.8488 0.6665 205 188 27
-0.8614 1.8489 0.6638 205 188 27
-0.8635 1.8490 0.6611 205 188 27
-0.8656 1.8491 0.6585 204 188 26
-0.8677 1.8493 0.6558 204 188 26
-0.8698 1.8494 0.6531 204 188 26
-0.8719 1.8495 0.6504 203 188 26
-0.8740 1.8496 0.6477 203 188 25
-0.8761 1.8498 0.6450 203 188 25
-0.8781 1.8499 0.6422 202 188 25
-0.8802 1.8500 0.6395 202 188 25
-0.8823 1.8501 0.6368 202 188 25
-0.8843 1.8502 0.6340 202 188 24
-0.8863 1.8504 0.6313 201 188 24
-0.8884 1.8505 0.6285 201 188 24
-0.8904 1.8506 0.6258 201 188 24
-0.8924 1.8507 0.6230 200 188 23
-0.8944 1.8509 0.6202 200 188 23
-0.8964 1.8510 0.6175 200 188 23
-0.8984 1.8511 0.6147 199 188 23
-0.9004 1.8513 0.6119 199 188 22
-0.9023 1.8514 0.6091 199 188 22
-0.9043 1.8515 0.6063 198 188 22
-0.9062 1.8516 0.6035 198 188 22
-0.9082 1.8518 0.6007 198 188 22
-0.9101 1.8519 0.5978 197 188 21
-0.9120 1.8520 0.5950 197 188 21
-0.9139 1.8521 0.5922 197 188 21
-0.9159 1.8522 0.5893 196 188 21
-0.9178 1.8524 0.5865 196 188 20
-0.9196 1.8525 0.5836 196 188 20
-0.9215 1.8526 0.5808 195 188 20
-0.9234 1.8527 0.5779 195 188 20
-0.9253 1.8529 0.5750 195 188 20
-0.9271 1.8530 0.5721 194 189 19
-0.9290 1.8531 0.5693 194 189 19
-0.9308 1.8532 0.5664 194 189 19
-0.9326 1.8534 0.5635 193 189 19
-0.9344 1.8535 0.5606 193 189 19
-0.9362 1.8536 0.5577 192 189 18
-0.9380 1.8538 0.5548 192 189 18
-0.9398 1.8539 0.5518 192 189 18
-0.9416 1.8540 0.5489 191 189 18
-0.9434 1.8541 0.5460 191 189 18
-0.9451 1.8542 0.5430 191 189 17
-0.9469 1.8544 0.5401 190 189 17
-0.9486 1.8545 0.5372 190 189 17
-0.9504 1.8546 0.5342 190 189 17
-0.9521 1.8548 0.5312 189 189 17
-0.9538 1.8549 0.5283 189 189 16
-0.9555 1.8550 0.5253 189 189 16
-0.9572 1.8551 0.5223 188 189 16
-0.9589 1.8552 0.5193 188 189 16
-0.9606 1.8554 0.5164 188 189 16
-0.9623 1.8555 0.5134 187 189 15
-0.9639 1.8556 0.5104 187 189 15
-0.9656 1.8558 0.5074 187 189 15
-0.9672 1.8559 0.5044 186 189 15
-0.9689 1.8560 0.5013 186 189 15
-0.9705 1.8561 0.4983 186 189 15
-0.9721 1.8563 0.4953 185 189 14
-0.9737 1.8564 0.4923 185 189 14
-0.9753 1.8565 0.4892 184 189 14
-0.9769 1.8566 0.4862 184 189 14
-0.9785 1.8568 0.4832 184 189 14
-0.9800 1.8569 0.4801 183 189 13
-0.9816 1.8570 0.4771 183 189 13
-0.9831 1.8571 0.4740 183 189 13
-0.9847 1.8573 0.4709 182 189 13
-0.9862 1.8574 0.4679 182 189 13
-0.9877 1.8575 0.4648 182 189 13
-0.9892 1.8576 0.4617 181 189 12
-0.9907 1.8578 0.4586 181 189 12
-0.9922 1.8579 0.4555 180 189 12
-0.9937 1.8580 0.4524 180 189 12
-0.9952 1.8581 0.4493 180 189 12
-0.9966 1.8582 0.4462 179 189 12
-0.9981 1.8584 0.4431 179 189 11
-0.9995 1.8585 0.4400 179 189 11
-1.0009 1.8586 0.4369 178 189 11
-1.0024 1.8588 0.4338 178 189 11
-1.0038 1.8589 0.4306 178 189 11
-1.0052 1.8590 0.4275 177 189 11
-1.0066 1.8591 0.4244 177 189 10
-1.0080 1.8593 0.4212 176 189 10
-1.0093 1.8594 0.4181 176 189 10
-1.0107 1.8595 0.4149 176 189 10
-1.0121 1.8596 0.4118 175 189 10
-1.0134 1.8598 0.4086 175 189 10
-1.0147 1.8599 0.4055 175 189 10
-1.0161 1.8600 0.4023 174 189 9
-1.0174 1.8601 0.3991 174 189 9
-1.0187 1.8602 0.3959 174 189 9
-1.0200 1.8604 0.3928 173 189 9
-1.0213 1.8605 0.3896 173 189 9
-1.0225 1.8606 0.3864 172 189 9
-1.0238 1.8607 0.3832 172 189 9
-1.0251 1.8609 0.3800 172 189 8
-1.0263 1.8610 0.3768 171 189 8
-1.0275 1.8611 0.3736 171 189 8
-1.0288 1.8613 0.3704 171 189 8
-1.0300 1.8614 0.3672 170 189 8
-1.0312 1.8615 0.3639 170 189 8
-1.0324 1.8616 0.3607 169 189 8
-1.0336 1.8618 0.3575 169 189 7
-1.0347 1.8619 0.3543 169 189 7
-1.0359 1.8620 0.3510 168 189 7
-1.0371 1.8621 0.3478 168 189 7
-1.0382 1.8622 0.3446 168 189 7
-1.0393 1.8624 0.3413 167 189 7
-1.0405 1.8625 0.3381 167 189 7
-1.0416 1.8626 0.3348 166 189 7
-1.0427 1.8627 0.3316 166 190 6
-1.0438 1.8629 0.3283 166 190 6
-1.0449 1.8630 0.3250 165 190 6
-1.0459 1.8631 0.3218 165 190 6
-1.0470 1.8632 0.3185 164 190 6
-1.0480 1.8634 0.3152 164 190 6
-1.0491 1.8635 0.3119 164 190 6
-1.0501 1.8636 0.3087 163 190 6
-1.0511 1.8638 0.3054 163 190 6
-1.0521 1.8639 0.3021 163 190 5
-1.0532 1.8640 0.2988 162 190 5
-1.0541 1.8641 0.2955 162 190 5
-1.0551 1.8643 0.2922 161 190 5
-1.0561 1.8644 0.2889 161 190 5
-1.0571 1.8645 0.2856 161 190 5
-1.0580 1.8646 0.2823 160 190 5
-1.0589 1.8647 0.2790 160 190 5
-1.0599 1.8649 0.2757 159 190 5
-1.0608 1.8650 0.2724 159 190 4
-1.0617 1.8651 0.2690 159 190 4
-1.0626 1.8653 0.2657 158 190 4
-1.0635 1.8654 0.2624 158 190 4
-1.0644 1.8655 0.2591 158 190 4
-1.0652 1.8656 0.2557 157 190 4
-1.0661 1.8657 0.2524 157 190 4
-1.0669 1.8659 0.2491 156 190 4
-1.0678 1.8660 0.2457 156 190 4
-1.0686 1.8661 0.2424 156 190 4
-1.0694 1.8663 0.2390 155 190 4
-1.0702 1.8664 0.2357 155 190 3
-1.0710 1.8665 0.2323 154 190 3
-1.0718 1.8666 0.2290 154 190 3
-1.0726 1.8668 0.2256 154 190 3
-1.0733 1.8669 0.2223 153 190 3
-1.0741 1.8670 0.2189 153 190 3
-1.0748 1.8671 0.2156 152 190 3
-1.0755 1.8673 0.2122 152 190 3
-1.0763 1.8674 0.2088 152 190 3
-1.0770 1.8675 0.2054 151 190 3
-1.0777 1.8676 0.2021 151 190 3
-1.0784 1.8678 0.1987 151 190 3
-1.0790 1.8679 0.1953 150 190 3
-1.0797 1.8680 0.1919 150 190 2
-1.0804 1.8681 0.1886 149 190 2
-1.0810 1.8682 0.1852 149 190 2
-1.0817 1.8684 0.1818 149 190 2
-1.0823 1.8685 0.1784 148 190 2
-1.0829 1.8686 0.1750 148 190 2
-1.0835 1.8688 0.1716 147 190 2
-1.0841 1.8689 0.1682 147 190 2
-1.0847 1.8690 0.1648 147 190 2
-1.0852 1.8691 0.1614 146 190 2
-1.0858 1.8693 0.1580 146 190 2
-1.0864 1.8694 0.1546 145 190 2
-1.0869 1.8695 0.1512 145 190 2
-1.0874 1.8696 0.1478 145 190 2
-1.0879 1.8698 0.1444 144 190 2
-1.0884 1.8699 0.1410 144 190 2
-1.0889 1.8700 0.1376 143 190 2
-1.0894 1.8701 0.1342 143 190 1
-1.0899 1.8702 0.1307 143 190 1
-1.0904 1.8704 0.1273 142 190 1
-1.0908 1.8705 0.1239 142 190 1
-1.0913 1.8706 0.1205 141 190 1
-1.0917 1.8707 0.1171 141 190 1
-1.0921 1.8709 0.1136 141 190 1
-1.0925 1.8710 0.1102 140 190 1
-1.0929 1.8711 0.1068 140 190 1
-1.0933 1.8713 0.1033 139 190 1
-1.0937 1.8714 0.0999 139 190 1
-1.0941 1.8715 0.0965 139 190 1
-1.0944 1.8716 0.0931 138 190 1
-1.0948 1.8718 0.0896 138 190 1
-1.0951 1.8719 0.0862 137 190 1
-1.0954 1.8720 0.0828 137 190 1
-1.0958 1.8721 0.0793 137 190 1
-1.0961 1.8722 0.0759 136 190 1
-1.0963 1.8724 0.0724 136 190 1
-1.0966 1.8725 0.0690 135 190 1
-1.0969 1.8726 0.0656 135 191 1
-1.0972 1.8727 0.0621 135 191 1
-1.0974 1.8729 0.0587 134 191 1
-1.0977 1.8730 0.0552 134 191 1
-1.0979 1.8731 0.0518 133 191 1
-1.0981 1.8732 0.0483 133 191 1
-1.0983 1.8734 0.0449 133 191 1
-1.0985 1.8735 0.0414 132 191 1
-1.0987 1.8736 0.0380 132 191 1
-1.0989 1.8738 0.0345 131 191 1
-1.0990 1.8739 0.0311 131 191 1
-1.0992 1.8740 0.0276 131 191 1
-1.0993 1.8741 0.0242 130 191 1
-1.0994 1.8742 0.0207 130 191 1
-1.0996 1.8744 0.0173 129 191 1
-1.0997 1.8745 0.0138 129 191 1
-1.0998 1.8746 0.0104 129 191 1
-1.0999 1.8748 0.0069 128 191 1
-1.0999 1.8749 0.0035 128 191 1
-1.1000 1.8750 0.0000 128 191 1
-1.1001 1.8751 -0.0035 127 191 1
-1.1001 1.8752 -0.0069 127 191 1
-1.1001 1.8754 -0.0104 126 191 1
-1.1002 1.8755 -0.0138 126 191 1
-1.1002 1.8756 -0.0173 126 191 1
-1.1002 1.8758 -0.0207 125 191 1
-1.1002 1.8759 -0.0242 125 191 1
-1.1001 1.8760 -0.0277 124 191 1
-1.1001 1.8761 -0.0311 124 191 1
-1.1001 1.8762 -0.0346 124 191 1
-1.1000 1.8764 -0.0380 123 191 1
-1.0999 1.8765 -0.0415 123 191 1
-1.0999 1.8766 -0.0449 122 191 1
-1.0998 1.8768 -0.0484 122 191 1
-1.0997 1.8769 -0.0519 122 191 1
-1.0996 1.8770 -0.0553 121 191 1
-1.0995 1.8771 -0.0588 121 191 1
-1.0993 1.8773 -0.0622 120 191 1
-1.0992 1.8774 -0.0657 120 191 1
-1.0990 1.8775 -0.0691 120 191 1
-1.0989 1.8776 -0.0726 119 191 1
-1.0987 1.8778 -0.0761 119 191 1
-1.0985 1.8779 -0.0795 118 191 1
-1.0983 1.8780 -0.0830 118 191 1
-1.0981 1.8781 -0.0864 118 191 1
-1.0979 1.8782 -0.0899 117 191 1
-1.0977 1.8784 -0.0933 117 191 1
-1.0974 1.8785 -0.0968 116 191 1
-1.0972 1.8786 -0.1002 116 191 1
-1.0969 1.8787 -0.1037 116 191 1
-1.0966 1.8789 -0.1071 115 191 1
-1.0964 1.8790 -0.1106 115 191 1
-1.0961 1.8791 -0.1140 114 191 1
-1.0958 1.8793 -0.1175 114 191 1
-1.0954 1.8794 -0.1209 114 191 1
-1.0951 1.8795 -0.1244 113 191 1
-1.0948 1.8796 -0.1278 113 191 1
-1.0944 1.8798 -0.1313 112 191 1
-1.0941 1.8799 -0.1347 112 191 1
-1.0937 1.8800 -0.1382 112 191 2
-1.0933 1.8801 -0.1416 111 191 2
-1.0929 1.8802 -0.1451 111 191 2
-1.0925 1.8804 -0.1485 110 191 2
-1.0921 1.8805 -0.1519 110 191 2
-1.0917 1.8806 -0.1554 110 191 2
-1.0913 1.8807 -0.1588 109 191 2
-1.0908 1.8809 -0.1622 109 191 2
-1.0904 1.8810 -0.1657 108 191 2
-1.0899 1.8811 -0.1691 108 191 2
-1.0894 1.8812 -0.1725 108 191 2
-1.0889 1.8814 -0.1760 107 191 2
-1.0884 1.8815 -0.1794 107 191 2
-1.0879 1.8816 -0.1828 106 191 2
-1.0874 1.8818 -0.1863 106 191 2
-1.0869 1.8819 -0.1897 106 191 2
-1.0863 1.8820 -0.1931 105 191 2
-1.0858 1.8821 -0.1965 105 191 3
-1.0852 1.8822 -0.2000 104 191 3
-1.0846 1.8824 -0.2034 104 192 3
-1.0841 1.8825 -0.2068 104 192 3
-1.0835 1.8826 -0.2102 103 192 3
-1.0828 1.8827 -0.2136 103 192 3
-1.0822 1.8829 -0.2170 103 192 3
-1.0816 1.8830 -0.2204 102 192 3
-1.0810 1.8831 -0.2239 102 192 3
-1.0803 1.8832 -0.2273 101 192 3
-1.0797 1.8834 -0.2307 101 192 3
-1.0790 1.8835 -0.2341 101 192 3
-1.0783 1.8836 -0.2375 100 192 3
-1.0776 1.8837 -0.2409 100 192 4
-1.0769 1.8839 -0.2443 99 192 4
-1.0762 1.8840 -0.2477 99 192 4
-1.0755 1.8841 -0.2511 99 192 4
-1.0747 1.8843 -0.2545 98 192 4
-1.0740 1.8844 -0.2578 98 192 4
-1.0732 1.8845 -0.2612 97 192 4
-1.0725 1.8846 -0.2646 97 192 4
-1.0717 1.8847 -0.2680 97 192 4
-1.0709 1.8849 -0.2714 96 192 4
-1.0701 1.8850 -0.2748 96 192 4
-1.0693 1.8851 -0.2781 96 192 5
-1.0685 1.8853 -0.2815 95 192 5
-1.0676 1.8854 -0.2849 95 192 5
-1.0668 1.8855 -0.2882 94 192 5
-1.0659 1.8856 -0.2916 94 192 5
-1.0651 1.8857 -0.2950 94 192 5
-1.0642 1.8859 -0.2983 93 192 5
-1.0633 1.8860 -0.3017 93 192 5
-1.0624 1.8861 -0.3050 92 192 5
-1.0615 1.8862 -0.3084 92 192 6
-1.0606 1.8864 -0.3117 92 192 6
-1.0597 1.8865 -0.3151 91 192 6
-1.0587 1.8866 -0.3184 91 192 6
-1.0578 1.8868 -0.3218 91 192 6
-1.0568 1.8869 -0.3251 90 192 6
-1.0559 1.8870 -0.3285 90 192 6
-1.0549 1.8871 -0.3318 89 192 6
-1.0539 1.8873 -0.3351 89 192 6
-1.0529 1.8874 -0.3384 89 192 7
-1.0519 1.8875 -0.3418 88 192 7
-1.0508 1.8876 -0.3451 88 192 7
-1.0498 1.8878 -0.3484 87 192 7
-1.0488 1.8879 -0.3517 87 192 7
-1.0477 1.8880 -0.3550 87 192 7
-1.0467 1.8881 -0.3583 86 192 7
-1.0456 1.8882 -0.3617 86 192 7
-1.0445 1.8884 -0.3650 86 192 8
-1.0434 1.8885 -0.3683 85 192 8
-1.0423 1.8886 -0.3716 85 192 8
-1.0412 1.8887 -0.3748 84 192 8
-1.0401 1.8889 -0.3781 84 192 8
-1.0389 1.8890 -0.3814 84 192 8
-1.0378 1.8891 -0.3847 83 192 8
-1.0366 1.8893 -0.3880 83 192 9
-1.0354 1.8894 -0.3913 83 192 9
-1.0343 1.8895 -0.3945 82 192 9
-1.0331 1.8896 -0.3978 82 192 9
-1.0319 1.8898 -0.4011 81 192 9
-1.0307 1.8899 -0.4043 81 192 9
-1.0294 1.8900 -0.4076 81 192 9
-1.0282 1.8901 -0.4108 80 192 10
-1.0270 1.8902 -0.4141 80 192 10
-1.0257 1.8904 -0.4173 80 192 10
-1.0245 1.8905 -0.4206 79 192 10
-1.0232 1.8906 -0.4238 79 192 10
-1.0219 1.8907 -0.4271 79 192 10
-1.0206 1.8909 -0.4303 78 192 10
-1.0193 1.8910 -0.4335 78 192 11
-1.0180 1.8911 -0.4367 77 192 11
-1.0167 1.8912 -0.4400 77 192 11
-1.0154 1.8914 -0.4432 77 192 11
-1.0140 1.8915 -0.4464 76 192 11
-1.0127 1.8916 -0.4496 76 192 11
-1.0113 1.8918 -0.4528 76 192 12
-1.0099 1.8919 -0.4560 75 192 12
-1.0085 1.8920 -0.4592 75 192 12
-1.0071 1.8921 -0.4624 75 192 12
-1.0057 1.8922 -0.4656 74 193 12
-1.0043 1.8924 -0.4688 74 193 12
-1.0029 1.8925 -0.4719 73 193 13
-1.0015 1.8926 -0.4751 73 193 13
-1.0000 1.8927 -0.4783 73 193 13
-0.9986 1.8929 -0.4814 72 193 13
-0.9971 1.8930 -0.4846 72 193 13
-0.9956 1.8931 -0.4878 72 193 13
-0.9942 1.8932 -0.4909 71 193 14
-0.9927 1.8934 -0.4941 71 193 14
-0.9912 1.8935 -0.4972 71 193 14
-0.9896 1.8936 -0.5003 70 193 14
-0.9881 1.8937 -0.5035 70 193 14
-0.9866 1.8939 -0.5066 69 193 15
-0.9850 1.8940 -0.5097 69 193 15
-0.9835 1.8941 -0.5128 69 193 15
-0.9819 1.8942 -0.5160 68 193 15
-0.9804 1.8944 -0.5191 68 193 15
-0.9788 1.8945 -0.5222 68 193 15
-0.9772 1.8946 -0.5253 67 193 16
-0.9756 1.8948 -0.5284 67 193 16
-0.9740 1.8949 -0.5315 67 193 16
-0.9723 1.8950 -0.5346 66 193 16
-0.9707 1.8951 -0.5376 66 193 16
-0.9691 1.8952 -0.5407 66 193 17
-0.9674 1.8954 -0.5438 65 193 17
-0.9658 1.8955 -0.5468 65 193 17
-0.9641 1.8956 -0.5499 65 193 17
-0.9624 1.8958 -0.5530 64 193 17
-0.9607 1.8959 -0.5560 64 193 18
-0.9590 1.8960 -0.5591 64 193 18
-0.9573 1.8961 -0.5621 63 193 18
-0.9556 1.8962 -0.5651 63 193 18
-0.9539 1.8964 -0.5682 63 193 18
-0.9521 1.8965 -0.5712 62 193 19
-0.9504 1.8966 -0.5742 62 193 19
-0.9486 1.8968 -0.5772 61 193 19
-0.9469 1.8969 -0.5802 61 193 19
-0.9451 1.8970 -0.5832 61 193 19
-0.9433 1.8971 -0.5862 60 193 20
-0.9415 1.8973 -0.5892 60 193 20
-0.9397 1.8974 -0.5922 60 193 20
-0.9379 1.8975 -0.5952 59 193 20
-0.9361 1.8976 -0.5982 59 193 20
-0.9342 1.8978 -0.6011 59 193 21
-0.9324 1.8979 -0.6041 58 193 21
-0.9305 1.8980 -0.6071 58 193 21
-0.9287 1.8981 -0.6100 58 193 21
-0.9268 1.8982 -0.6130 57 193 22
-0.9249 1.8984 -0.6159 57 193 22
-0.9230 1.8985 -0.6188 57 193 22
-0.9211 1.8986 -0.6218 56 193 22
-0.9192 1.8987 -0.6247 56 193 22
-0.9173 1.8989 -0.6276 56 193 23
-0.9154 1.8990 -0.6305 55 193 23
-0.9134 1.8991 -0.6334 55 193 23
-0.9115 1.8993 -0.6363 55 193 23
-0.9095 1.8994 -0.6392 54 193 24
-0.9076 1.8995 -0.6421 54 193 24
-0.9056 1.8996 -0.6450 54 193 24
-0.9036 1.8998 -0.6479 53 193 24
-0.9016 1.8999 -0.6508 53 193 25
-0.8996 1.9000 -0.6536 53 193 25
-0.8976 1.9001 -0.6565 53 193 25
-0.8956 1.9002 -0.6593 52 193 25
-0.8936 1.9004 -0.6622 52 193 25
-0.8915 1.9005 -0.6650 52 193 26
-0.8895 1.9006 -0.6678 51 193 26
-0.8874 1.9007 -0.6707 51 193 26
-0.8854 1.9009 -0.6735 51 193 26
-0.8833 1.9010 -0.6763 50 193 27
-0.8812 1.9011 -0.6791 50 193 27
-0.8791 1.9012 -0.6819 50 193 27
-0.8770 1.9014 -0.6847 49 193 27
-0.8749 1.9015 -0.6875 49 193 28
-0.8728 1.9016 -0.6903 49 193 28
-0.8707 1.9018 -0.6931 48 193 28
-0.8685 1.9019 -0.6958 48 193 28
-0.8664 1.9020 -0.6986 48 194 29
-0.8642 1.9021 -0.7014 47 194 29
-0.8621 1.9022 -0.7041 47 194 29
-0.8599 1.9024 -0.7068 47 194 29
-0.8577 1.9025 -0.7096 47 194 30
-0.8555 1.9026 -0.7123 46 194 30
-0.8534 1.9027 -0.7150 46 194 30
-0.8511 1.9029 -0.7177 46 194 30
-0.8489 1.9030 -0.7205 45 194 31
-0.8467 1.9031 -0.7232 45 194 31
-0.8445 1.9032 -0.7259 45 194 31
-0.8422 1.9034 -0.7285 44 194 31
-0.8400 1.9035 -0.7312 44 194 32
-0.8377 1.9036 -0.7339 44 194 32
-0.8355 1.9037 -0.7366 44 194 32
-0.8332 1.9039 -0.7392 43 194 33
-0.8309 1.9040 -0.7419 43 194 33
-0.8286 1.9041 -0.7445 43 194 33
-0.8263 1.9043 -0.7472 42 194 33
-0.8240 1.9044 -0.7498 42 194 34
-0.8217 1.9045 -0.7524 42 194 34
-0.8194 1.9046 -0.7550 41 194 34
-0.8171 1.9047 -0.7577 41 194 34
-0.8147 1.9049 -0.7603 41 194 35
-0.8124 1.9050 -0.7629 41 194 35
-0.8100 1.9051 -0.7654 40 194 35
-0.8076 1.9053 -0.7680 40 194 35
-0.8053 1.9054 -0.7706 40 194 36
-0.8029 1.9055 -0.7732 39 194 36
-0.8005 1.9056 -0.7757 39 194 36
-0.7981 1.9057 -0.7783 39 194 37
-0.7957 1.9059 -0.7808 39 194 37
-0.7933 1.9060 -0.7834 38 194 37
-0.7909 1.9061 -0.7859 38 194 37
-0.7884 1.9063 -0.7884 38 194 38
-0.7860 1.9064 -0.7909 37 194 38
-0.7835 1.9065 -0.7934 37 194 38
-0.7811 1.9066 -0.7959 37 194 39
-0.7786 1.9068 -0.7984 37 194 39
-0.7762 1.9069 -0.8009 36 194 39
-0.7737 1.9070 -0.8034 36 194 39
-0.7712 1.9071 -0.8059 36 194 40
-0.7687 1.9073 -0.8083 35 194 40
-0.7662 1.9074 -0.8108 35 194 40
-0.7637 1.9075 -0.8132 35 194 41
-0.7612 1.9076 -0.8157 35 194 41
-0.7586 1.9078 -0.8181 34 194 41
-0.7561 1.9079 -0.8205 34 194 41
-0.7536 1.9080 -0.8229 34 194 42
-0.7510 1.9081 -0.8254 34 194 42
-0.7485 1.9083 -0.8278 33 194 42
-0.7459 1.9084 -0.8301 33 194 43
-0.7433 1.9085 -0.8325 33 194 43
-0.7407 1.9086 -0.8349 33 194 43
-0.7382 1.9087 -0.8373 32 194 44
-0.7356 1.9089 -0.8396 32 194 44
-0.7330 1.9090 -0.8420 32 194 44
-0.7304 1.9091 -0.8443 31 194 44
-0.7277 1.9093 -0.8467 31 194 45
-0.7251 1.9094 -0.8490 31 194 45
-0.7225 1.9095 -0.8513 31 194 45
-0.7198 1.9096 -0.8536 30 194 46
-0.7172 1.9098 -0.8559 30 194 46
-0.7145 1.9099 -0.8582 30 194 46
-0.7119 1.9100 -0.8605 30 194 47
-0.7092 1.9101 -0.8628 29 194 47
-0.7065 1.9103 -0.8651 29 194 47
-0.7038 1.9104 -0.8673 29 194 47
-0.7012 1.9105 -0.8696 29 194 48
-0.6985 1.9106 -0.8718 28 194 48
-0.6958 1.9107 -0.8741 28 194 48
-0.6930 1.9109 -0.8763 28 194 49
-0.6903 1.9110 -0.8785 28 194 49
-0.6876 1.9111 -0.8807 27 194 49
-0.6849 1.9112 -0.8829 27 194 50
-0.6821 1.9114 -0.8851 27 194 50
-0.6794 1.9115 -0.8873 27 194 50
-0.6766 1.9116 -0.8895 26 194 51
-0.6739 1.9118 -0.8916 26 194 51
-0.6711 1.9119 -0.8938 26 195 51
-0.6683 1.9120 -0.8960 26 195 52
-0.6655 1.9121 -0.8981 25 195 52
-0.6627 1.9123 -0.9002 25 195 52
-0.6599 1.9124 -0.9024 25 195 53
-0.6571 1.9125 -0.9045 25 195 53
-0.6543 1.9126 -0.9066 25 195 53
-0.6515 1.9127 -0.9087 24 195 53
-0.6487 1.9129 -0.9108 24 195 54
-0.6459 1.9130 -0.9129 24 195 54
-0.6430 1.9131 -0.9149 24 195 54
-0.6402 1.9132 -0.9170 23 195 55
-0.6373 1.9134 -0.9191 23 195 55
-0.6345 1.9135 -0.9211 23 195 55
-0.6316 1.9136 -0.9231 23 195 56
-0.6287 1.9137 -0.9252 22 195 56
-0.6259 1.9139 -0.9272 22 195 56
-0.6230 1.9140 -0.9292 22 195 57
-0.6201 1.9141 -0.9312 22 195 57
-0.6172 1.9143 -0.9332 22 195 57
-0.6143 1.9144 -0.9352 21 195 58
-0.6114 1.9145 -0.9372 21 195 58
-0.6085 1.9146 -0.9391 21 195 58
-0.6056 1.9148 -0.9411 21 195 59
-0.6026 1.9149 -0.9430 20 195 59
-0.5997 1.9150 -0.9450 20 195 59
-0.5968 1.9151 -0.9469 20 195 60
-0.5938 1.9152 -0.9488 20 195 60
-0.5909 1.9154 -0.9507 20 195 60
-0.5879 1.9155 -0.9526 19 195 61
-0.5849 1.9156 -0.9545 19 195 61
-0.5820 1.9158 -0.9564 19 195 61
-0.5790 1.9159 -0.9583 19 195 62
-0.5760 1.9160 -0.9602 19 195 62
-0.5730 1.9161 -0.9620 18 195 63
-0.5700 1.9162 -0.9639 18 195 63
-0.5670 1.9164 -0.9657 18 195 63
-0.5640 1.9165 -0.9675 18 195 64
-0.5610 1.9166 -0.9693 18 195 64
-0.5580 1.9168 -0.9712 17 195 64
-0.5550 1.9169 -0.9730 17 195 65
-0.5519 1.9170 -0.9747 17 195 65
-0.5489 1.9171 -0.9765 17 195 65
-0.5459 1.9173 -0.9783 17 195 66
-0.5428 1.9174 -0.9801 16 195 66
-0.5398 1.9175 -0.9818 16 195 66
-0.5367 1.9176 -0.9836 16 195 67
-0.5336 1.9178 -0.9853 16 195 67
-0.5306 1.9179 -0.9870 16 195 67
-0.5275 1.9180 -0.9887 15 195 68
-0.5244 1.9181 -0.9904 15 195 68
-0.5213 1.9183 -0.9921 15 195 68
-0.5182 1.9184 -0.9938 15 195 69
-0.5151 1.9185 -0.9955 15 195 69
-0.5120 1.9186 -0.9972 15 195 69
-0.5089 1.9187 -0.9988 14 195 70
-0.5058 1.9189 -1.0005 14 195 70
-0.5027 1.9190 -1.0021 14 195 71
-0.4996 1.9191 -1.0037 14 195 71
-0.4964 1.9193 -1.0053 14 195 71
-0.4933 1.9194 -1.0070 13 195 72
-0.4902 1.9195 -1.0086 13 195 72
-0.4870 1.9196 -1.0101 13 195 72
-0.4839 1.9198 -1.0117 13 195 73
-0.4807 1.9199 -1.0133 13 195 73
-0.4776 1.9200 -1.0149 13 195 73
-0.4744 1.9201 -1.0164 12 195 74
-0.4712 1.9203 -1.0179 12 195 74
-0.4680 1.9204 -1.0195 12 195 75
-0.4649 1.9205 -1.0210 12 195 75
-0.4617 1.9206 -1.0225 12 195 75
-0.4585 1.9207 -1.0240 12 195 76
-0.4553 1.9209 -1.0255 11 195 76
-0.4521 1.9210 -1.0270 11 195 76
-0.4489 1.9211 -1.0284 11 195 77
-0.4457 1.9212 -1.0299 11 195 77
-0.4425 1.9214 -1.0314 11 195 77
-0.4392 1.9215 -1.0328 11 195 78
-0.4360 1.9216 -1.0342 10 196 78
-0.4328 1.9218 -1.0356 10 196 79
-0.4296 1.9219 -1.0371 10 196 79
-0.4263 1.9220 -1.0385 10 196 79
-0.4231 1.9221 -1.0398 10 196 80
-0.4198 1.9223 -1.0412 10 196 80
-0.4166 1.9224 -1.0426 10 196 80
-0.4133 1.9225 -1.0440 9 196 81
-0.4101 1.9226 -1.0453 9 196 81
-0.4068 1.9227 -1.0466 9 196 81
-0.4035 1.9229 -1.0480 9 196 82
-0.4003 1.9230 -1.0493 9 196 82
-0.3970 1.9231 -1.0506 9 196 83
-0.3937 1.9232 -1.0519 9 196 83
-0.3904 1.9234 -1.0532 8 196 83
-0.3871 1.9235 -1.0545 8 196 84
-0.3838 1.9236 -1.0557 8 196 84
-0.3805 1.9237 -1.0570 8 196 84
-0.3772 1.9239 -1.0582 8 196 85
-0.3739 1.9240 -1.0595 8 196 85
-0.3706 1.9241 -1.0607 8 196 86
-0.3673 1.9243 -1.0619 7 196 86
-0.3640 1.9244 -1.0631 7 196 86
-0.3607 1.9245 -1.0643 7 196 87
-0.3573 1.9246 -1.0655 7 196 87
-0.3540 1.9247 -1.0667 7 196 87
-0.3507 1.9249 -1.0678 7 196 88
-0.3473 1.9250 -1.0690 7 196 88
-0.3440 1.9251 -1.0701 7 196 89
-0.3406 1.9253 -1.0713 6 196 89
-0.3373 1.9254 -1.0724 6 196 89
-0.3339 1.9255 -1.0735 6 196 90
-0.3306 1.9256 -1.0746 6 196 90
-0.3272 1.9257 -1.0757 6 196 91
-0.3239 1.9259 -1.0768 6 196 91
-0.3205 1.9260 -1.0778 6 196 91
-0.3171 1.9261 -1.0789 6 196 92
-0.3138 1.9263 -1.0799 6 196 92
-0.3104 1.9264 -1.0810 5 196 92
-0.3070 1.9265 -1.0820 5 196 93
-0.3036 1.9266 -1.0830 5 196 93
-0.3002 1.9268 -1.0840 5 196 94
-0.2968 1.9269 -1.0850 5 196 94
-0.2934 1.9270 -1.0860 5 196 94
-0.2900 1.9271 -1.0870 5 196 95
-0.2866 1.9273 -1.0880 5 196 95
-0.2832 1.9274 -1.0889 5 196 96
-0.2798 1.9275 -1.0898 4 196 96
-0.2764 1.9276 -1.0908 4 196 96
-0.2730 1.9278 -1.0917 4 196 97
-0.2696 1.9279 -1.0926 4 196 97
-0.2662 1.9280 -1.0935 4 196 97
-0.2627 1.9281 -1.0944 4 196 98
-0.2593 1.9283 -1.0953 4 196 98
-0.2559 1.9284 -1.0961 4 196 99
-0.2525 1.9285 -1.0970 4 196 99
-0.2490 1.9286 -1.0979 4 196 99
-0.2456 1.9287 -1.0987 4 196 100
-0.2421 1.9289 -1.0995 3 196 100
-0.2387 1.9290 -1.1003 3 196 101
-0.2353 1.9291 -1.1011 3 196 101
-0.2318 1.9293 -1.1019 3 196 101
-0.2284 1.9294 -1.1027 3 196 102
-0.2249 1.9295 -1.1035 3 196 102
-0.2214 1.9296 -1.1042 3 196 103
-0.2180 1.9298 -1.1050 3 196 103
-0.2145 1.9299 -1.1057 3 196 103
-0.2111 1.9300 -1.1064 3 196 104
-0.2076 1.9301 -1.1072 3 196 104
-0.2041 1.9303 -1.1079 3 196 104
-0.2007 1.9304 -1.1086 3 196 105
-0.1972 1.9305 -1.1092 2 196 105
-0.1937 1.9306 -1.1099 2 196 106
-0.1902 1.9307 -1.1106 2 196 106
-0.1868 1.9309 -1.1112 2 196 106
-0.1833 1.9310 -1.1119 2 196 107
-0.1798 1.9311 -1.1125 2 196 107
-0.1763 1.9312 -1.1131 2 196 108
-0.1728 1.9314 -1.1137 2 197 108
-0.1693 1.9315 -1.1143 2 197 108
-0.1658 1.9316 -1.1149 2 197 109
-0.1623 1.9318 -1.1155 2 197 109
-0.1588 1.9319 -1.1161 2 197 110
-0.1553 1.9320 -1.1166 2 197 110
-0.1518 1.9321 -1.1171 2 197 110
-0.1483 1.9323 -1.1177 2 197 111
-0.1448 1.9324 -1.1182 2 197 111
-0.1413 1.9325 -1.1187 2 197 112
-0.1378 1.9326 -1.1192 1 197 112
-0.1343 1.9327 -1.1197 1 197 112
-0.1308 1.9329 -1.1202 1 197 113
-0.1273 1.9330 -1.1206 1 197 113
-0.1238 1.9331 -1.1211 1 197 114
-0.1203 1.9332 -1.1215 1 197 114
-0.1167 1.9334 -1.1220 1 197 114
-0.1132 1.9335 -1.1224 1 197 115
-0.1097 1.9336 -1.1228 1 197 115
-0.1062 1.9337 -1.1232 1 197 116
-0.1026 1.9339 -1.1236 1 197 116
-0.0991 1.9340 -1.1240 1 197 116
-0.0956 1.9341 -1.1243 1 197 117
-0.0921 1.9343 -1.1247 1 197 117
-0.0885 1.9344 -1.1250 1 197 118
-0.0850 1.9345 -1.1254 1 197 118
-0.0815 1.9346 -1.1257 1 197 118
-0.0779 1.9348 -1.1260 1 197 119
-0.0744 1.9349 -1.1263 1 197 119
-0.0709 1.9350 -1.1266 1 197 120
-0.0673 1.9351 -1.1268 1 197 120
-0.0638 1.9352 -1.1271 1 197 120
-0.0603 1.9354 -1.1274 1 197 121
-0.0567 1.9355 -1.1276 1 197 121
-0.0532 1.9356 -1.1278 1 197 122
-0.0496 1.9358 -1.1281 1 197 122
-0.0461 1.9359 -1.1283 1 197 122
-0.0426 1.9360 -1.1285 1 197 123
-0.0390 1.9361 -1.1287 1 197 123
-0.0355 1.9362 -1.1288 1 197 124
-0.0319 1.9364 -1.1290 1 197 124
-0.0284 1.9365 -1.1292 1 197 124
-0.0248 1.9366 -1.1293 1 197 125
-0.0213 1.9368 -1.1294 1 197 125
-0.0177 1.9369 -1.1296 1 197 126
-0.0142 1.9370 -1.1297 1 197 126
-0.0106 1.9371 -1.1298 1 197 126
-0.0071 1.9373 -1.1299 1 197 127
-0.0035 1.9374 -1.1299 1 197 127
-0.0000 1.9375 -1.1300 1 197 127
0.0036 1.9376 -1.1301 1 197 128
0.0071 1.9378 -1.1301 1 197 128
0.0107 1.9379 -1.1301 1 197 129
0.0142 1.9380 -1.1302 1 197 129
0.0178 1.9381 -1.1302 1 197 129
0.0213 1.9383 -1.1302 1 197 130
0.0249 1.9384 -1.1301 1 197 130
0.0284 1.9385 -1.1301 1 197 131
0.0320 1.9386 -1.1301 1 197 131
0.0355 1.9387 -1.1300 1 197 131
0.0391 1.9389 -1.1300 1 197 132
0.0426 1.9390 -1.1299 1 197 132
0.0462 1.9391 -1.1298 1 197 133
0.0497 1.9392 -1.1297 1 197 133
0.0533 1.9394 -1.1296 1 197 133
0.0568 1.9395 -1.1295 1 197 134
0.0604 1.9396 -1.1294 1 197 134
0.0639 1.9398 -1.1293 1 197 135
0.0675 1.9399 -1.1291 1 197 135
0.0710 1.9400 -1.1290 1 197 135
0.0746 1.9401 -1.1288 1 197 136
0.0781 1.9403 -1.1286 1 197 136
0.0817 1.9404 -1.1284 1 197 137
0.0852 1.9405 -1.1282 1 197 137
0.0888 1.9406 -1.1280 1 197 137
0.0923 1.9407 -1.1278 1 197 138
0.0959 1.9409 -1.1276 1 197 138
0.0994 1.9410 -1.1273 1 197 139
0.1030 1.9411 -1.1270 1 197 139
0.1065 1.9412 -1.1268 1 198 139
0.1101 1.9414 -1.1265 1 198 140
0.1136 1.9415 -1.1262 1 198 140
0.1171 1.9416 -1.1259 1 198 141
0.1207 1.9417 -1.1256 1 198 141
0.1242 1.9419 -1.1253 1 198 141
0.1278 1.9420 -1.1249 1 198 142
0.1313 1.9421 -1.1246 1 198 142
0.1349 1.9423 -1.1242 1 198 143
0.1384 1.9424 -1.1239 1 198 143
0.1419 1.9425 -1.1235 2 198 143
0.1455 1.9426 -1.1231 2 198 144
0.1490 1.9427 -1.1227 2 198 144
0.1525 1.9429 -1.1223 2 198 145
0.1561 1.9430 -1.1218 2 198 145
0.1596 1.9431 -1.1214 2 198 145
0.1631 1.9432 -1.1210 2 198 146
0.1667 1.9434 -1.1205 2 198 146
0.1702 1.9435 -1.1200 2 198 147
0.1737 1.9436 -1.1195 2 198 147
0.1772 1.9437 -1.1191 2 198 147
0.1808 1.9439 -1.1185 2 198 148
0.1843 1.9440 -1.1180 2 198 148
0.1878 1.9441 -1.1175 2 198 149
0.1913 1.9442 -1.1170 2 198 149
0.1948 1.9444 -1.1164 2 198 149
0.1984 1.9445 -1.1159 2 198 150
0.2019 1.9446 -1.1153 3 198 150
0.2054 1.9447 -1.1147 3 198 151
0.2089 1.9449 -1.1141 3 198 151
0.2124 1.9450 -1.1135 3 198 151
0.2159 1.9451 -1.1129 3 198 152
0.2194 1.9453 -1.1123 3 198 152
0.2229 1.9454 -1.1116 3 198 152
0.2264 1.9455 -1.1110 3 198 153
0.2299 1.9456 -1.1103 3 198 153
0.2334 1.9457 -1.1097 3 198 154
0.2369 1.9459 -1.1090 3 198 154
0.2404 1.9460 -1.1083 3 198 154
0.2439 1.9461 -1.1076 3 198 155
0.2474 1.9463 -1.1069 4 198 155
0.2509 1.9464 -1.1062 4 198 156
0.2544 1.9465 -1.1054 4 198 156
0.2579 1.9466 -1.1047 4 198 156
0.2614 1.9467 -1.1039 4 198 157
0.2648 1.9469 -1.1032 4 198 157
0.2683 1.9470 -1.1024 4 198 158
0.2718 1.9471 -1.1016 4 198 158
0.2753 1.9473 -1.1008 4 198 158
0.2787 1.9474 -1.1000 4 198 159
0.2822 1.9475 -1.0991 4 198 159
0.2857 1.9476 -1.0983 5 198 159
0.2891 1.9478 -1.0975 5 198 160
0.2926 1.9479 -1.0966 5 198 160
0.2961 1.9480 -1.0957 5 198 161
0.2995 1.9481 -1.0949 5 198 161
0.3030 1.9483 -1.0940 5 198 161
0.3064 1.9484 -1.0931 5 198 162
0.3099 1.9485 -1.0922 5 198 162
0.3133 1.9486 -1.0912 5 198 163
0.3168 1.9487 -1.0903 6 198 163
0.3202 1.9489 -1.0894 6 198 163
0.3236 1.9490 -1.0884 6 198 164
0.3271 1.9491 -1.0875 6 198 164
0.3305 1.9492 -1.0865 6 198 164
0.3339 1.9494 -1.0855 6 198 165
0.3374 1.9495 -1.0845 6 198 165
0.3408 1.9496 -1.0835 6 198 166
0.3442 1.9498 -1.0825 6 198 166
0.3476 1.9499 -1.0814 7 198 166
0.3510 1.9500 -1.0804 7 198 167
0.3545 1.9501 -1.0793 7 198 167
0.3579 1.9503 -1.0783 7 198 168
0.3613 1.9504 -1.0772 7 198 168
0.3647 1.9505 -1.0761 7 198 168
0.3681 1.9506 -1.0750 7 198 169
0.3715 1.9507 -1.0739 7 198 169
0.3749 1.9509 -1.0728 8 198 169
0.3782 1.9510 -1.0717 8 199 170
0.3816 1.9511 -1.0706 8 199 170
0.3850 1.9512 -1.0694 8 199 171
0.3884 1.9514 -1.0682 8 199 171
0.3918 1.9515 -1.0671 8 199 171
0.3951 1.9516 -1.0659 8 199 172
0.3985 1.9517 -1.0647 9 199 172
0.4019 1.9519 -1.0635 9 199 172
0.4052 1.9520 -1.0623 9 199 173
0.4086 1.9521 -1.0611 9 199 173
0.4119 1.9523 -1.0598 9 199 174
0.4153 1.9524 -1.0586 9 199 174
0.4186 1.9525 -1.0573 9 199 174
0.4220 1.9526 -1.0561 10 199 175
0.4253 1.9527 -1.0548 10 199 175
0.4286 1.9529 -1.0535 10 199 175
0.4320 1.9530 -1.0522 10 199 176
0.4353 1.9531 -1.0509 10 199 176
0.4386 1.9532 -1.0496 10 199 176
0.4419 1.9534 -1.0483 10 199 177
0.4453 1.9535 -1.0469 11 199 177
0.4486 1.9536 -1.0456 11 199 178
0.4519 1.9537 -1.0442 11 199 178
0.4552 1.9539 -1.0429 11 199 178
0.4585 1.9540 -1.0415 11 199 179
0.4618 1.9541 -1.0401 11 199 179
0.4651 1.9542 -1.0387 12 199 179
0.4683 1.9544 -1.0373 12 199 180
0.4716 1.9545 -1.0358 12 199 180
0.4749 1.9546 -1.0344 12 199 180
0.4782 1.9548 -1.0330 12 199 181
0.4814 1.9549 -1.0315 12 199 181
0.4847 1.9550 -1.0301 13 199 182
0.4880 1.9551 -1.0286 13 199 182
0.4912 1.9552 -1.0271 13 199 182
0.4945 1.9554 -1.0256 13 199 183
0.4977 1.9555 -1.0241 13 199 183
0.5010 1.9556 -1.0226 13 199 183
0.5042 1.9558 -1.0211 14 199 184
0.5074 1.9559 -1.0195 14 199 184
0.5107 1.9560 -1.0180 14 199 184
0.5139 1.9561 -1.0164 14 199 185
0.5171 1.9562 -1.0149 14 199 185
0.5203 1.9564 -1.0133 15 199 186
0.5235 1.9565 -1.0117 15 199 186
0.5267 1.9566 -1.0101 15 199 186
0.5299 1.9567 -1.0085 15 199 187
0.5331 1.9569 -1.0069 15 199 187
0.5363 1.9570 -1.0052 15 199 187
0.5395 1.9571 -1.0036 16 199 188
0.5427 1.9573 -1.0020 16 199 188
0.5458 1.9574 -1.0003 16 199 188
0.5490 1.9575 -0.9986 16 199 189
0.5522 1.9576 -0.9970 16 199 189
0.5553 1.9578 -0.9953 17 199 189
0.5585 1.9579 -0.9936 17 199 190
0.5616 1.9580 -0.9919 17 199 190
0.5648 1.9581 -0.9902 17 199 190
0.5679 1.9583 -0.9884 17 199 191
0.5710 1.9584 -0.9867 18 199 191
0.5742 1.9585 -0.9849 18 199 191
0.5773 1.9586 -0.9832 18 199 192
0.5804 1.9587 -0.9814 18 199 192
0.5835 1.9589 -0.9796 18 199 192
0.5866 1.9590 -0.9779 19 199 193
0.5897 1.9591 -0.9761 19 199 193
0.5928 1.9592 -0.9743 19 199 194
0.5959 1.9594 -0.9724 19 199 194
0.5990 1.9595 -0.9706 19 199 194
0.6021 1.9596 -0.9688 20 199 195
0.6051 1.9598 -0.9669 20 199 195
0.6082 1.9599 -0.9651 20 199 195
0.6113 1.9600 -0.9632 20 199 196
0.6143 1.9601 -0.9613 20 199 196
0.6174 1.9603 -0.9595 21 199 196
0.6204 1.9604 -0.9576 21 199 197
0.6235 1.9605 -0.9557 21 199 197
0.6265 1.9606 -0.9537 21 199 197
0.6295 1.9607 -0.9518 22 199 198
0.6325 1.9609 -0.9499 22 200 198
0.6356 1.9610 -0.9479 22 200 198
0.6386 1.9611 -0.9460 22 200 199
0.6416 1.9612 -0.9440 22 200 199
0.6446 1.9614 -0.9421 23 200 199
0.6475 1.9615 -0.9401 23 200 200
0.6505 1.9616 -0.9381 23 200 200
0.6535 1.9617 -0.9361 23 200 200
0.6565 1.9619 -0.9341 24 200 201
0.6594 1.9620 -0.9321 24 200 201
0.6624 1.9621 -0.9300 24 200 201
0.6654 1.9623 -0.9280 24 200 202
0.6683 1.9624 -0.9260 25 200 202
0.6713 1.9625 -0.9239 25 200 202
0.6742 1.9626 -0.9218 25 200 202
0.6771 1.9627 -0.9198 25 200 203
0.6800 1.9629 -0.9177 25 200 203
0.6830 1.9630 -0.9156 26 200 203
0.6859 1.9631 -0.9135 26 200 204
0.6888 1.9632 -0.9114 26 200 204
0.6917 1.9634 -0.9092 26 200 204
0.6945 1.9635 -0.9071 27 200 205
0.6974 1.9636 -0.9050 27 200 205
0.7003 1.9637 -0.9028 27 200 205
0.7032 1.9639 -0.9007 27 200 206
0.7060 1.9640 -0.8985 28 200 206
0.7089 1.9641 -0.8963 28 200 206
0.7117 1.9642 -0.8941 28 200 207
0.7146 1.9644 -0.8920 28 200 207
0.7174 1.9645 -0.8898 29 200 207
0.7203 1.9646 -0.8875 29 200 208
0.7231 1.9647 -0.8853 29 200 208
0.7259 1.9649 -0.8831 29 200 208
0.7287 1.9650 -0.8809 30 200 208
0.7315 1.9651 -0.8786 30 200 209
0.7343 1.9653 -0.8763 30 200 209
0.7371 1.9654 -0.8741 30 200 209
0.7399 1.9655 -0.8718 31 200 210
0.7426 1.9656 -0.8695 31 200 210
0.7454 1.9657 -0.8672 31 200 210
0.7482 1.9659 -0.8649 31 200 211
0.7509 1.9660 -0.8626 32 200 211
0.7537 1.9661 -0.8603 32 200 211
0.7564 1.9663 -0.8580 32 200 211
0.7591 1.9664 -0.8556 33 200 212
0.7619 1.9665 -0.8533 33 200 212
0.7646 1.9666 -0.8509 33 200 212
0.7673 1.9667 -0.8486 33 200 213
0.7700 1.9669 -0.8462 34 200 213
0.7727 1.9670 -0.8438 34 200 213
0.7754 1.9671 -0.8414 34 200 214
0.7781 1.9673 -0.8390 34 200 214
0.7807 1.9674 -0.8366 35 200 214
0.7834 1.9675 -0.8342 35 200 214
0.7861 1.9676 -0.8318 35 200 215
0.7887 1.9678 -0.8294 35 200 215
0.7913 1.9679 -0.8269 36 200 215
0.7940 1.9680 -0.8245 36 200 216
0.7966 1.9681 -0.8220 36 200 216
0.7992 1.9683 -0.8196 37 200 216
0.8018 1.9684 -0.8171 37 200 216
0.8044 1.9685 -0.8146 37 200 217
0.8070 1.9686 -0.8121 37 200 217
0.8096 1.9688 -0.8096 38 200 217
0.8122 1.9689 -0.8071 38 200 218
0.8148 1.9690 -0.8046 38 200 218
0.8174 1.9691 -0.8021 39 200 218
0.8199 1.9692 -0.7996 39 200 218
0.8225 1.9694 -0.7970 39 200 219
0.8250 1.9695 -0.7945 39 200 219
0.8275 1.9696 -0.7919 40 200 219
0.8301 1.9698 -0.7894 40 200 220
0.8326 1.9699 -0.7868 40 200 220
0.8351 1.9700 -0.7842 41 200 220
0.8376 1.9701 -0.7816 41 200 220
0.8401 1.9703 -0.7790 41 200 221
0.8426 1.9704 -0.7764 41 200 221
0.8451 1.9705 -0.7738 42 200 221
0.8475 1.9706 -0.7712 42 201 221
0.8500 1.9708 -0.7686 42 201 222
0.8525 1.9709 -0.7659 43 201 222
0.8549 1.9710 -0.7633 43 201 222
0.8573 1.9711 -0.7607 43 201 222
0.8598 1.9712 -0.7580 44 201 223
0.8622 1.9714 -0.7553 44 201 223
0.8646 1.9715 -0.7527 44 201 223
0.8670 1.9716 -0.7500 44 201 224
0.8694 1.9717 -0.7473 45 201 224
0.8718 1.9719 -0.7446 45 201 224
0.8742 1.9720 -0.7419 45 201 224
0.8766 1.9721 -0.7392 46 201 225
0.8789 1.9723 -0.7365 46 201 225
0.8813 1.9724 -0.7337 46 201 225
0.8836 1.9725 -0.7310 47 201 225
0.8860 1.9726 -0.7283 47 201 226
0.8883 1.9728 -0.7255 47 201 226
0.8906 1.9729 -0.7228 47 201 226
0.8929 1.9730 -0.7200 48 201 226
0.8952 1.9731 -0.7172 48 201 227
0.8975 1.9732 -0.7144 48 201 227
0.8998 1.9734 -0.7117 49 201 227
0.9021 1.9735 -0.7089 49 201 227
0.9044 1.9736 -0.7061 49 201 228
0.9066 1.9737 -0.7032 50 201 228
0.9089 1.9739 -0.7004 50 201 228
0.9111 1.9740 -0.6976 50 201 228
0.9134 1.9741 -0.6948 51 201 229
0.9156 1.9742 -0.6919 51 201 229
0.9178 1.9744 -0.6891 51 201 229
0.9200 1.9745 -0.6863 52 201 229
0.9222 1.9746 -0.6834 52 201 230
0.9244 1.9748 -0.6805 52 201 230
0.9266 1.9749 -0.6777 53 201 230
0.9288 1.9750 -0.6748 53 201 230
0.9309 1.9751 -0.6719 53 201 230
0.9331 1.9752 -0.6690 53 201 231
0.9352 1.9754 -0.6661 54 201 231
0.9374 1.9755 -0.6632 54 201 231
0.9395 1.9756 -0.6603 54 201 231
0.9416 1.9758 -0.6574 55 201 232
0.9437 1.9759 -0.6544 55 201 232
0.9458 1.9760 -0.6515 55 201 232
0.9479 1.9761 -0.6486 56 201 232
0.9500 1.9762 -0.6456 56 201 233
0.9521 1.9764 -0.6427 56 201 233
0.9541 1.9765 -0.6397 57 201 233
0.9562 1.9766 -0.6367 57 201 233
0.9582 1.9768 -0.6338 57 201 233
0.9603 1.9769 -0.6308 58 201 234
0.9623 1.9770 -0.6278 58 201 234
0.9643 1.9771 -0.6248 58 201 234
0.9663 1.9773 -0.6218 59 201 234
0.9683 1.9774 -0.6188 59 201 235
0.9703 1.9775 -0.6158 59 201 235
0.9723 1.9776 -0.6128 60 201 235
0.9743 1.9778 -0.6097 60 201 235
0.9762 1.9779 -0.6067 60 201 235
0.9782 1.9780 -0.6037 61 201 236
0.9801 1.9781 -0.6006 61 201 236
0.9820 1.9783 -0.5976 61 201 236
0.9840 1.9784 -0.5945 62 201 236
0.9859 1.9785 -0.5914 62 201 236
0.9878 1.9786 -0.5884 63 201 237
0.9897 1.9788 -0.5853 63 201 237
0.9916 1.9789 -0.5822 63 201 237
0.9934 1.9790 -0.5791 64 201 237
0.9953 1.9791 -0.5760 64 201 237
0.9972 1.9792 -0.5729 64 201 238
0.9990 1.9794 -0.5698 65 201 238
1.0009 1.9795 -0.5667 65 201 238
1.0027 1.9796 -0.5636 65 201 238
1.0045 1.9798 -0.5605 66 201 238
1.0063 1.9799 -0.5573 66 201 239
1.0081 1.9800 -0.5542 66 201 239
1.0099 1.9801 -0.5511 67 201 239
1.0117 1.9803 -0.5479 67 201 239
1.0134 1.9804 -0.5448 67 201 239
1.0152 1.9805 -0.5416 68 202 240
1.0169 1.9806 -0.5384 68 202 240
1.0187 1.9808 -0.5353 68 202 240
1.0204 1.9809 -0.5321 69 202 240
1.0221 1.9810 -0.5289 69 202 240
1.0238 1.9811 -0.5257 69 202 240
1.0255 1.9812 -0.5225 70 202 241
1.0272 1.9814 -0.5193 70 202 241
1.0289 1.9815 -0.5161 71 202 241
1.0306 1.9816 -0.5129 71 202 241
1.0322 1.9817 -0.5097 71 202 241
1.0339 1.9819 -0.5065 72 202 242
1.0355 1.9820 -0.5033 72 202 242
1.0372 1.9821 -0.5000 72 202 242
1.0388 1.9823 -0.4968 73 202 242
1.0404 1.9824 -0.4936 73 202 242
1.0420 1.9825 -0.4903 73 202 242
1.0436 1.9826 -0.4871 74 202 243
1.0452 1.9828 -0.4838 74 202 243
1.0467 1.9829 -0.4806 75 202 243
1.0483 1.9830 -0.4773 75 202 243
1.0498 1.9831 -0.4740 75 202 243
1.0514 1.9832 -0.4707 76 202 243
1.0529 1.9834 -0.4675 76 202 244
1.0544 1.9835 -0.4642 76 202 244
1.0559 1.9836 -0.4609 77 202 244
1.0574 1.9837 -0.4576 77 202 244
1.0589 1.9839 -0.4543 77 202 244
1.0604 1.9840 -0.4510 78 202 244
1.0619 1.9841 -0.4477 78 202 245
1.0633 1.9842 -0.4444 79 202 245
1.0648 1.9844 -0.4410 79 202 245
1.0662 1.9845 -0.4377 79 202 245
1.0676 1.9846 -0.4344 80 202 245
1.0690 1.9848 -0.4311 80 202 245
1.0705 1.9849 -0.4277 80 202 245
1.0718 1.9850 -0.4244 81 202 246
1.0732 1.9851 -0.4210 81 202 246
1.0746 1.9853 -0.4177 81 202 246
1.0760 1.9854 -0.4143 82 202 246
1.0773 1.9855 -0.4110 82 202 246
1.0787 1.9856 -0.4076 83 202 246
1.0800 1.9857 -0.4042 83 202 246
1.0813 1.9859 -0.4008 83 202 247
1.0826 1.9860 -0.3975 84 202 247
1.0839 1.9861 -0.3941 84 202 247
1.0852 1.9863 -0.3907 84 202 247
1.0865 1.9864 -0.3873 85 202 247
1.0878 1.9865 -0.3839 85 202 247
1.0890 1.9866 -0.3805 86 202 247
1.0903 1.9867 -0.3771 86 202 248
1.0915 1.9869 -0.3737 86 202 248
1.0927 1.9870 -0.3703 87 202 248
1.0939 1.9871 -0.3669 87 202 248
1.0951 1.9873 -0.3635 87 202 248
1.0963 1.9874 -0.3600 88 202 248
1.0975 1.9875 -0.3566 88 202 248
1.0987 1.9876 -0.3532 89 202 248
1.0999 1.9878 -0.3497 89 202 249
1.1010 1.9879 -0.3463 89 202 249
1.1021 1.9880 -0.3429 90 202 249
1.1033 1.9881 -0.3394 90 202 249
1.1044 1.9883 -0.3360 91 202 249
1.1055 1.9884 -0.3325 91 202 249
1.1066 1.9885 -0.3290 91 202 249
1.1077 1.9886 -0.3256 92 202 249
1.1088 1.9888 -0.3221 92 202 249
1.1098 1.9889 -0.3187 92 202 250
1.1109 1.9890 -0.3152 93 202 250
1.1119 1.9891 -0.3117 93 202 250
1.1129 1.9892 -0.3082 94 202 250
1.1140 1.9894 -0.3047 94 202 250
1.1150 1.9895 -0.3013 94 202 250
1.1160 1.9896 -0.2978 95 202 250
1.1170 1.9898 -0.2943 95 202 250
1.1179 1.9899 -0.2908 96 202 250
1.1189 1.9900 -0.2873 96 202 251
1.1199 1.9901 -0.2838 96 202 251
1.1208 1.9903 -0.2803 97 203 251
1.1217 1.9904 -0.2768 97 203 251
1.1227 1.9905 -0.2733 97 203 251
1.1236 1.9906 -0.2697 98 203 251
1.1245 1.9908 -0.2662 98 203 251
1.1254 1.9909 -0.2627 99 203 251
1.1262 1.9910 -0.2592 99 203 251
1.1271 1.9911 -0.2557 99 203 251
1.1280 1.9912 -0.2521 100 203 251
1.1288 1.9914 -0.2486 100 203 252
1.1296 1.9915 -0.2451 101 203 252
1.1305 1.9916 -0.2415 101 203 252
1.1313 1.9917 -0.2380 101 203 252
1.1321 1.9919 -0.2344 102 203 252
1.1329 1.9920 -0.2309 102 203 252
1.1336 1.9921 -0.2273 103 203 252
1.1344 1.9923 -0.2238 103 203 252
1.1352 1.9924 -0.2202 103 203 252
1.1359 1.9925 -0.2167 104 203 252
1.1367 1.9926 -0.2131 104 203 252
1.1374 1.9928 -0.2096 104 203 252
1.1381 1.9929 -0.2060 105 203 252
1.1388 1.9930 -0.2024 105 203 253
1.1395 1.9931 -0.1989 106 203 253
1.1402 1.9932 -0.1953 106 203 253
1.1408 1.9934 -0.1917 106 203 253
1.1415 1.9935 -0.1882 107 203 253
1.1421 1.9936 -0.1846 107 203 253
1.1428 1.9937 -0.1810 108 203 253
1.1434 1.9939 -0.1774 108 203 253
1.1440 1.9940 -0.1738 108 203 253
1.1446 1.9941 -0.1702 109 203 253
1.1452 1.9942 -0.1667 109 203 253
1.1458 1.9944 -0.1631 110 203 253
1.1463 1.9945 -0.1595 110 203 253
1.1469 1.9946 -0.1559 110 203 253
1.1474 1.9948 -0.1523 111 203 253
1.1480 1.9949 -0.1487 111 203 253
1.1485 1.9950 -0.1451 112 203 253
1.1490 1.9951 -0.1415 112 203 254
1.1495 1.9952 -0.1379 112 203 254
1.1500 1.9954 -0.1343 113 203 254
1.1504 1.9955 -0.1307 113 203 254
1.1509 1.9956 -0.1271 114 203 254
1.1514 1.9958 -0.1235 114 203 254
1.1518 1.9959 -0.1198 114 203 254
1.1522 1.9960 -0.1162 115 203 254
1.1527 1.9961 -0.1126 115 203 254
1.1531 1.9962 -0.1090 116 203 254
1.1535 1.9964 -0.1054 116 203 254
1.1538 1.9965 -0.1018 116 203 254
1.1542 1.9966 -0.0981 117 203 254
1.1546 1.9968 -0.0945 117 203 254
1.1549 1.9969 -0.0909 118 203 254
1.1553 1.9970 -0.0873 118 203 254
1.1556 1.9971 -0.0836 118 203 254
1.1559 1.9973 -0.0800 119 203 254
1.1562 1.9974 -0.0764 119 203 254
1.1565 1.9975 -0.0728 120 203 254
1.1568 1.9976 -0.0691 120 203 254
1.1571 1.9978 -0.0655 120 203 254
1.1573 1.9979 -0.0619 121 203 254
1.1576 1.9980 -0.0582 121 203 254
1.1578 1.9981 -0.0546 122 203 254
1.1580 1.9983 -0.0510 122 203 254
1.1583 1.9984 -0.0473 122 203 254
1.1585 1.9985 -0.0437 123 203 254
1.1586 1.9986 -0.0401 123 203 254
1.1588 1.9988 -0.0364 124 203 254
1.1590 1.9989 -0.0328 124 203 254
1.1592 1.9990 -0.0291 124 203 254
1.1593 1.9991 -0.0255 125 203 254
1.1594 1.9992 -0.0219 125 203 254
1.1596 1.9994 -0.0182 126 203 254
1.1597 1.9995 -0.0146 126 203 254
1.1598 1.9996 -0.0109 126 203 254
1.1599 1.9998 -0.0073 127 203 254
1.1599 1.9999 -0.0036 127 203 254
1.1600 2.0000 -0.0000 127 204 255
1.1601 2.0001 0.0036 128 204 254
1.1601 2.0003 0.0073 128 204 254
1.1601 2.0004 0.0109 129 204 254
1.1601 2.0005 0.0146 129 204 254
1.1602 2.0006 0.0182 129 204 254
1.1602 2.0008 0.0219 130 204 254
1.1601 2.0009 0.0255 130 204 254
1.1601 2.0010 0.0292 131 204 254
1.1601 2.0011 0.0328 131 204 254
1.1600 2.0012 0.0365 131 204 254
1.1600 2.0014 0.0401 132 204 254
1.1599 2.0015 0.0437 132 204 254
1.1598 2.0016 0.0474 133 204 254
1.1597 2.0017 0.0510 133 204 254
1.1596 2.0019 0.0547 133 204 254
1.1595 2.0020 0.0583 134 204 254
1.1594 2.0021 0.0620 134 204 254
1.1592 2.0023 0.0656 135 204 254
1.1591 2.0024 0.0693 135 204 254
1.1589 2.0025 0.0729 135 204 254
1.1587 2.0026 0.0766 136 204 254
1.1585 2.0028 0.0802 136 204 254
1.1583 2.0029 0.0838 137 204 254
1.1581 2.0030 0.0875 137 204 254
1.1579 2.0031 0.0911 137 204 254
1.1577 2.0032 0.0948 138 204 254
1.1574 2.0034 0.0984 138 204 254
1.1572 2.0035 0.1021 139 204 254
1.1569 2.0036 0.1057 139 204 254
1.1566 2.0038 0.1093 139 204 254
1.1564 2.0039 0.1130 140 204 254
1.1561 2.0040 0.1166 140 204 254
1.1557 2.0041 0.1202 141 204 254
1.1554 2.0042 0.1239 141 204 254
1.1551 2.0044 0.1275 141 204 254
1.1547 2.0045 0.1312 142 204 254
1.1544 2.0046 0.1348 142 204 254
1.1540 2.0048 0.1384 143 204 254
1.1536 2.0049 0.1421 143 204 254
1.1532 2.0050 0.1457 143 204 253
1.1528 2.0051 0.1493 144 204 253
1.1524 2.0053 0.1529 144 204 253
1.1520 2.0054 0.1566 145 204 253
1.1516 2.0055 0.1602 145 204 253
1.1511 2.0056 0.1638 145 204 253
1.1506 2.0057 0.1674 146 204 253
1.1502 2.0059 0.1711 146 204 253
1.1497 2.0060 0.1747 147 204 253
1.1492 2.0061 0.1783 147 204 253
1.1487 2.0063 0.1819 147 204 253
1.1482 2.0064 0.1856 148 204 253
1.1476 2.0065 0.1892 148 204 253
1.1471 2.0066 0.1928 149 204 253
1.1465 2.0067 0.1964 149 204 253
1.1460 2.0069 0.2000 149 204 253
1.1454 2.0070 0.2036 150 204 253
1.1448 2.0071 0.2072 150 204 252
1.1442 2.0072 0.2108 151 204 252
1.1436 2.0074 0.2144 151 204 252
1.1430 2.0075 0.2180 151 204 252
1.1424 2.0076 0.2216 152 204 252
1.1417 2.0078 0.2252 152 204 252
1.1411 2.0079 0.2288 152 204 252
1.1404 2.0080 0.2324 153 204 252
1.1397 2.0081 0.2360 153 204 252
1.1390 2.0082 0.2396 154 204 252
1.1383 2.0084 0.2432 154 204 252
1.1376 2.0085 0.2468 154 204 252
1.1369 2.0086 0.2504 155 204 252
1.1362 2.0088 0.2540 155 204 251
1.1354 2.0089 0.2575 156 204 251
1.1347 2.0090 0.2611 156 204 251
1.1339 2.0091 0.2647 156 204 251
1.1331 2.0092 0.2683 157 204 251
1.1323 2.0094 0.2718 157 204 251
1.1315 2.0095 0.2754 158 204 251
1.1307 2.0096 0.2790 158 204 251
1.1299 2.0097 0.2826 158 204 251
1.1291 2.0099 0.2861 159 205 251
1.1282 2.0100 0.2897 159 205 251
1.1273 2.0101 0.2932 159 205 250
1.1265 2.0103 0.2968 160 205 250
1.1256 2.0104 0.3003 160 205 250
1.1247 2.0105 0.3039 161 205 250
1.1238 2.0106 0.3074 161 205 250
1.1229 2.0107 0.3110 161 205 250
1.1220 2.0109 0.3145 162 205 250
1.1210 2.0110 0.3181 162 205 250
1.1201 2.0111 0.3216 163 205 250
1.1191 2.0112 0.3251 163 205 249
1.1182 2.0114 0.3287 163 205 249
1.1172 2.0115 0.3322 164 205 249
1.1162 2.0116 0.3357 164 205 249
1.1152 2.0118 0.3392 164 205 249
1.1142 2.0119 0.3428 165 205 249
1.1131 2.0120 0.3463 165 205 249
1.1121 2.0121 0.3498 166 205 249
1.1111 2.0122 0.3533 166 205 249
1.1100 2.0124 0.3568 166 205 248
1.1089 2.0125 0.3603 167 205 248
1.1079 2.0126 0.3638 167 205 248
1.1068 2.0128 0.3673 168 205 248
1.1057 2.0129 0.3708 168 205 248
1.1045 2.0130 0.3743 168 205 248
1.1034 2.0131 0.3778 169 205 248
1.1023 2.0133 0.3813 169 205 248
1.1011 2.0134 0.3847 169 205 247
1.1000 2.0135 0.3882 170 205 247
1.0988 2.0136 0.3917 170 205 247
1.0976 2.0137 0.3952 171 205 247
1.0964 2.0139 0.3986 171 205 247
1.0952 2.0140 0.4021 171 205 247
1.0940 2.0141 0.4056 172 205 247
1.0928 2.0143 0.4090 172 205 246
1.0916 2.0144 0.4125 172 205 246
1.0903 2.0145 0.4159 173 205 246
1.0891 2.0146 0.4194 173 205 246
1.0878 2.0147 0.4228 174 205 246
1.0865 2.0149 0.4262 174 205 246
1.0852 2.0150 0.4297 174 205 246
1.0839 2.0151 0.4331 175 205 245
1.0826 2.0152 0.4365 175 205 245
1.0813 2.0154 0.4400 175 205 245
1.0800 2.0155 0.4434 176 205 245
1.0786 2.0156 0.4468 176 205 245
1.0773 2.0158 0.4502 176 205 245
1.0759 2.0159 0.4536 177 205 245
1.0745 2.0160 0.4570 177 205 244
1.0732 2.0161 0.4604 178 205 244
1.0718 2.0162 0.4638 178 205 244
1.0703 2.0164 0.4672 178 205 244
1.0689 2.0165 0.4706 179 205 244
1.0675 2.0166 0.4739 179 205 244
1.0661 2.0168 0.4773 179 205 243
1.0646 2.0169 0.4807 180 205 243
1.0631 2.0170 0.4841 180 205 243
1.0617 2.0171 0.4874 180 205 243
1.0602 2.0172 0.4908 181 205 243
1.0587 2.0174 0.4941 181 205 243
1.0572 2.0175 0.4975 182 205 242
1.0557 2.0176 0.5008 182 205 242
1.0542 2.0177 0.5042 182 205 242
1.0526 2.0179 0.5075 183 205 242
1.0511 2.0180 0.5108 183 205 242
1.0495 2.0181 0.5142 183 205 242
1.0480 2.0183 0.5175 184 205 241
1.0464 2.0184 0.5208 184 205 241
1.0448 2.0185 0.5241 184 205 241
1.0432 2.0186 0.5274 185 205 241
1.0416 2.0187 0.5307 185 205 241
1.0400 2.0189 0.5340 186 205 240
1.0383 2.0190 0.5373 186 205 240
1.0367 2.0191 0.5406 186 205 240
1.0350 2.0192 0.5439 187 205 240
1.0334 2.0194 0.5472 187 205 240
1.0317 2.0195 0.5504 187 205 240
1.0300 2.0196 0.5537 188 206 239
1.0283 2.0197 0.5570 188 206 239
1.0266 2.0199 0.5602 188 206 239
1.0249 2.0200 0.5635 189 206 239
1.0232 2.0201 0.5667 189 206 239
1.0215 2.0202 0.5699 189 206 238
1.0197 2.0204 0.5732 190 206 238
1.0180 2.0205 0.5764 190 206 238
1.0162 2.0206 0.5796 190 206 238
1.0144 2.0208 0.5829 191 206 238
1.0127 2.0209 0.5861 191 206 237
1.0109 2.0210 0.5893 191 206 237
1.0091 2.0211 0.5925 192 206 237
1.0072 2.0213 0.5957 192 206 237
1.0054 2.0214 0.5989 192 206 237
1.0036 2.0215 0.6021 193 206 236
1.0017 2.0216 0.6052 193 206 236
0.9999 2.0217 0.6084 194 206 236
0.9980 2.0219 0.6116 194 206 236
0.9961 2.0220 0.6147 194 206 236
0.9943 2.0221 0.6179 195 206 235
0.9924 2.0222 0.6211 195 206 235
0.9905 2.0224 0.6242 195 206 235
0.9885 2.0225 0.6273 196 206 235
0.9866 2.0226 0.6305 196 206 235
0.9847 2.0228 0.6336 196 206 234
0.9827 2.0229 0.6367 197 206 234
0.9808 2.0230 0.6398 197 206 234
0.9788 2.0231 0.6430 197 206 234
0.9768 2.0232 0.6461 198 206 233
0.9749 2.0234 0.6492 198 206 233
0.9729 2.0235 0.6523 198 206 233
0.9709 2.0236 0.6553 199 206 233
0.9688 2.0238 0.6584 199 206 233
0.9668 2.0239 0.6615 199 206 232
0.9648 2.0240 0.6646 200 206 232
0.9627 2.0241 0.6676 200 206 232
0.9607 2.0242 0.6707 200 206 232
0.9586 2.0244 0.6737 201 206 231
0.9566 2.0245 0.6768 201 206 231
0.9545 2.0246 0.6798 201 206 231
0.9524 2.0248 0.6828 202 206 231
0.9503 2.0249 0.6859 202 206 230
0.9482 2.0250 0.6889 202 206 230
0.9460 2.0251 0.6919 202 206 230
0.9439 2.0253 0.6949 203 206 230
0.9418 2.0254 0.6979 203 206 230
0.9396 2.0255 0.7009 203 206 229
0.9375 2.0256 0.7039 204 206 229
0.9353 2.0257 0.7069 204 206 229
0.9331 2.0259 0.7098 204 206 229
0.9309 2.0260 0.7128 205 206 228
0.9287 2.0261 0.7157 205 206 228
0.9265 2.0263 0.7187 205 206 228
0.9243 2.0264 0.7216 206 206 228
0.9221 2.0265 0.7246 206 206 227
0.9199 2.0266 0.7275 206 206 227
0.9176 2.0267 0.7304 207 206 227
0.9154 2.0269 0.7333 207 206 227
0.9131 2.0270 0.7363 207 206 226
0.9108 2.0271 0.7392 208 206 226
0.9086 2.0272 0.7421 208 206 226
0.9063 2.0274 0.7449 208 206 226
0.9040 2.0275 0.7478 208 206 225
0.9017 2.0276 0.7507 209 206 225
0.8993 2.0278 0.7536 209 206 225
0.8970 2.0279 0.7564 209 206 225
0.8947 2.0280 0.7593 210 206 224
0.8923 2.0281 0.7621 210 206 224
0.8900 2.0282 0.7650 210 206 224
0.8876 2.0284 0.7678 211 206 224
0.8852 2.0285 0.7706 211 206 223
0.8829 2.0286 0.7734 211 206 223
0.8805 2.0288 0.7762 211 206 223
0.8781 2.0289 0.7790 212 206 222
0.8757 2.0290 0.7818 212 206 222
0.8733 2.0291 0.7846 212 206 222
0.8708 2.0292 0.7874 213 206 222
0.8684 2.0294 0.7902 213 206 221
0.8660 2.0295 0.7929 213 207 221
0.8635 2.0296 0.7957 214 207 221
0.8610 2.0297 0.7985 214 207 221
0.8586 2.0299 0.8012 214 207 220
0.8561 2.0300 0.8039 214 207 220
0.8536 2.0301 0.8067 215 207 220
0.8511 2.0303 0.8094 215 207 220
0.8486 2.0304 0.8121 215 207 219
0.8461 2.0305 0.8148 216 207 219
0.8436 2.0306 0.8175 216 207 219
0.8411 2.0308 0.8202 216 207 218
0.8385 2.0309 0.8229 216 207 218
0.8360 2.0310 0.8255 217 207 218
0.8334 2.0311 0.8282 217 207 218
0.8309 2.0313 0.8309 217 207 217
0.8283 2.0314 0.8335 218 207 217
0.8257 2.0315 0.8361 218 207 217
0.8231 2.0316 0.8388 218 207 216
0.8205 2.0317 0.8414 218 207 216
0.8179 2.0319 0.8440 219 207 216
0.8153 2.0320 0.8466 219 207 216
0.8127 2.0321 0.8492 219 207 215
0.8100 2.0322 0.8518 220 207 215
0.8074 2.0324 0.8544 220 207 215
0.8048 2.0325 0.8570 220 207 214
0.8021 2.0326 0.8595 220 207 214
0.7994 2.0328 0.8621 221 207 214
0.7968 2.0329 0.8647 221 207 214
0.7941 2.0330 0.8672 221 207 213
0.7914 2.0331 0.8697 221 207 213
0.7887 2.0333 0.8723 222 207 213
0.7860 2.0334 0.8748 222 207 212
0.7833 2.0335 0.8773 222 207 212
0.7806 2.0336 0.8798 222 207 212
0.7778 2.0337 0.8823 223 207 211
0.7751 2.0339 0.8848 223 207 211
0.7724 2.0340 0.8872 223 207 211
0.7696 2.0341 0.8897 224 207 211
0.7668 2.0343 0.8922 224 207 210
0.7641 2.0344 0.8946 224 207 210
0.7613 2.0345 0.8971 224 207 210
0.7585 2.0346 0.8995 225 207 209
0.7557 2.0347 0.9019 225 207 209
0.7529 2.0349 0.9043 225 207 209
0.7501 2.0350 0.9067 225 207 208
0.7473 2.0351 0.9091 226 207 208
0.7445 2.0353 0.9115 226 207 208
0.7417 2.0354 0.9139 226 207 208
0.7388 2.0355 0.9163 226 207 207
0.7360 2.0356 0.9186 227 207 207
0.7331 2.0358 0.9210 227 207 207
0.7303 2.0359 0.9233 227 207 206
0.7274 2.0360 0.9257 227 207 206
0.7245 2.0361 0.9280 228 207 206
0.7216 2.0362 0.9303 228 207 205
0.7187 2.0364 0.9326 228 207 205
0.7159 2.0365 0.9349 228 207 205
0.7129 2.0366 0.9372 229 207 204
0.7100 2.0368 0.9395 229 207 204
0.7071 2.0369 0.9418 229 207 204
0.7042 2.0370 0.9441 229 207 203
0.7013 2.0371 0.9463 230 207 203
0.6983 2.0372 0.9486 230 207 203
0.6954 2.0374 0.9508 230 207 202
0.6924 2.0375 0.9530 230 207 202
0.6894 2.0376 0.9552 230 207 202
0.6865 2.0377 0.9575 231 207 202
0.6835 2.0379 0.9597 231 207 201
0.6805 2.0380 0.9618 231 207 201
0.6775 2.0381 0.9640 231 207 201
0.6745 2.0383 0.9662 232 207 200
0.6715 2.0384 0.9684 232 207 200
0.6685 2.0385 0.9705 232 207 200
0.6655 2.0386 0.9727 232 207 199
0.6625 2.0387 0.9748 233 207 199
0.6594 2.0389 0.9769 233 207 199
0.6564 2.0390 0.9790 233 207 198
0.6534 2.0391 0.9811 233 207 198
0.6503 2.0393 0.9832 233 208 198
0.6472 2.0394 0.9853 234 208 197
0.6442 2.0395 0.9874 234 208 197
0.6411 2.0396 0.9895 234 208 197
0.6380 2.0397 0.9915 234 208 196
0.6349 2.0399 0.9936 235 208 196
0.6318 2.0400 0.9956 235 208 196
0.6287 2.0401 0.9977 235 208 195
0.6256 2.0403 0.9997 235 208 195
0.6225 2.0404 1.0017 235 208 195
0.6194 2.0405 1.0037 236 208 194
0.6163 2.0406 1.0057 236 208 194
0.6132 2.0408 1.0077 236 208 194
0.6100 2.0409 1.0096 236 208 193
0.6069 2.0410 1.0116 236 208 193
0.6037 2.0411 1.0136 237 208 192
0.6006 2.0412 1.0155 237 208 192
0.5974 2.0414 1.0174 237 208 192
0.5942 2.0415 1.0194 237 208 191
0.5911 2.0416 1.0213 237 208 191
0.5879 2.0417 1.0232 238 208 191
0.5847 2.0419 1.0251 238 208 190
0.5815 2.0420 1.0270 238 208 190
0.5783 2.0421 1.0288 238 208 190
0.5751 2.0423 1.0307 238 208 189
0.5719 2.0424 1.0325 239 208 189
0.5687 2.0425 1.0344 239 208 189
0.5654 2.0426 1.0362 239 208 188
0.5622 2.0428 1.0381 239 208 188
0.5590 2.0429 1.0399 239 208 188
0.5557 2.0430 1.0417 240 208 187
0.5525 2.0431 1.0435 240 208 187
0.5492 2.0433 1.0452 240 208 187
0.5460 2.0434 1.0470 240 208 186
0.5427 2.0435 1.0488 240 208 186
0.5394 2.0436 1.0505 240 208 186
0.5362 2.0438 1.0523 241 208 185
0.5329 2.0439 1.0540 241 208 185
0.5296 2.0440 1.0557 241 208 184
0.5263 2.0441 1.0574 241 208 184
0.5230 2.0442 1.0591 241 208 184
0.5197 2.0444 1.0608 242 208 183
0.5164 2.0445 1.0625 242 208 183
0.5131 2.0446 1.0642 242 208 183
0.5098 2.0448 1.0659 242 208 182
0.5064 2.0449 1.0675 242 208 182
0.5031 2.0450 1.0691 242 208 182
0.4998 2.0451 1.0708 243 208 181
0.4964 2.0453 1.0724 243 208 181
0.4931 2.0454 1.0740 243 208 180
0.4897 2.0455 1.0756 243 208 180
0.4864 2.0456 1.0772 243 208 180
0.4830 2.0457 1.0788 243 208 179
0.4796 2.0459 1.0803 244 208 179
0.4763 2.0460 1.0819 244 208 179
0.4729 2.0461 1.0834 244 208 178
0.4695 2.0463 1.0850 244 208 178
0.4661 2.0464 1.0865 244 208 178
0.4627 2.0465 1.0880 244 208 177
0.4593 2.0466 1.0895 245 208 177
0.4559 2.0467 1.0910 245 208 176
0.4525 2.0469 1.0925 245 208 176
0.4491 2.0470 1.0940 245 208 176
0.4457 2.0471 1.0954 245 208 175
0.4423 2.0473 1.0969 245 208 175
0.4388 2.0474 1.0983 245 208 175
0.4354 2.0475 1.0997 246 208 174
0.4320 2.0476 1.1012 246 208 174
0.4285 2.0478 1.1026 246 208 174
0.4251 2.0479 1.1040 246 208 173
0.4216 2.0480 1.1053 246 208 173
0.4182 2.0481 1.1067 246 208 172
0.4147 2.0482 1.1081 246 208 172
0.4113 2.0484 1.1094 247 208 172
0.4078 2.0485 1.1108 247 208 171
0.4043 2.0486 1.1121 247 208 171
0.4009 2.0488 1.1134 247 208 171
0.3974 2.0489 1.1147 247 208 170
0.3939 2.0490 1.1160 247 208 170
0.3904 2.0491 1.1173 247 209 169
0.3869 2.0492 1.1186 248 209 169
0.3834 2.0494 1.1199 248 209 169
0.3799 2.0495 1.1211 248 209 168
0.3764 2.0496 1.1224 248 209 168
0.3729 2.0497 1.1236 248 209 168
0.3694 2.0499 1.1248 248 209 167
0.3659 2.0500 1.1261 248 209 167
0.3624 2.0501 1.1273 248 209 166
0.3588 2.0503 1.1284 249 209 166
0.3553 2.0504 1.1296 249 209 166
0.3518 2.0505 1.1308 249 209 165
0.3482 2.0506 1.1319 249 209 165
0.3447 2.0507 1.1331 249 209 164
0.3411 2.0509 1.1342 249 209 164
0.3376 2.0510 1.1353 249 209 164
0.3340 2.0511 1.1365 249 209 163
0.3305 2.0513 1.1376 249 209 163
0.3269 2.0514 1.1387 250 209 163
0.3234 2.0515 1.1397 250 209 162
0.3198 2.0516 1.1408 250 209 162
0.3162 2.0518 1.1419 250 209 161
0.3127 2.0519 1.1429 250 209 161
0.3091 2.0520 1.1439 250 209 161
0.3055 2.0521 1.1450 250 209 160
0.3019 2.0522 1.1460 250 209 160
0.2983 2.0524 1.1470 250 209 159
0.2947 2.0525 1.1480 251 209 159
0.2912 2.0526 1.1489 251 209 159
0.2876 2.0528 1.1499 251 209 158
0.2840 2.0529 1.1509 251 209 158
0.2804 2.0530 1.1518 251 209 158
0.2767 2.0531 1.1527 251 209 157
0.2731 2.0533 1.1537 251 209 157
0.2695 2.0534 1.1546 251 209 156
0.2659 2.0535 1.1555 251 209 156
0.2623 2.0536 1.1564 251 209 156
0.2587 2.0537 1.1572 251 209 155
0.2551 2.0539 1.1581 252 209 155
0.2514 2.0540 1.1590 252 209 154
0.2478 2.0541 1.1598 252 209 154
0.2442 2.0543 1.1606 252 209 154
0.2405 2.0544 1.1615 252 209 153
0.2369 2.0545 1.1623 252 209 153
0.2332 2.0546 1.1631 252 209 152
0.2296 2.0547 1.1638 252 209 152
0.2260 2.0549 1.1646 252 209 152
0.2223 2.0550 1.1654 252 209 151
0.2187 2.0551 1.1661 252 209 151
0.2150 2.0553 1.1669 252 209 151
0.2113 2.0554 1.1676 252 209 150
0.2077 2.0555 1.1683 253 209 150
0.2040 2.0556 1.1690 253 209 149
0.2004 2.0558 1.1697 253 209 149
0.1967 2.0559 1.1704 253 209 149
0.1930 2.0560 1.1711 253 209 148
0.1894 2.0561 1.1717 253 209 148
0.1857 2.0562 1.1724 253 209 147
0.1820 2.0564 1.1730 253 209 147
0.1783 2.0565 1.1736 253 209 147
0.1747 2.0566 1.1743 253 209 146
0.1710 2.0568 1.1749 253 209 146
0.1673 2.0569 1.1755 253 209 145
0.1636 2.0570 1.1760 253 209 145
0.1599 2.0571 1.1766 253 209 145
0.1562 2.0572 1.1772 253 209 144
0.1525 2.0574 1.1777 253 209 144
0.1488 2.0575 1.1782 253 209 143
0.1452 2.0576 1.1788 254 209 143
0.1415 2.0577 1.1793 254 209 143
0.1378 2.0579 1.1798 254 209 142
0.1341 2.0580 1.1803 254 209 142
0.1304 2.0581 1.1807 254 209 141
0.1266 2.0583 1.1812 254 209 141
0.1229 2.0584 1.1816 254 209 141
0.1192 2.0585 1.1821 254 209 140
0.1155 2.0586 1.1825 254 209 140
0.1118 2.0587 1.1829 254 209 139
0.1081 2.0589 1.1833 254 210 139
0.1044 2.0590 1.1837 254 210 139
0.1007 2.0591 1.1841 254 210 138
0.0970 2.0593 1.1845 254 210 138
0.0932 2.0594 1.1848 254 210 137
0.0895 2.0595 1.1852 254 210 137
0.0858 2.0596 1.1855 254 210 137
0.0821 2.0597 1.1858 254 210 136
0.0784 2.0599 1.1862 254 210 136
0.0746 2.0600 1.1865 254 210 135
0.0709 2.0601 1.1867 254 210 135
0.0672 2.0602 1.1870 254 210 135
0.0635 2.0604 1.1873 254 210 134
0.0597 2.0605 1.1875 254 210 134
0.0560 2.0606 1.1878 254 210 133
0.0523 2.0608 1.1880 254 210 133
0.0486 2.0609 1.1882 254 210 133
0.0448 2.0610 1.1884 254 210 132
0.0411 2.0611 1.1886 254 210 132
0.0374 2.0613 1.1888 254 210 131
0.0336 2.0614 1.1890 254 210 131
0.0299 2.0615 1.1891 254 210 131
0.0262 2.0616 1.1893 254 210 130
0.0224 2.0617 1.1894 254 210 130
0.0187 2.0619 1.1896 254 210 129
0.0150 2.0620 1.1897 254 210 129
0.0112 2.0621 1.1898 254 210 129
0.0075 2.0622 1.1899 254 210 128
0.0037 2.0624 1.1899 254 210 128
0.0000 2.0625 1.1900 255 210 128
-0.0037 2.0626 1.1901 254 210 127
-0.0075 2.0627 1.1901 254 210 127
-0.0112 2.0629 1.1901 254 210 126
-0.0150 2.0630 1.1901 254 210 126
-0.0187 2.0631 1.1902 254 210 126
-0.0224 2.0633 1.1901 254 210 125
-0.0262 2.0634 1.1901 254 210 125
-0.0299 2.0635 1.1901 254 210 124
-0.0337 2.0636 1.1901 254 210 124
-0.0374 2.0638 1.1900 254 210 124
-0.0411 2.0639 1.1899 254 210 123
-0.0449 2.0640 1.1899 254 210 123
-0.0486 2.0641 1.1898 254 210 122
-0.0524 2.0642 1.1897 254 210 122
-0.0561 2.0644 1.1896 254 210 122
-0.0598 2.0645 1.1895 254 210 121
-0.0636 2.0646 1.1893 254 210 121
-0.0673 2.0648 1.1892 254 210 120
-0.0711 2.0649 1.1890 254 210 120
-0.0748 2.0650 1.1888 254 210 120
-0.0785 2.0651 1.1887 254 210 119
-0.0823 2.0652 1.1885 254 210 119
-0.0860 2.0654 1.1883 254 210 118
-0.0897 2.0655 1.1881 254 210 118
-0.0935 2.0656 1.1878 254 210 118
-0.0972 2.0657 1.1876 254 210 117
-0.1010 2.0659 1.1873 254 210 117
-0.1047 2.0660 1.1871 254 210 116
-0.1084 2.0661 1.1868 254 210 116
-0.1122 2.0663 1.1865 254 210 116
-0.1159 2.0664 1.1862 254 210 115
-0.1196 2.0665 1.1859 254 210 115
-0.1234 2.0666 1.1856 254 210 114
-0.1271 2.0667 1.1852 254 210 114
-0.1308 2.0669 1.1849 254 210 114
-0.1345 2.0670 1.1845 254 210 113
-0.1383 2.0671 1.1842 254 210 113
-0.1420 2.0673 1.1838 254 210 112
-0.1457 2.0674 1.1834 254 210 112
-0.1494 2.0675 1.1830 253 210 112
-0.1532 2.0676 1.1826 253 210 111
-0.1569 2.0677 1.1822 253 210 111
-0.1606 2.0679 1.1817 253 210 110
-0.1643 2.0680 1.1813 253 210 110
-0.1681 2.0681 1.1808 253 210 110
-0.1718 2.0682 1.1803 253 210 109
-0.1755 2.0684 1.1798 253 210 109
-0.1792 2.0685 1.1793 253 210 108
-0.1829 2.0686 1.1788 253 210 108
-0.1866 2.0688 1.1783 253 211 108
-0.1903 2.0689 1.1778 253 211 107
-0.1940 2.0690 1.1772 253 211 107
-0.1978 2.0691 1.1767 253 211 106
-0.2015 2.0692 1.1761 253 211 106
-0.2052 2.0694 1.1755 253 211 106
-0.2089 2.0695 1.1749 253 211 105
-0.2126 2.0696 1.1743 252 211 105
-0.2163 2.0697 1.1737 252 211 104
-0.2200 2.0699 1.1731 252 211 104
-0.2237 2.0700 1.1725 252 211 104
-0.2274 2.0701 1.1718 252 211 103
-0.2310 2.0702 1.1711 252 211 103
-0.2347 2.0704 1.1705 252 211 103
-0.2384 2.0705 1.1698 252 211 102
-0.2421 2.0706 1.1691 252 211 102
-0.2458 2.0708 1.1684 252 211 101
-0.2495 2.0709 1.1677 252 211 101
-0.2532 2.0710 1.1669 252 211 101
-0.2568 2.0711 1.1662 252 211 100
-0.2605 2.0713 1.1654 251 211 100
-0.2642 2.0714 1.1647 251 211 99
-0.2679 2.0715 1.1639 251 211 99
-0.2715 2.0716 1.1631 251 211 99
-0.2752 2.0717 1.1623 251 211 98
-0.2789 2.0719 1.1615 251 211 98
-0.2825 2.0720 1.1607 251 211 97
-0.2862 2.0721 1.1598 251 211 97
-0.2898 2.0722 1.1590 251 211 97
-0.2935 2.0724 1.1581 251 211 96
-0.2971 2.0725 1.1573 251 211 96
-0.3008 2.0726 1.1564 250 211 96
-0.3044 2.0728 1.1555 250 211 95
-0.3081 2.0729 1.1546 250 211 95
-0.3117 2.0730 1.1537 250 211 94
-0.3154 2.0731 1.1527 250 211 94
-0.3190 2.0733 1.1518 250 211 94
-0.3226 2.0734 1.1509 250 211 93
-0.3263 2.0735 1.1499 250 211 93
-0.3299 2.0736 1.1489 250 211 92
-0.3335 2.0737 1.1479 249 211 92
-0.3371 2.0739 1.1469 249 211 92
-0.3407 2.0740 1.1459 249 211 91
-0.3444 2.0741 1.1449 249 211 91
-0.3480 2.0743 1.1439 249 211 91
-0.3516 2.0744 1.1428 249 211 90
-0.3552 2.0745 1.1418 249 211 90
-0.3588 2.0746 1.1407 249 211 89
-0.3624 2.0747 1.1396 249 211 89
-0.3660 2.0749 1.1386 248 211 89
-0.3696 2.0750 1.1375 248 211 88
-0.3732 2.0751 1.1364 248 211 88
-0.3768 2.0753 1.1352 248 211 87
-0.3803 2.0754 1.1341 248 211 87
-0.3839 2.0755 1.1330 248 211 87
-0.3875 2.0756 1.1318 248 211 86
-0.3911 2.0758 1.1306 248 211 86
-0.3946 2.0759 1.1295 247 211 86
-0.3982 2.0760 1.1283 247 211 85
-0.4018 2.0761 1.1271 247 211 85
-0.4053 2.0762 1.1259 247 211 84
-0.4089 2.0764 1.1246 247 211 84
-0.4124 2.0765 1.1234 247 211 84
-0.4160 2.0766 1.1222 247 211 83
-0.4195 2.0768 1.1209 246 211 83
-0.4231 2.0769 1.1196 246 211 83
-0.4266 2.0770 1.1184 246 211 82
-0.4301 2.0771 1.1171 246 211 82
-0.4337 2.0772 1.1158 246 211 81
-0.4372 2.0774 1.1145 246 211 81
-0.4407 2.0775 1.1131 246 211 81
-0.4442 2.0776 1.1118 245 211 80
-0.4477 2.0777 1.1104 245 211 80
-0.4513 2.0779 1.1091 245 211 80
-0.4548 2.0780 1.1077 245 211 79
-0.4583 2.0781 1.1063 245 211 79
-0.4618 2.0783 1.1050 245 211 79
-0.4653 2.0784 1.1036 245 211 78
-0.4687 2.0785 1.1021 244 212 78
-0.4722 2.0786 1.1007 244 212 77
-0.4757 2.0787 1.0993 244 212 77
-0.4792 2.0789 1.0978 244 212 77
-0.4826 2.0790 1.0964 244 212 76
-0.4861 2.0791 1.0949 244 212 76
-0.4896 2.0793 1.0934 243 212 76
-0.4930 2.0794 1.0920 243 212 75
-0.4965 2.0795 1.0905 243 212 75
-0.4999 2.0796 1.0889 243 212 75
-0.5034 2.0797 1.0874 243 212 74
-0.5068 2.0799 1.0859 243 212 74
-0.5103 2.0800 1.0843 242 212 73
-0.5137 2.0801 1.0828 242 212 73
-0.5171 2.0802 1.0812 242 212 73
-0.5205 2.0804 1.0796 242 212 72
-0.5239 2.0805 1.0781 242 212 72
-0.5274 2.0806 1.0765 242 212 72
-0.5308 2.0808 1.0749 241 212 71
-0.5342 2.0809 1.0732 241 212 71
-0.5376 2.0810 1.0716 241 212 71
-0.5409 2.0811 1.0700 241 212 70
-0.5443 2.0812 1.0683 241 212 70
-0.5477 2.0814 1.0667 240 212 69
-0.5511 2.0815 1.0650 240 212 69
-0.5545 2.0816 1.0633 240 212 69
-0.5578 2.0817 1.0616 240 212 68
-0.5612 2.0819 1.0599 240 212 68
-0.5645 2.0820 1.0582 240 212 68
-0.5679 2.0821 1.0565 239 212 67
-0.5712 2.0823 1.0547 239 212 67
-0.5746 2.0824 1.0530 239 212 67
-0.5779 2.0825 1.0512 239 212 66
-0.5812 2.0826 1.0494 239 212 66
-0.5846 2.0827 1.0477 238 212 66
-0.5879 2.0829 1.0459 238 212 65
-0.5912 2.0830 1.0441 238 212 65
-0.5945 2.0831 1.0423 238 212 65
-0.5978 2.0833 1.0405 238 212 64
-0.6011 2.0834 1.0386 237 212 64
-0.6044 2.0835 1.0368 237 212 64
-0.6077 2.0836 1.0349 237 212 63
-0.6110 2.0838 1.0331 237 212 63
-0.6142 2.0839 1.0312 237 212 63
-0.6175 2.0840 1.0293 236 212 62
-0.6208 2.0841 1.0274 236 212 62
-0.6240 2.0842 1.0255 236 212 61
-0.6273 2.0844 1.0236 236 212 61
-0.6305 2.0845 1.0217 236 212 61
-0.6337 2.0846 1.0197 235 212 60
-0.6370 2.0848 1.0178 235 212 60
-0.6402 2.0849 1.0158 235 212 60
-0.6434 2.0850 1.0139 235 212 59
-0.6466 2.0851 1.0119 235 212 59
-0.6498 2.0852 1.0099 234 212 59
-0.6530 2.0854 1.0079 234 212 58
-0.6562 2.0855 1.0059 234 212 58
-0.6594 2.0856 1.0039 234 212 58
-0.6626 2.0857 1.0019 233 212 57
-0.6658 2.0859 0.9998 233 212 57
-0.6690 2.0860 0.9978 233 212 57
-0.6721 2.0861 0.9957 233 212 56
-0.6753 2.0863 0.9937 233 212 56
-0.6784 2.0864 0.9916 232 212 56
-0.6816 2.0865 0.9895 232 212 55
-0.6847 2.0866 0.9874 232 212 55
-0.6879 2.0867 0.9853 232 212 55
-0.6910 2.0869 0.9832 231 212 54
-0.6941 2.0870 0.9810 231 212 54
-0.6972 2.0871 0.9789 231 212 54
-0.7003 2.0873 0.9768 231 212 53
-0.7034 2.0874 0.9746 230 212 53
-0.7065 2.0875 0.9724 230 212 53
-0.7096 2.0876 0.9703 230 212 53
-0.7127 2.0877 0.9681 230 212 52
-0.7158 2.0879 0.9659 230 212 52
-0.7188 2.0880 0.9637 229 212 52
-0.7219 2.0881 0.9615 229 212 51
-0.7249 2.0882 0.9592 229 213 51
-0.7280 2.0884 0.9570 229 213 51
-0.7310 2.0885 0.9548 228 213 50
-0.7341 2.0886 0.9525 228 213 50
-0.7371 2.0888 0.9502 228 213 50
-0.7401 2.0889 0.9480 228 213 49
-0.7431 2.0890 0.9457 227 213 49
-0.7461 2.0891 0.9434 227 213 49
-0.7491 2.0892 0.9411 227 213 48
-0.7521 2.0894 0.9388 227 213 48
-0.7551 2.0895 0.9365 226 213 48
-0.7581 2.0896 0.9341 226 213 47
-0.7610 2.0897 0.9318 226 213 47
-0.7640 2.0899 0.9294 226 213 47
-0.7669 2.0900 0.9271 225 213 47
-0.7699 2.0901 0.9247 225 213 46
-0.7728 2.0902 0.9223 225 213 46
-0.7758 2.0904 0.9199 225 213 46
-0.7787 2.0905 0.9176 224 213 45
-0.7816 2.0906 0.9151 224 213 45
-0.7845 2.0907 0.9127 224 213 45
-0.7874 2.0909 0.9103 224 213 44
-0.7903 2.0910 0.9079 223 213 44
-0.7932 2.0911 0.9054 223 213 44
-0.7961 2.0913 0.9030 223 213 44
-0.7990 2.0914 0.9005 222 213 43
-0.8018 2.0915 0.8981 222 213 43
-0.8047 2.0916 0.8956 222 213 43
-0.8075 2.0918 0.8931 222 213 42
-0.8104 2.0919 0.8906 221 213 42
-0.8132 2.0920 0.8881 221 213 42
-0.8160 2.0921 0.8856 221 213 41
-0.8189 2.0922 0.8830 221 213 41
-0.8217 2.0924 0.8805 220 213 41
-0.8245 2.0925 0.8780 220 213 41
-0.8273 2.0926 0.8754 220 213 40
-0.8301 2.0927 0.8729 220 213 40
-0.8328 2.0929 0.8703 219 213 40
-0.8356 2.0930 0.8677 219 213 39
-0.8384 2.0931 0.8651 219 213 39
-0.8411 2.0933 0.8625 218 213 39
-0.8439 2.0934 0.8599 218 213 39
-0.8466 2.0935 0.8573 218 213 38
-0.8493 2.0936 0.8547 218 213 38
-0.8521 2.0938 0.8521 217 213 38
-0.8548 2.0939 0.8494 217 213 37
-0.8575 2.0940 0.8468 217 213 37
-0.8602 2.0941 0.8441 216 213 37
-0.8629 2.0943 0.8415 216 213 37
-0.8656 2.0944 0.8388 216 213 36
-0.8682 2.0945 0.8361 216 213 36
-0.8709 2.0946 0.8334 215 213 36
-0.8736 2.0947 0.8307 215 213 35
-0.8762 2.0949 0.8280 215 213 35
-0.8788 2.0950 0.8253 214 213 35
-0.8815 2.0951 0.8226 214 213 35
-0.8841 2.0953 0.8198 214 213 34
-0.8867 2.0954 0.8171 214 213 34
-0.8893 2.0955 0.8143 213 213 34
-0.8919 2.0956 0.8116 213 213 34
-0.8945 2.0958 0.8088 213 213 33
-0.8971 2.0959 0.8060 212 213 33
-0.8997 2.0960 0.8033 212 213 33
-0.9022 2.0961 0.8005 212 213 33
-0.9048 2.0962 0.7977 211 213 32
-0.9073 2.0964 0.7949 211 213 32
-0.9099 2.0965 0.7921 211 213 32
-0.9124 2.0966 0.7892 211 213 31
-0.9149 2.0968 0.7864 210 213 31
-0.9174 2.0969 0.7836 210 213 31
-0.9199 2.0970 0.7807 210 213 31
-0.9224 2.0971 0.7779 209 213 30
-0.9249 2.0972 0.7750 209 213 30
-0.9274 2.0974 0.7721 209 213 30
-0.9299 2.0975 0.7692 208 213 30
-0.9323 2.0976 0.7664 208 213 29
-0.9348 2.0978 0.7635 208 213 29
-0.9372 2.0979 0.7606 208 213 29
-0.9396 2.0980 0.7576 207 213 29
-0.9421 2.0981 0.7547 207 214 28
-0.9445 2.0983 0.7518 207 214 28
-0.9469 2.0984 0.7489 206 214 28
-0.9493 2.0985 0.7459 206 214 28
-0.9517 2.0986 0.7430 206 214 27
-0.9540 2.0987 0.7400 205 214 27
-0.9564 2.0989 0.7371 205 214 27
-0.9588 2.0990 0.7341 205 214 27
-0.9611 2.0991 0.7311 204 214 26
-0.9634 2.0993 0.7281 204 214 26
-0.9658 2.0994 0.7251 204 214 26
-0.9681 2.0995 0.7221 203 214 26
-0.9704 2.0996 0.7191 203 214 25
-0.9727 2.0997 0.7161 203 214 25
-0.9750 2.0999 0.7131 202 214 25
-0.9773 2.1000 0.7100 202 214 25
-0.9796 2.1001 0.7070 202 214 25
-0.9818 2.1002 0.7040 202 214 24
-0.9841 2.1004 0.7009 201 214 24
-0.9863 2.1005 0.6978 201 214 24
-0.9886 2.1006 0.6948 201 214 24
-0.9908 2.1008 0.6917 200 214 23
-0.9930 2.1009 0.6886 200 214 23
-0.9952 2.1010 0.6855 200 214 23
-0.9974 2.1011 0.6824 199 214 23
-0.9996 2.1013 0.6793 199 214 22
-1.0018 2.1014 0.6762 199 214 22
-1.0040 2.1015 0.6731 198 214 22
-1.0061 2.1016 0.6700 198 214 22
-1.0083 2.1018 0.6669 198 214 22
-1.0104 2.1019 0.6637 197 214 21
-1.0125 2.1020 0.6606 197 214 21
-1.0147 2.1021 0.6574 197 214 21
-1.0168 2.1022 0.6543 196 214 21
-1.0189 2.1024 0.6511 196 214 20
-1.0210 2.1025 0.6479 196 214 20
-1.0230 2.1026 0.6447 195 214 20
-1.0251 2.1027 0.6416 195 214 20
-1.0272 2.1029 0.6384 195 214 20
-1.0292 2.1030 0.6352 194 214 19
-1.0313 2.1031 0.6320 194 214 19
-1.0333 2.1033 0.6288 194 214 19
-1.0353 2.1034 0.6255 193 214 19
-1.0373 2.1035 0.6223 193 214 19
-1.0393 2.1036 0.6191 192 214 18
-1.0413 2.1038 0.6158 192 214 18
-1.0433 2.1039 0.6126 192 214 18
-1.0453 2.1040 0.6093 191 214 18
-1.0472 2.1041 0.6061 191 214 18
-1.0492 2.1042 0.6028 191 214 17
-1.0511 2.1044 0.5996 190 214 17
-1.0531 2.1045 0.5963 190 214 17
-1.0550 2.1046 0.5930 190 214 17
-1.0569 2.1048 0.5897 189 214 17
-1.0588 2.1049 0.5864 189 214 16
-1.0607 2.1050 0.5831 189 214 16
-1.0626 2.1051 0.5798 188 214 16
-1.0644 2.1052 0.5765 188 214 16
-1.0663 2.1054 0.5732 188 214 16
-1.0681 2.1055 0.5699 187 214 15
-1.0700 2.1056 0.5665 187 214 15
-1.0718 2.1058 0.5632 187 214 15
-1.0736 2.1059 0.5598 186 214 15
-1.0754 2.1060 0.5565 186 214 15
-1.0772 2.1061 0.5531 186 214 15
-1.0790 2.1063 0.5498 185 214 14
-1.0808 2.1064 0.5464 185 214 14
-1.0825 2.1065 0.5430 184 214 14
-1.0843 2.1066 0.5397 184 214 14
-1.0860 2.1067 0.5363 184 214 14
-1.0878 2.1069 0.5329 183 214 13
-1.0895 2.1070 0.5295 183 214 13
-1.0912 2.1071 0.5261 183 214 13
-1.0929 2.1073 0.5227 182 214 13
-1.0946 2.1074 0.5193 182 214 13
-1.0963 2.1075 0.5159 182 214 13
-1.0980 2.1076 0.5125 181 214 12
-1.0996 2.1077 0.5090 181 214 12
-1.1013 2.1079 0.5056 180 215 12
-1.1029 2.1080 0.5022 180 215 12
-1.1045 2.1081 0.4987 180 215 12
-1.1061 2.1082 0.4953 179 215 12
-1.1078 2.1084 0.4918 179 215 11
-1.1093 2.1085 0.4884 179 215 11
-1.1109 2.1086 0.4849 178 215 11
-1.1125 2.1088 0.4814 178 215 11
-1.1141 2.1089 0.4779 178 215 11
-1.1156 2.1090 0.4745 177 215 11
-1.1172 2.1091 0.4710 177 215 10
-1.1187 2.1092 0.4675 176 215 10
-1.1202 2.1094 0.4640 176 215 10
-1.1217 2.1095 0.4605 176 215 10
-1.1232 2.1096 0.4570 175 215 10
-1.1247 2.1098 0.4535 175 215 10
-1.1262 2.1099 0.4500 175 215 10
-1.1276 2.1100 0.4465 174 215 9
-1.1291 2.1101 0.4429 174 215 9
-1.1305 2.1102 0.4394 174 215 9
-1.1320 2.1104 0.4359 173 215 9
-1.1334 2.1105 0.4323 173 215 9
-1.1348 2.1106 0.4288 172 215 9
-1.1362 2.1108 0.4253 172 215 9
-1.1376 2.1109 0.4217 172 215 8
-1.1389 2.1110 0.4181 171 215 8
-1.1403 2.1111 0.4146 171 215 8
-1.1417 2.1113 0.4110 171 215 8
-1.1430 2.1114 0.4075 170 215 8
-1.1443 2.1115 0.4039 170 215 8
-1.1457 2.1116 0.4003 169 215 8
-1.1470 2.1117 0.3967 169 215 7
-1.1483 2.1119 0.3931 169 215 7
-1.1496 2.1120 0.3895 168 215 7
-1.1508 2.1121 0.3860 168 215 7
-1.1521 2.1122 0.3824 168 215 7
-1.1533 2.1124 0.3788 167 215 7
-1.1546 2.1125 0.3751 167 215 7
-1.1558 2.1126 0.3715 166 215 7
-1.1570 2.1128 0.3679 166 215 6
-1.1582 2.1129 0.3643 166 215 6
-1.1594 2.1130 0.3607 165 215 6
-1.1606 2.1131 0.3571 165 215 6
-1.1618 2.1133 0.3534 164 215 6
-1.1630 2.1134 0.3498 164 215 6
-1.1641 2.1135 0.3462 164 215 6
-1.1652 2.1136 0.3425 163 215 6
-1.1664 2.1138 0.3389 163 215 6
-1.1675 2.1139 0.3352 163 215 5
-1.1686 2.1140 0.3316 162 215 5
-1.1697 2.1141 0.3279 162 215 5
-1.1708 2.1143 0.3242 161 215 5
-1.1718 2.1144 0.3206 161 215 5
-1.1729 2.1145 0.3169 161 215 5
-1.1739 2.1146 0.3132 160 215 5
-1.1750 2.1147 0.3096 160 215 5
-1.1760 2.1149 0.3059 159 215 5
-1.1770 2.1150 0.3022 159 215 4
-1.1780 2.1151 0.2985 159 215 4
-1.1790 2.1153 0.2948 158 215 4
-1.1800 2.1154 0.2911 158 215 4
-1.1810 2.1155 0.2875 158 215 4
-1.1819 2.1156 0.2838 157 215 4
-1.1829 2.1158 0.2801 157 215 4
-1.1838 2.1159 0.2763 156 215 4
-1.1847 2.1160 0.2726 156 215 4
-1.1856 2.1161 0.2689 156 215 4
-1.1865 2.1162 0.2652 155 215 4
-1.1874 2.1164 0.2615 155 215 3
-1.1883 2.1165 0.2578 154 215 3
-1.1891 2.1166 0.2541 154 215 3
-1.1900 2.1168 0.2503 154 215 3
-1.1908 2.1169 0.2466 153 215 3
-1.1917 2.1170 0.2429 153 215 3
-1.1925 2.1171 0.2391 152 215 3
-1.1933 2.1172 0.2354 152 215 3
-1.1941 2.1174 0.2317 152 215 3
-1.1949 2.1175 0.2279 151 215 3
-1.1956 2.1176 0.2242 151 215 3
-1.1964 2.1178 0.2204 151 216 3
-1.1971 2.1179 0.2167 150 216 3
-1.1979 2.1180 0.2129 150 216 2
-1.1986 2.1181 0.2092 149 216 2
-1.1993 2.1183 0.2054 149 216 2
-1.2000 2.1184 0.2017 149 216 2
-1.2007 2.1185 0.1979 148 216 2
-1.2014 2.1186 0.1941 148 216 2
-1.2020 2.1187 0.1904 147 216 2
-1.2027 2.1189 0.1866 147 216 2
-1.2033 2.1190 0.1828 147 216 2
-1.2039 2.1191 0.1791 146 216 2
-1.2046 2.1193 0.1753 146 216 2
-1.2052 2.1194 0.1715 145 216 2
-1.2057 2.1195 0.1677 145 216 2
-1.2063 2.1196 0.1640 145 216 2
-1.2069 2.1197 0.1602 144 216 2
-1.2075 2.1199 0.1564 144 216 2
-1.2080 2.1200 0.1526 143 216 2
-1.2085 2.1201 0.1488 143 216 1
-1.2091 2.1202 0.1450 143 216 1
-1.2096 2.1204 0.1412 142 216 1
-1.2101 2.1205 0.1374 142 216 1
-1.2105 2.1206 0.1336 141 216 1
-1.2110 2.1208 0.1298 141 216 1
-1.2115 2.1209 0.1260 141 216 1
-1.2119 2.1210 0.1222 140 216 1
-1.2124 2.1211 0.1184 140 216 1
-1.2128 2.1212 0.1146 139 216 1
-1.2132 2.1214 0.1108 139 216 1
-1.2136 2.1215 0.1070 139 216 1
-1.2140 2.1216 0.1032 138 216 1
-1.2144 2.1218 0.0994 138 216 1
-1.2147 2.1219 0.0956 137 216 1
-1.2151 2.1220 0.0918 137 216 1
-1.2154 2.1221 0.0880 137 216 1
-1.2158 2.1223 0.0842 136 216 1
-1.2161 2.1224 0.0803 136 216 1
-1.2164 2.1225 0.0765 135 216 1
-1.2167 2.1226 0.0727 135 216 1
-1.2170 2.1227 0.0689 135 216 1
-1.2172 2.1229 0.0651 134 216 1
-1.2175 2.1230 0.0612 134 216 1
-1.2177 2.1231 0.0574 133 216 1
-1.2180 2.1233 0.0536 133 216 1
-1.2182 2.1234 0.0498 133 216 1
-1.2184 2.1235 0.0460 132 216 1
-1.2186 2.1236 0.0421 132 216 1
-1.2188 2.1238 0.0383 131 216 1
-1.2190 2.1239 0.0345 131 216 1
-1.2191 2.1240 0.0306 131 216 1
-1.2193 2.1241 0.0268 130 216 1
-1.2194 2.1242 0.0230 130 216 1
-1.2195 2.1244 0.0192 129 216 1
-1.2197 2.1245 0.0153 129 216 1
-1.2198 2.1246 0.0115 129 216 1
-1.2199 2.1248 0.0077 128 216 1
-1.2199 2.1249 0.0038 128 216 1
-1.2200 2.1250 -0.0000 127 216 1
-1.2201 2.1251 -0.0038 127 216 1
-1.2201 2.1252 -0.0077 127 216 1
-1.2201 2.1254 -0.0115 126 216 1
-1.2201 2.1255 -0.0153 126 216 1
-1.2201 2.1256 -0.0192 126 216 1
-1.2201 2.1258 -0.0230 125 216 1
-1.2201 2.1259 -0.0268 125 216 1
-1.2201 2.1260 -0.0307 124 216 1
-1.2201 2.1261 -0.0345 124 216 1
-1.2200 2.1263 -0.0383 124 216 1
-1.2199 2.1264 -0.0422 123 216 1
-1.2199 2.1265 -0.0460 123 216 1
-1.2198 2.1266 -0.0498 122 216 1
-1.2197 2.1267 -0.0537 122 216 1
-1.2195 2.1269 -0.0575 122 216 1
-1.2194 2.1270 -0.0613 121 216 1
-1.2193 2.1271 -0.0652 121 216 1
-1.2191 2.1273 -0.0690 120 216 1
-1.2190 2.1274 -0.0728 120 216 1
-1.2188 2.1275 -0.0767 120 217 1
-1.2186 2.1276 -0.0805 119 217 1
-1.2184 2.1277 -0.0843 119 217 1
-1.2182 2.1279 -0.0882 118 217 1
-1.2180 2.1280 -0.0920 118 217 1
-1.2177 2.1281 -0.0958 118 217 1
-1.2175 2.1282 -0.0997 117 217 1
-1.2172 2.1284 -0.1035 117 217 1
-1.2170 2.1285 -0.1073 116 217 1
-1.2167 2.1286 -0.1112 116 217 1
-1.2164 2.1288 -0.1150 116 217 1
-1.2161 2.1289 -0.1188 115 217 1
-1.2158 2.1290 -0.1226 115 217 1
-1.2154 2.1291 -0.1265 114 217 1
-1.2151 2.1292 -0.1303 114 217 1
-1.2147 2.1294 -0.1341 114 217 1
-1.2144 2.1295 -0.1379 113 217 1
-1.2140 2.1296 -0.1417 113 217 1
-1.2136 2.1298 -0.1456 112 217 1
-1.2132 2.1299 -0.1494 112 217 1
-1.2128 2.1300 -0.1532 112 217 2
-1.2123 2.1301 -0.1570 111 217 2
-1.2119 2.1302 -0.1608 111 217 2
-1.2114 2.1304 -0.1647 110 217 2
-1.2110 2.1305 -0.1685 110 217 2
-1.2105 2.1306 -0.1723 110 217 2
-1.2100 2.1307 -0.1761 109 217 2
-1.2095 2.1309 -0.1799 109 217 2
-1.2090 2.1310 -0.1837 108 217 2
-1.2085 2.1311 -0.1875 108 217 2
-1.2079 2.1313 -0.1913 108 217 2
-1.2074 2.1314 -0.1951 107 217 2
-1.2068 2.1315 -0.1989 107 217 2
-1.2063 2.1316 -0.2027 106 217 2
-1.2057 2.1318 -0.2065 106 217 2
-1.2051 2.1319 -0.2103 106 217 2
-1.2045 2.1320 -0.2141 105 217 2
-1.2039 2.1321 -0.2179 105 217 3
-1.2032 2.1322 -0.2217 104 217 3
-1.2026 2.1324 -0.2255 104 217 3
-1.2019 2.1325 -0.2293 104 217 3
-1.2013 2.1326 -0.2331 103 217 3
-1.2006 2.1327 -0.2369 103 217 3
-1.1999 2.1329 -0.2406 103 217 3
-1.1992 2.1330 -0.2444 102 217 3
-1.1985 2.1331 -0.2482 102 217 3
-1.1977 2.1332 -0.2520 101 217 3
-1.1970 2.1334 -0.2557 101 217 3
-1.1963 2.1335 -0.2595 101 217 3
-1.1955 2.1336 -0.2633 100 217 3
-1.1947 2.1338 -0.2671 100 217 4
-1.1939 2.1339 -0.2708 99 217 4
-1.1931 2.1340 -0.2746 99 217 4
-1.1923 2.1341 -0.2783 99 217 4
-1.1915 2.1343 -0.2821 98 217 4
-1.1907 2.1344 -0.2859 98 217 4
-1.1898 2.1345 -0.2896 97 217 4
-1.1890 2.1346 -0.2934 97 217 4
-1.1881 2.1347 -0.2971 97 217 4
-1.1872 2.1349 -0.3009 96 217 4
-1.1863 2.1350 -0.3046 96 217 4
-1.1854 2.1351 -0.3083 96 217 5
-1.1845 2.1353 -0.3121 95 217 5
-1.1836 2.1354 -0.3158 95 217 5
-1.1826 2.1355 -0.3195 94 217 5
-1.1817 2.1356 -0.3233 94 217 5
-1.1807 2.1357 -0.3270 94 217 5
-1.1797 2.1359 -0.3307 93 217 5
-1.1788 2.1360 -0.3344 93 217 5
-1.1778 2.1361 -0.3382 92 217 5
-1.1767 2.1362 -0.3419 92 217 6
-1.1757 2.1364 -0.3456 92 217 6
-1.1747 2.1365 -0.3493 91 217 6
-1.1736 2.1366 -0.3530 91 217 6
-1.1726 2.1368 -0.3567 91 217 6
-1.1715 2.1369 -0.3604 90 217 6
-1.1704 2.1370 -0.3641 90 217 6
-1.1693 2.1371 -0.3678 89 217 6
-1.1682 2.1372 -0.3715 89 217 6
-1.1671 2.1374 -0.3752 89 218 7
-1.1660 2.1375 -0.3789 88 218 7
-1.1649 2.1376 -0.3825 88 218 7
-1.1637 2.1378 -0.3862 87 218 7
-1.1625 2.1379 -0.3899 87 218 7
-1.1614 2.1380 -0.3936 87 218 7
-1.1602 2.1381 -0.3972 86 218 7
-1.1590 2.1382 -0.4009 86 218 7
-1.1578 2.1384 -0.4045 86 218 8
-1.1566 2.1385 -0.4082 85 218 8
-1.1553 2.1386 -0.4118 85 218 8
-1.1541 2.1387 -0.4155 84 218 8
-1.1528 2.1389 -0.4191 84 218 8
-1.1516 2.1390 -0.4228 84 218 8
-1.1503 2.1391 -0.4264 83 218 8
-1.1490 2.1393 -0.4300 83 218 9
-1.1477 2.1394 -0.4337 83 218 9
-1.1464 2.1395 -0.4373 82 218 9
-1.1451 2.1396 -0.4409 82 218 9
-1.1437 2.1397 -0.4445 81 218 9
-1.1424 2.1399 -0.4482 81 218 9
-1.1410 2.1400 -0.4518 81 218 9
-1.1397 2.1401 -0.4554 80 218 10
-1.1383 2.1402 -0.4590 80 218 10
-1.1369 2.1404 -0.4626 80 218 10
-1.1355 2.1405 -0.4662 79 218 10
-1.1341 2.1406 -0.4697 79 218 10
-1.1326 2.1407 -0.4733 79 218 10
-1.1312 2.1409 -0.4769 78 218 10
-1.1298 2.1410 -0.4805 78 218 11
-1.1283 2.1411 -0.4841 77 218 11
-1.1268 2.1413 -0.4876 77 218 11
-1.1253 2.1414 -0.4912 77 218 11
-1.1238 2.1415 -0.4947 76 218 11
-1.1223 2.1416 -0.4983 76 218 11
-1.1208 2.1418 -0.5018 76 218 12
-1.1193 2.1419 -0.5054 75 218 12
-1.1178 2.1420 -0.5089 75 218 12
-1.1162 2.1421 -0.5125 75 218 12
-1.1146 2.1422 -0.5160 74 218 12
-1.1131 2.1424 -0.5195 74 218 12
-1.1115 2.1425 -0.5230 73 218 13
-1.1099 2.1426 -0.5265 73 218 13
-1.1083 2.1427 -0.5301 73 218 13
-1.1067 2.1429 -0.5336 72 218 13
-1.1050 2.1430 -0.5371 72 218 13
-1.1034 2.1431 -0.5406 72 218 13
-1.1018 2.1433 -0.5440 71 218 14
-1.1001 2.1434 -0.5475 71 218 14
-1.0984 2.1435 -0.5510 71 218 14
-1.0967 2.1436 -0.5545 70 218 14
-1.0950 2.1438 -0.5580 70 218 14
-1.0933 2.1439 -0.5614 69 218 15
-1.0916 2.1440 -0.5649 69 218 15
-1.0899 2.1441 -0.5683 69 218 15
-1.0882 2.1442 -0.5718 68 218 15
-1.0864 2.1444 -0.5752 68 218 15
-1.0847 2.1445 -0.5787 68 218 15
-1.0829 2.1446 -0.5821 67 218 16
-1.0811 2.1448 -0.5855 67 218 16
-1.0793 2.1449 -0.5889 67 218 16
-1.0775 2.1450 -0.5924 66 218 16
-1.0757 2.1451 -0.5958 66 218 16
-1.0739 2.1452 -0.5992 66 218 17
-1.0720 2.1454 -0.6026 65 218 17
-1.0702 2.1455 -0.6060 65 218 17
-1.0683 2.1456 -0.6094 65 218 17
-1.0665 2.1458 -0.6127 64 218 17
-1.0646 2.1459 -0.6161 64 218 18
-1.0627 2.1460 -0.6195 64 218 18
-1.0608 2.1461 -0.6229 63 218 18
-1.0589 2.1463 -0.6262 63 218 18
-1.0570 2.1464 -0.6296 63 218 18
-1.0550 2.1465 -0.6329 62 218 19
-1.0531 2.1466 -0.6363 62 218 19
-1.0511 2.1467 -0.6396 61 218 19
-1.0492 2.1469 -0.6429 61 218 19
-1.0472 2.1470 -0.6463 61 218 19
-1.0452 2.1471 -0.6496 60 219 20
-1.0432 2.1473 -0.6529 60 219 20
-1.0412 2.1474 -0.6562 60 219 20
-1.0392 2.1475 -0.6595 59 219 20
-1.0372 2.1476 -0.6628 59 219 20
-1.0351 2.1477 -0.6661 59 219 21
-1.0331 2.1479 -0.6694 58 219 21
-1.0310 2.1480 -0.6726 58 219 21
-1.0290 2.1481 -0.6759 58 219 21
-1.0269 2.1482 -0.6792 57 219 22
-1.0248 2.1484 -0.6824 57 219 22
-1.0227 2.1485 -0.6857 57 219 22
-1.0206 2.1486 -0.6889 56 219 22
-1.0185 2.1488 -0.6921 56 219 22
-1.0163 2.1489 -0.6954 56 219 23
-1.0142 2.1490 -0.6986 55 219 23
-1.0120 2.1491 -0.7018 55 219 23
-1.0099 2.1492 -0.7050 55 219 23
-1.0077 2.1494 -0.7082 54 219 24
-1.0055 2.1495 -0.7114 54 219 24
-1.0033 2.1496 -0.7146 54 219 24
-1.0011 2.1498 -0.7178 53 219 24
-0.9989 2.1499 -0.7210 53 219 25
-0.9967 2.1500 -0.7242 53 219 25
-0.9945 2.1501 -0.7273 53 219 25
-0.9922 2.1502 -0.7305 52 219 25
-0.9900 2.1504 -0.7336 52 219 25
-0.9877 2.1505 -0.7368 52 219 26
-0.9855 2.1506 -0.7399 51 219 26
-0.9832 2.1507 -0.7430 51 219 26
-0.9809 2.1509 -0.7461 51 219 26
-0.9786 2.1510 -0.7493 50 219 27
-0.9763 2.1511 -0.7524 50 219 27
-0.9739 2.1513 -0.7555 50 219 27
-0.9716 2.1514 -0.7586 49 219 27
-0.9693 2.1515 -0.7616 49 219 28
-0.9669 2.1516 -0.7647 49 219 28
-0.9646 2.1517 -0.7678 48 219 28
-0.9622 2.1519 -0.7709 48 219 28
-0.9598 2.1520 -0.7739 48 219 29
-0.9574 2.1521 -0.7770 47 219 29
-0.9550 2.1522 -0.7800 47 219 29
-0.9526 2.1524 -0.7830 47 219 29
-0.9502 2.1525 -0.7861 47 219 30
-0.9478 2.1526 -0.7891 46 219 30
-0.9453 2.1528 -0.7921 46 219 30
-0.9429 2.1529 -0.7951 46 219 30
-0.9404 2.1530 -0.7981 45 219 31
-0.9380 2.1531 -0.8011 45 219 31
-0.9355 2.1532 -0.8041 45 219 31
-0.9330 2.1534 -0.8071 44 219 31
-0.9305 2.1535 -0.8100 44 219 32
-0.9280 2.1536 -0.8130 44 219 32
-0.9255 2.1538 -0.8159 44 219 32
-0.9230 2.1539 -0.8189 43 219 33
-0.9204 2.1540 -0.8218 43 219 33
-0.9179 2.1541 -0.8247 43 219 33
-0.9153 2.1543 -0.8277 42 219 33
-0.9128 2.1544 -0.8306 42 219 34
-0.9102 2.1545 -0.8335 42 219 34
-0.9076 2.1546 -0.8364 41 219 34
-0.9050 2.1547 -0.8393 41 219 34
-0.9024 2.1549 -0.8421 41 219 35
-0.8998 2.1550 -0.8450 41 219 35
-0.8972 2.1551 -0.8479 40 219 35
-0.8946 2.1553 -0.8507 40 219 35
-0.8920 2.1554 -0.8536 40 219 36
-0.8893 2.1555 -0.8564 39 219 36
-0.8867 2.1556 -0.8592 39 219 36
-0.8840 2.1557 -0.8621 39 219 37
-0.8813 2.1559 -0.8649 39 219 37
-0.8787 2.1560 -0.8677 38 219 37
-0.8760 2.1561 -0.8705 38 219 37
-0.8733 2.1563 -0.8733 38 219 38
-0.8706 2.1564 -0.8761 37 219 38
-0.8679 2.1565 -0.8788 37 219 38
-0.8651 2.1566 -0.8816 37 219 39
-0.8624 2.1568 -0.8844 37 219 39
-0.8597 2.1569 -0.8871 36 220 39
-0.8569 2.1570 -0.8898 36 220 39
-0.8542 2.1571 -0.8926 36 220 40
-0.8514 2.1572 -0.8953 35 220 40
-0.8486 2.1574 -0.8980 35 220 40
-0.8458 2.1575 -0.9007 35 220 41
-0.8430 2.1576 -0.9034 35 220 41
-0.8402 2.1578 -0.9061 34 220 41
-0.8374 2.1579 -0.9088 34 220 41
-0.8346 2.1580 -0.9114 34 220 42
-0.8318 2.1581 -0.9141 34 220 42
-0.8289 2.1582 -0.9168 33 220 42
-0.8261 2.1584 -0.9194 33 220 43
-0.8232 2.1585 -0.9220 33 220 43
-0.8204 2.1586 -0.9247 33 220 43
-0.8175 2.1587 -0.9273 32 220 44
-0.8146 2.1589 -0.9299 32 220 44
-0.8118 2.1590 -0.9325 32 220 44
-0.8089 2.1591 -0.9351 31 220 44
-0.8060 2.1593 -0.9377 31 220 45
-0.8030 2.1594 -0.9402 31 220 45
-0.8001 2.1595 -0.9428 31 220 45
-0.7972 2.1596 -0.9454 30 220 46
-0.7943 2.1597 -0.9479 30 220 46
-0.7913 2.1599 -0.9504 30 220 46
-0.7884 2.1600 -0.9530 30 220 47
-0.7854 2.1601 -0.9555 29 220 47
-0.7824 2.1603 -0.9580 29 220 47
-0.7795 2.1604 -0.9605 29 220 47
-0.7765 2.1605 -0.9630 29 220 48
-0.7735 2.1606 -0.9655 28 220 48
-0.7705 2.1607 -0.9679 28 220 48
-0.7675 2.1609 -0.9704 28 220 49
-0.7645 2.1610 -0.9729 28 220 49
-0.7614 2.1611 -0.9753 27 220 49
-0.7584 2.1612 -0.9777 27 220 50
-0.7554 2.1614 -0.9802 27 220 50
-0.7523 2.1615 -0.9826 27 220 50
-0.7493 2.1616 -0.9850 26 220 51
-0.7462 2.1618 -0.9874 26 220 51
-0.7431 2.1619 -0.9898 26 220 51
-0.7401 2.1620 -0.9921 26 220 52
-0.7370 2.1621 -0.9945 25 220 52
-0.7339 2.1623 -0.9969 25 220 52
-0.7308 2.1624 -0.9992 25 220 53
-0.7277 2.1625 -1.0016 25 220 53
-0.7246 2.1626 -1.0039 25 220 53
-0.7214 2.1627 -1.0062 24 220 53
-0.7183 2.1629 -1.0085 24 220 54
-0.7152 2.1630 -1.0108 24 220 54
-0.7120 2.1631 -1.0131 24 220 54
-0.7089 2.1632 -1.0154 23 220 55
-0.7057 2.1634 -1.0177 23 220 55
-0.7026 2.1635 -1.0199 23 220 55
-0.6994 2.1636 -1.0222 23 220 56
-0.6962 2.1638 -1.0244 22 220 56
-0.6930 2.1639 -1.0267 22 220 56
-0.6898 2.1640 -1.0289 22 220 57
-0.6866 2.1641 -1.0311 22 220 57
-0.6834 2.1643 -1.0333 22 220 57
-0.6802 2.1644 -1.0355 21 220 58
-0.6770 2.1645 -1.0377 21 220 58
-0.6737 2.1646 -1.0398 21 220 58
-0.6705 2.1648 -1.0420 21 220 59
-0.6672 2.1649 -1.0441 20 220 59
-0.6640 2.1650 -1.0463 20 220 59
-0.6607 2.1651 -1.0484 20 220 60
-0.6575 2.1652 -1.0505 20 220 60
-0.6542 2.1654 -1.0527 20 220 60
-0.6509 2.1655 -1.0548 19 220 61
-0.6476 2.1656 -1.0568 19 220 61
-0.6443 2.1658 -1.0589 19 220 61
-0.6410 2.1659 -1.0610 19 220 62
-0.6377 2.1660 -1.0631 19 220 62
-0.6344 2.1661 -1.0651 18 220 63
-0.6311 2.1663 -1.0671 18 220 63
-0.6278 2.1664 -1.0692 18 220 63
-0.6245 2.1665 -1.0712 18 220 64
-0.6211 2.1666 -1.0732 18 220 64
-0.6178 2.1667 -1.0752 17 221 64
-0.6144 2.1669 -1.0772 17 221 65
-0.6111 2.1670 -1.0792 17 221 65
-0.6077 2.1671 -1.0811 17 221 65
-0.6043 2.1673 -1.0831 17 221 66
-0.6010 2.1674 -1.0850 16 221 66
-0.5976 2.1675 -1.0870 16 221 66
-0.5942 2.1676 -1.0889 16 221 67
-0.5908 2.1677 -1.0908 16 221 67
-0.5874 2.1679 -1.0927 16 221 67
-0.5840 2.1680 -1.0946 15 221 68
-0.5806 2.1681 -1.0965 15 221 68
-0.5771 2.1683 -1.0984 15 221 68
-0.5737 2.1684 -1.1002 15 221 69
-0.5703 2.1685 -1.1021 15 221 69
-0.5668 2.1686 -1.1039 15 221 69
-0.5634 2.1688 -1.1057 14 221 70
-0.5600 2.1689 -1.1076 14 221 70
-0.5565 2.1690 -1.1094 14 221 71
-0.5530 2.1691 -1.1112 14 221 71
-0.5496 2.1692 -1.1129 14 221 71
-0.5461 2.1694 -1.1147 13 221 72
-0.5426 2.1695 -1.1165 13 221 72
-0.5391 2.1696 -1.1182 13 221 72
-0.5356 2.1698 -1.1200 13 221 73
-0.5321 2.1699 -1.1217 13 221 73
-0.5286 2.1700 -1.1234 13 221 73
-0.5251 2.1701 -1.1251 12 221 74
-0.5216 2.1702 -1.1268 12 221 74
-0.5181 2.1704 -1.1285 12 221 75
-0.5146 2.1705 -1.1302 12 221 75
-0.5111 2.1706 -1.1319 12 221 75
-0.5075 2.1707 -1.1335 12 221 76
-0.5040 2.1709 -1.1352 11 221 76
-0.5004 2.1710 -1.1368 11 221 76
-0.4969 2.1711 -1.1384 11 221 77
-0.4933 2.1713 -1.1400 11 221 77
-0.4898 2.1714 -1.1416 11 221 77
-0.4862 2.1715 -1.1432 11 221 78
-0.4826 2.1716 -1.1448 10 221 78
-0.4791 2.1718 -1.1464 10 221 79
-0.4755 2.1719 -1.1479 10 221 79
-0.4719 2.1720 -1.1495 10 221 79
-0.4683 2.1721 -1.1510 10 221 80
-0.4647 2.1723 -1.1525 10 221 80
-0.4611 2.1724 -1.1540 10 221 80
-0.4575 2.1725 -1.1555 9 221 81
-0.4539 2.1726 -1.1570 9 221 81
-0.4503 2.1727 -1.1585 9 221 81
-0.4467 2.1729 -1.1600 9 221 82
-0.4430 2.1730 -1.1614 9 221 82
-0.4394 2.1731 -1.1629 9 221 83
-0.4358 2.1732 -1.1643 9 221 83
-0.4321 2.1734 -1.1657 8 221 83
-0.4285 2.1735 -1.1671 8 221 84
-0.4248 2.1736 -1.1685 8 221 84
-0.4212 2.1738 -1.1699 8 221 84
-0.4175 2.1739 -1.1713 8 221 85
-0.4139 2.1740 -1.1726 8 221 85
-0.4102 2.1741 -1.1740 8 221 86
-0.4065 2.1743 -1.1753 7 221 86
-0.4029 2.1744 -1.1766 7 221 86
-0.3992 2.1745 -1.1780 7 221 87
-0.3955 2.1746 -1.1793 7 221 87
-0.3918 2.1747 -1.1806 7 221 87
-0.3881 2.1749 -1.1818 7 221 88
-0.3844 2.1750 -1.1831 7 221 88
-0.3807 2.1751 -1.1844 7 221 89
-0.3770 2.1753 -1.1856 6 221 89
-0.3733 2.1754 -1.1869 6 221 89
-0.3696 2.1755 -1.1881 6 221 90
-0.3659 2.1756 -1.1893 6 221 90
-0.3622 2.1757 -1.1905 6 221 91
-0.3584 2.1759 -1.1917 6 221 91
-0.3547 2.1760 -1.1929 6 221 91
-0.3510 2.1761 -1.1940 6 221 92
-0.3472 2.1763 -1.1952 6 221 92
-0.3435 2.1764 -1.1963 5 221 92
-0.3397 2.1765 -1.1975 5 222 93
-0.3360 2.1766 -1.1986 5 222 93
-0.3323 2.1768 -1.1997 5 222 94
-0.3285 2.1769 -1.2008 5 222 94
-0.3247 2.1770 -1.2019 5 222 94
-0.3210 2.1771 -1.2029 5 222 95
-0.3172 2.1772 -1.2040 5 222 95
-0.3134 2.1774 -1.2050 5 222 96
-0.3097 2.1775 -1.2061 4 222 96
-0.3059 2.1776 -1.2071 4 222 96
-0.3021 2.1778 -1.2081 4 222 97
-0.2983 2.1779 -1.2091 4 222 97
-0.2945 2.1780 -1.2101 4 222 97
-0.2908 2.1781 -1.2111 4 222 98
-0.2870 2.1782 -1.2121 4 222 98
-0.2832 2.1784 -1.2130 4 222 99
-0.2794 2.1785 -1.2139 4 222 99
-0.2756 2.1786 -1.2149 4 222 99
-0.2718 2.1787 -1.2158 4 222 100
-0.2680 2.1789 -1.2167 3 222 100
-0.2641 2.1790 -1.2176 3 222 101
-0.2603 2.1791 -1.2185 3 222 101
-0.2565 2.1793 -1.2194 3 222 101
-0.2527 2.1794 -1.2202 3 222 102
-0.2489 2.1795 -1.2211 3 222 102
-0.2450 2.1796 -1.2219 3 222 103
-0.2412 2.1797 -1.2227 3 222 103
-0.2374 2.1799 -1.2235 3 222 103
-0.2336 2.1800 -1.2243 3 222 104
-0.2297 2.1801 -1.2251 3 222 104
-0.2259 2.1803 -1.2259 3 222 104
-0.2220 2.1804 -1.2266 3 222 105
-0.2182 2.1805 -1.2274 2 222 105
-0.2143 2.1806 -1.2281 2 222 106
-0.2105 2.1807 -1.2289 2 222 106
-0.2066 2.1809 -1.2296 2 222 106
-0.2028 2.1810 -1.2303 2 222 107
-0.1989 2.1811 -1.2310 2 222 107
-0.1951 2.1813 -1.2316 2 222 108
-0.1912 2.1814 -1.2323 2 222 108
-0.1873 2.1815 -1.2330 2 222 108
-0.1835 2.1816 -1.2336 2 222 109
-0.1796 2.1818 -1.2342 2 222 109
-0.1757 2.1819 -1.2349 2 222 110
-0.1719 2.1820 -1.2355 2 222 110
-0.1680 2.1821 -1.2361 2 222 110
-0.1641 2.1822 -1.2366 2 222 111
-0.1602 2.1824 -1.2372 2 222 111
-0.1564 2.1825 -1.2378 2 222 112
-0.1525 2.1826 -1.2383 1 222 112
-0.1486 2.1827 -1.2388 1 222 112
-0.1447 2.1829 -1.2394 1 222 113
-0.1408 2.1830 -1.2399 1 222 113
-0.1369 2.1831 -1.2404 1 222 114
-0.1330 2.1833 -1.2408 1 222 114
-0.1292 2.1834 -1.2413 1 222 114
-0.1253 2.1835 -1.2418 1 222 115
-0.1214 2.1836 -1.2422 1 222 115
-0.1175 2.1838 -1.2427 1 222 116
-0.1136 2.1839 -1.2431 1 222 116
-0.1097 2.1840 -1.2435 1 222 116
-0.1058 2.1841 -1.2439 1 222 117
-0.1019 2.1843 -1.2443 1 222 117
-0.0980 2.1844 -1.2447 1 222 118
-0.0941 2.1845 -1.2450 1 222 118
-0.0901 2.1846 -1.2454 1 222 118
-0.0862 2.1848 -1.2457 1 222 119
-0.0823 2.1849 -1.2460 1 222 119
-0.0784 2.1850 -1.2463 1 222 120
-0.0745 2.1851 -1.2466 1 222 120
-0.0706 2.1852 -1.2469 1 222 120
-0.0667 2.1854 -1.2472 1 222 121
-0.0628 2.1855 -1.2475 1 222 121
-0.0588 2.1856 -1.2477 1 222 122
-0.0549 2.1858 -1.2480 1 222 122
-0.0510 2.1859 -1.2482 1 222 122
-0.0471 2.1860 -1.2484 1 222 123
-0.0432 2.1861 -1.2486 1 222 123
-0.0392 2.1863 -1.2488 1 222 124
-0.0353 2.1864 -1.2490 1 223 124
-0.0314 2.1865 -1.2491 1 223 124
-0.0275 2.1866 -1.2493 1 223 125
-0.0236 2.1867 -1.2494 1 223 125
-0.0196 2.1869 -1.2495 1 223 126
-0.0157 2.1870 -1.2497 1 223 126
-0.0118 2.1871 -1.2498 1 223 126
-0.0079 2.1873 -1.2499 1 223 127
-0.0039 2.1874 -1.2499 1 223 127
-0.0000 2.1875 -1.2500 1 223 127
0.0039 2.1876 -1.2501 1 223 128
0.0079 2.1877 -1.2501 1 223 128
0.0118 2.1879 -1.2501 1 223 129
0.0157 2.1880 -1.2501 1 223 129
0.0196 2.1881 -1.2501 1 223 129
0.0236 2.1883 -1.2501 1 223 130
0.0275 2.1884 -1.2501 1 223 130
0.0314 2.1885 -1.2501 1 223 131
0.0354 2.1886 -1.2500 1 223 131
0.0393 2.1887 -1.2500 1 223 131
0.0432 2.1889 -1.2499 1 223 132
0.0471 2.1890 -1.2498 1 223 132
0.0511 2.1891 -1.2497 1 223 133
0.0550 2.1892 -1.2496 1 223 133
0.0589 2.1894 -1.2495 1 223 133
0.0629 2.1895 -1.2494 1 223 134
0.0668 2.1896 -1.2492 1 223 134
0.0707 2.1898 -1.2491 1 223 135
0.0746 2.1899 -1.2489 1 223 135
0.0786 2.1900 -1.2487 1 223 135
0.0825 2.1901 -1.2485 1 223 136
0.0864 2.1902 -1.2483 1 223 136
0.0903 2.1904 -1.2481 1 223 137
0.0943 2.1905 -1.2479 1 223 137
0.0982 2.1906 -1.2476 1 223 137
0.1021 2.1907 -1.2474 1 223 138
0.1060 2.1909 -1.2471 1 223 138
0.1100 2.1910 -1.2468 1 223 139
0.1139 2.1911 -1.2465 1 223 139
0.1178 2.1912 -1.2462 1 223 139
0.1217 2.1914 -1.2459 1 223 140
0.1256 2.1915 -1.2456 1 223 140
0.1296 2.1916 -1.2453 1 223 141
0.1335 2.1917 -1.2449 1 223 141
0.1374 2.1919 -1.2445 1 223 141
0.1413 2.1920 -1.2442 1 223 142
0.1452 2.1921 -1.2438 1 223 142
0.1491 2.1923 -1.2434 1 223 143
0.1531 2.1924 -1.2430 1 223 143
0.1570 2.1925 -1.2425 2 223 143
0.1609 2.1926 -1.2421 2 223 144
0.1648 2.1928 -1.2416 2 223 144
0.1687 2.1929 -1.2412 2 223 145
0.1726 2.1930 -1.2407 2 223 145
0.1765 2.1931 -1.2402 2 223 145
0.1804 2.1932 -1.2397 2 223 146
0.1843 2.1934 -1.2392 2 223 146
0.1882 2.1935 -1.2387 2 223 147
0.1921 2.1936 -1.2381 2 223 147
0.1960 2.1937 -1.2376 2 223 147
0.1999 2.1939 -1.2370 2 223 148
0.2038 2.1940 -1.2364 2 223 148
0.2077 2.1941 -1.2358 2 223 149
0.2116 2.1943 -1.2352 2 223 149
0.2155 2.1944 -1.2346 2 223 149
0.2194 2.1945 -1.2340 2 223 150
0.2233 2.1946 -1.2334 3 223 150
0.2271 2.1947 -1.2327 3 223 151
0.2310 2.1949 -1.2321 3 223 151
0.2349 2.1950 -1.2314 3 223 151
0.2388 2.1951 -1.2307 3 223 152
0.2427 2.1953 -1.2300 3 223 152
0.2465 2.1954 -1.2293 3 223 152
0.2504 2.1955 -1.2286 3 223 153
0.2543 2.1956 -1.2278 3 223 153
0.2581 2.1957 -1.2271 3 223 154
0.2620 2.1959 -1.2263 3 223 154
0.2659 2.1960 -1.2256 3 223 154
0.2697 2.1961 -1.2248 3 224 155
0.2736 2.1963 -1.2240 4 224 155
0.2775 2.1964 -1.2232 4 224 156
0.2813 2.1965 -1.2224 4 224 156
0.2852 2.1966 -1.2215 4 224 156
0.2890 2.1968 -1.2207 4 224 157
0.2929 2.1969 -1.2198 4 224 157
0.2967 2.1970 -1.2190 4 224 158
0.3005 2.1971 -1.2181 4 224 158
0.3044 2.1972 -1.2172 4 224 158
0.3082 2.1974 -1.2163 4 224 159
0.3121 2.1975 -1.2154 4 224 159
0.3159 2.1976 -1.2144 5 224 159
0.3197 2.1978 -1.2135 5 224 160
0.3235 2.1979 -1.2126 5 224 160
0.3274 2.1980 -1.2116 5 224 161
0.3312 2.1981 -1.2106 5 224 161
0.3350 2.1982 -1.2096 5 224 161
0.3388 2.1984 -1.2086 5 224 162
0.3426 2.1985 -1.2076 5 224 162
0.3464 2.1986 -1.2066 5 224 163
0.3502 2.1987 -1.2056 6 224 163
0.3540 2.1989 -1.2045 6 224 163
0.3578 2.1990 -1.2034 6 224 164
0.3616 2.1991 -1.2024 6 224 164
0.3654 2.1993 -1.2013 6 224 164
0.3692 2.1994 -1.2002 6 224 165
0.3730 2.1995 -1.1991 6 224 165
0.3768 2.1996 -1.1980 6 224 166
0.3806 2.1997 -1.1968 6 224 166
0.3844 2.1999 -1.1957 7 224 166
0.3881 2.2000 -1.1945 7 224 167
0.3919 2.2001 -1.1934 7 224 167
0.3957 2.2003 -1.1922 7 224 168
0.3994 2.2004 -1.1910 7 224 168
0.4032 2.2005 -1.1898 7 224 168
0.4069 2.2006 -1.1886 7 224 169
0.4107 2.2007 -1.1873 7 224 169
0.4144 2.2009 -1.1861 8 224 169
0.4182 2.2010 -1.1848 8 224 170
0.4219 2.2011 -1.1836 8 224 170
0.4257 2.2012 -1.1823 8 224 171
0.4294 2.2014 -1.1810 8 224 171
0.4331 2.2015 -1.1797 8 224 171
0.4368 2.2016 -1.1784 8 224 172
0.4406 2.2018 -1.1771 9 224 172
0.4443 2.2019 -1.1758 9 224 172
0.4480 2.2020 -1.1744 9 224 173
0.4517 2.2021 -1.1731 9 224 173
0.4554 2.2023 -1.1717 9 224 174
0.4591 2.2024 -1.1703 9 224 174
0.4628 2.2025 -1.1689 9 224 174
0.4665 2.2026 -1.1675 10 224 175
0.4702 2.2027 -1.1661 10 224 175
0.4739 2.2029 -1.1647 10 224 175
0.4775 2.2030 -1.1632 10 224 176
0.4812 2.2031 -1.1618 10 224 176
0.4849 2.2032 -1.1603 10 224 176
0.4886 2.2034 -1.1588 10 224 177
0.4922 2.2035 -1.1574 11 224 177
0.4959 2.2036 -1.1559 11 224 178
0.4995 2.2037 -1.1544 11 224 178
0.5032 2.2039 -1.1528 11 224 178
0.5068 2.2040 -1.1513 11 224 179
0.5105 2.2041 -1.1498 11 224 179
0.5141 2.2043 -1.1482 12 224 179
0.5177 2.2044 -1.1466 12 224 180
0.5214 2.2045 -1.1451 12 224 180
0.5250 2.2046 -1.1435 12 224 180
0.5286 2.2048 -1.1419 12 224 181
0.5322 2.2049 -1.1403 12 224 181
0.5358 2.2050 -1.1386 13 224 182
0.5394 2.2051 -1.1370 13 224 182
0.5430 2.2052 -1.1354 13 224 182
0.5466 2.2054 -1.1337 13 224 183
0.5502 2.2055 -1.1320 13 224 183
0.5538 2.2056 -1.1303 13 224 183
0.5573 2.2058 -1.1287 14 224 184
0.5609 2.2059 -1.1270 14 224 184
0.5645 2.2060 -1.1252 14 225 184
0.5680 2.2061 -1.1235 14 225 185
0.5716 2.2062 -1.1218 14 225 185
0.5751 2.2064 -1.1200 15 225 186
0.5787 2.2065 -1.1183 15 225 186
0.5822 2.2066 -1.1165 15 225 186
0.5857 2.2067 -1.1147 15 225 187
0.5893 2.2069 -1.1129 15 225 187
0.5928 2.2070 -1.1111 15 225 187
0.5963 2.2071 -1.1093 16 225 188
0.5998 2.2073 -1.1075 16 225 188
0.6033 2.2074 -1.1056 16 225 188
0.6068 2.2075 -1.1038 16 225 189
0.6103 2.2076 -1.1019 16 225 189
0.6138 2.2077 -1.1001 17 225 189
0.6173 2.2079 -1.0982 17 225 190
0.6208 2.2080 -1.0963 17 225 190
0.6242 2.2081 -1.0944 17 225 190
0.6277 2.2083 -1.0925 17 225 191
0.6312 2.2084 -1.0905 18 225 191
0.6346 2.2085 -1.0886 18 225 191
0.6381 2.2086 -1.0867 18 225 192
0.6415 2.2087 -1.0847 18 225 192
0.6449 2.2089 -1.0827 18 225 192
0.6484 2.2090 -1.0808 19 225 193
0.6518 2.2091 -1.0788 19 225 193
0.6552 2.2092 -1.0768 19 225 194
0.6586 2.2094 -1.0748 19 225 194
0.6620 2.2095 -1.0727 19 225 194
0.6654 2.2096 -1.0707 20 225 195
0.6688 2.2098 -1.0687 20 225 195
0.6722 2.2099 -1.0666 20 225 195
0.6756 2.2100 -1.0645 20 225 196
0.6789 2.2101 -1.0625 20 225 196
0.6823 2.2102 -1.0604 21 225 196
0.6857 2.2104 -1.0583 21 225 197
0.6890 2.2105 -1.0562 21 225 197
0.6924 2.2106 -1.0540 21 225 197
0.6957 2.2107 -1.0519 22 225 198
0.6990 2.2109 -1.0498 22 225 198
0.7024 2.2110 -1.0476 22 225 198
0.7057 2.2111 -1.0455 22 225 199
0.7090 2.2112 -1.0433 22 225 199
0.7123 2.2114 -1.0411 23 225 199
0.7156 2.2115 -1.0389 23 225 200
0.7189 2.2116 -1.0367 23 225 200
0.7222 2.2118 -1.0345 23 225 200
0.7255 2.2119 -1.0323 24 225 201
0.7288 2.2120 -1.0300 24 225 201
0.7320 2.2121 -1.0278 24 225 201
0.7353 2.2123 -1.0255 24 225 202
0.7385 2.2124 -1.0233 25 225 202
0.7418 2.2125 -1.0210 25 225 202
0.7450 2.2126 -1.0187 25 225 202
0.7483 2.2127 -1.0164 25 225 203
0.7515 2.2129 -1.0141 25 225 203
0.7547 2.2130 -1.0118 26 225 203
0.7579 2.2131 -1.0094 26 225 204
0.7611 2.2132 -1.0071 26 225 204
0.7643 2.2134 -1.0048 26 225 204
0.7675 2.2135 -1.0024 27 225 205
0.7707 2.2136 -1.0000 27 225 205
0.7739 2.2138 -0.9976 27 225 205
0.7770 2.2139 -0.9953 27 225 206
0.7802 2.2140 -0.9929 28 225 206
0.7833 2.2141 -0.9905 28 225 206
0.7865 2.2143 -0.9880 28 225 207
0.7896 2.2144 -0.9856 28 225 207
0.7927 2.2145 -0.9832 29 225 207
0.7959 2.2146 -0.9807 29 225 208
0.7990 2.2147 -0.9783 29 225 208
0.8021 2.2149 -0.9758 29 225 208
0.8052 2.2150 -0.9733 30 225 208
0.8083 2.2151 -0.9708 30 225 209
0.8114 2.2153 -0.9683 30 225 209
0.8144 2.2154 -0.9658 30 225 209
0.8175 2.2155 -0.9633 31 225 210
0.8206 2.2156 -0.9608 31 225 210
0.8236 2.2157 -0.9582 31 226 210
0.8267 2.2159 -0.9557 31 226 211
0.8297 2.2160 -0.9531 32 226 211
0.8327 2.2161 -0.9506 32 226 211
0.8358 2.2163 -0.9480 32 226 211
0.8388 2.2164 -0.9454 33 226 212
0.8418 2.2165 -0.9428 33 226 212
0.8448 2.2166 -0.9402 33 226 212
0.8478 2.2168 -0.9376 33 226 213
0.8508 2.2169 -0.9350 34 226 213
0.8537 2.2170 -0.9323 34 226 213
0.8567 2.2171 -0.9297 34 226 214
0.8597 2.2172 -0.9270 34 226 214
0.8626 2.2174 -0.9244 35 226 214
0.8655 2.2175 -0.9217 35 226 214
0.8685 2.2176 -0.9190 35 226 215
0.8714 2.2178 -0.9163 35 226 215
0.8743 2.2179 -0.9136 36 226 215
0.8772 2.2180 -0.9109 36 226 216
0.8801 2.2181 -0.9082 36 226 216
0.8830 2.2182 -0.9055 37 226 216
0.8859 2.2184 -0.9028 37 226 216
0.8888 2.2185 -0.9000 37 226 217
0.8916 2.2186 -0.8973 37 226 217
0.8945 2.2188 -0.8945 38 226 217
0.8973 2.2189 -0.8917 38 226 218
0.9002 2.2190 -0.8889 38 226 218
0.9030 2.2191 -0.8861 39 226 218
0.9058 2.2193 -0.8833 39 226 218
0.9086 2.2194 -0.8805 39 226 219
0.9115 2.2195 -0.8777 39 226 219
0.9142 2.2196 -0.8749 40 226 219
0.9170 2.2197 -0.8721 40 226 220
0.9198 2.2199 -0.8692 40 226 220
0.9226 2.2200 -0.8664 41 226 220
0.9253 2.2201 -0.8635 41 226 220
0.9281 2.2203 -0.8606 41 226 221
0.9308 2.2204 -0.8578 41 226 221
0.9336 2.2205 -0.8549 42 226 221
0.9363 2.2206 -0.8520 42 226 221
0.9390 2.2207 -0.8491 42 226 222
0.9417 2.2209 -0.8461 43 226 222
0.9444 2.2210 -0.8432 43 226 222
0.9471 2.2211 -0.8403 43 226 222
0.9498 2.2212 -0.8374 44 226 223
0.9525 2.2214 -0.8344 44 226 223
0.9551 2.2215 -0.8314 44 226 223
0.9578 2.2216 -0.8285 44 226 224
0.9604 2.2218 -0.8255 45 226 224
0.9631 2.2219 -0.8225 45 226 224
0.9657 2.2220 -0.8195 45 226 224
0.9683 2.2221 -0.8165 46 226 225
0.9709 2.2222 -0.8135 46 226 225
0.9735 2.2224 -0.8105 46 226 225
0.9761 2.2225 -0.8075 47 226 225
0.9787 2.2226 -0.8045 47 226 226
0.9812 2.2228 -0.8014 47 226 226
0.9838 2.2229 -0.7984 47 226 226
0.9863 2.2230 -0.7953 48 226 226
0.9889 2.2231 -0.7922 48 226 227
0.9914 2.2233 -0.7892 48 226 227
0.9939 2.2234 -0.7861 49 226 227
0.9964 2.2235 -0.7830 49 226 227
0.9989 2.2236 -0.7799 49 226 228
1.0014 2.2237 -0.7768 50 226 228
1.0039 2.2239 -0.7737 50 226 228
1.0064 2.2240 -0.7706 50 226 228
1.0089 2.2241 -0.7674 51 226 229
1.0113 2.2243 -0.7643 51 226 229
1.0138 2.2244 -0.7612 51 226 229
1.0162 2.2245 -0.7580 52 226 229
1.0186 2.2246 -0.7548 52 226 230
1.0210 2.2248 -0.7517 52 226 230
1.0234 2.2249 -0.7485 53 226 230
1.0258 2.2250 -0.7453 53 226 230
1.0282 2.2251 -0.7421 53 226 230
1.0306 2.2252 -0.7389 53 226 231
1.0330 2.2254 -0.7357 54 226 231
1.0353 2.2255 -0.7325 54 227 231
1.0377 2.2256 -0.7293 54 227 231
1.0400 2.2258 -0.7261 55 227 232
1.0423 2.2259 -0.7228 55 227 232
1.0446 2.2260 -0.7196 55 227 232
1.0469 2.2261 -0.7163 56 227 232
1.0492 2.2262 -0.7131 56 227 233
1.0515 2.2264 -0.7098 56 227 233
1.0538 2.2265 -0.7065 57 227 233
1.0561 2.2266 -0.7032 57 227 233
1.0583 2.2268 -0.7000 57 227 233
1.0606 2.2269 -0.6967 58 227 234
1.0628 2.2270 -0.6934 58 227 234
1.0650 2.2271 -0.6900 58 227 234
1.0672 2.2273 -0.6867 59 227 234
1.0694 2.2274 -0.6834 59 227 235
1.0716 2.2275 -0.6801 59 227 235
1.0738 2.2276 -0.6767 60 227 235
1.0760 2.2277 -0.6734 60 227 235
1.0781 2.2279 -0.6700 60 227 235
1.0803 2.2280 -0.6667 61 227 236
1.0824 2.2281 -0.6633 61 227 236
1.0846 2.2283 -0.6599 61 227 236
1.0867 2.2284 -0.6566 62 227 236
1.0888 2.2285 -0.6532 62 227 236
1.0909 2.2286 -0.6498 63 227 237
1.0930 2.2287 -0.6464 63 227 237
1.0950 2.2289 -0.6430 63 227 237
1.0971 2.2290 -0.6396 64 227 237
1.0992 2.2291 -0.6361 64 227 237
1.1012 2.2292 -0.6327 64 227 238
1.1032 2.2294 -0.6293 65 227 238
1.1053 2.2295 -0.6258 65 227 238
1.1073 2.2296 -0.6224 65 227 238
1.1093 2.2298 -0.6189 66 227 238
1.1113 2.2299 -0.6155 66 227 239
1.1133 2.2300 -0.6120 66 227 239
1.1152 2.2301 -0.6085 67 227 239
1.1172 2.2302 -0.6051 67 227 239
1.1191 2.2304 -0.6016 67 227 239
1.1211 2.2305 -0.5981 68 227 240
1.1230 2.2306 -0.5946 68 227 240
1.1249 2.2308 -0.5911 68 227 240
1.1268 2.2309 -0.5876 69 227 240
1.1287 2.2310 -0.5841 69 227 240
1.1306 2.2311 -0.5805 69 227 240
1.1325 2.2312 -0.5770 70 227 241
1.1343 2.2314 -0.5735 70 227 241
1.1362 2.2315 -0.5699 71 227 241
1.1380 2.2316 -0.5664 71 227 241
1.1398 2.2317 -0.5629 71 227 241
1.1417 2.2319 -0.5593 72 227 242
1.1435 2.2320 -0.5557 72 227 242
1.1453 2.2321 -0.5522 72 227 242
1.1470 2.2323 -0.5486 73 227 242
1.1488 2.2324 -0.5450 73 227 242
1.1506 2.2325 -0.5414 73 227 242
1.1523 2.2326 -0.5378 74 227 243
1.1541 2.2328 -0.5342 74 227 243
1.1558 2.2329 -0.5306 75 227 243
1.1575 2.2330 -0.5270 75 227 243
1.1592 2.2331 -0.5234 75 227 243
1.1609 2.2332 -0.5198 76 227 243
1.1626 2.2334 -0.5162 76 227 244
1.1643 2.2335 -0.5125 76 227 244
1.1659 2.2336 -0.5089 77 227 244
1.1676 2.2337 -0.5053 77 227 244
1.1692 2.2339 -0.5016 77 227 244
1.1708 2.2340 -0.4980 78 227 244
1.1724 2.2341 -0.4943 78 227 245
1.1740 2.2343 -0.4906 79 227 245
1.1756 2.2344 -0.4870 79 227 245
1.1772 2.2345 -0.4833 79 227 245
1.1788 2.2346 -0.4796 80 227 245
1.1803 2.2348 -0.4759 80 227 245
1.1819 2.2349 -0.4722 80 227 245
1.1834 2.2350 -0.4685 81 227 246
1.1849 2.2351 -0.4649 81 227 246
1.1865 2.2353 -0.4611 81 227 246
1.1880 2.2354 -0.4574 82 228 246
1.1894 2.2355 -0.4537 82 228 246
1.1909 2.2356 -0.4500 83 228 246
1.1924 2.2357 -0.4463 83 228 246
1.1938 2.2359 -0.4426 83 228 247
1.1953 2.2360 -0.4388 84 228 247
1.1967 2.2361 -0.4351 84 228 247
1.1981 2.2363 -0.4313 84 228 247
1.1995 2.2364 -0.4276 85 228 247
1.2009 2.2365 -0.4239 85 228 247
1.2023 2.2366 -0.4201 86 228 247
1.2037 2.2368 -0.4163 86 228 248
1.2050 2.2369 -0.4126 86 228 248
1.2064 2.2370 -0.4088 87 228 248
1.2077 2.2371 -0.4050 87 228 248
1.2090 2.2372 -0.4013 87 228 248
1.2103 2.2374 -0.3975 88 228 248
1.2116 2.2375 -0.3937 88 228 248
1.2129 2.2376 -0.3899 89 228 248
1.2142 2.2378 -0.3861 89 228 249
1.2155 2.2379 -0.3823 89 228 249
1.2167 2.2380 -0.3785 90 228 249
1.2180 2.2381 -0.3747 90 228 249
1.2192 2.2382 -0.3709 91 228 249
1.2204 2.2384 -0.3671 91 228 249
1.2216 2.2385 -0.3633 91 228 249
1.2228 2.2386 -0.3594 92 228 249
1.2240 2.2388 -0.3556 92 228 249
1.2252 2.2389 -0.3518 92 228 250
1.2263 2.2390 -0.3479 93 228 250
1.2275 2.2391 -0.3441 93 228 250
1.2286 2.2393 -0.3403 94 228 250
1.2297 2.2394 -0.3364 94 228 250
1.2308 2.2395 -0.3326 94 228 250
1.2319 2.2396 -0.3287 95 228 250
1.2330 2.2397 -0.3249 95 228 250
1.2341 2.2399 -0.3210 96 228 250
1.2351 2.2400 -0.3171 96 228 251
1.2362 2.2401 -0.3133 96 228 251
1.2372 2.2403 -0.3094 97 228 251
1.2382 2.2404 -0.3055 97 228 251
1.2393 2.2405 -0.3016 97 228 251
1.2403 2.2406 -0.2978 98 228 251
1.2412 2.2407 -0.2939 98 228 251
1.2422 2.2409 -0.2900 99 228 251
1.2432 2.2410 -0.2861 99 228 251
1.2441 2.2411 -0.2822 99 228 251
1.2451 2.2412 -0.2783 100 228 251
1.2460 2.2414 -0.2744 100 228 252
1.2469 2.2415 -0.2705 101 228 252
1.2478 2.2416 -0.2666 101 228 252
1.2487 2.2418 -0.2627 101 228 252
1.2496 2.2419 -0.2588 102 228 252
1.2505 2.2420 -0.2549 102 228 252
1.2513 2.2421 -0.2509 103 228 252
1.2521 2.2423 -0.2470 103 228 252
1.2530 2.2424 -0.2431 103 228 252
1.2538 2.2425 -0.2392 104 228 252
1.2546 2.2426 -0.2352 104 228 252
1.2554 2.2428 -0.2313 104 228 252
1.2562 2.2429 -0.2274 105 228 252
1.2569 2.2430 -0.2234 105 228 253
1.2577 2.2431 -0.2195 106 228 253
1.2584 2.2432 -0.2156 106 228 253
1.2592 2.2434 -0.2116 106 228 253
1.2599 2.2435 -0.2077 107 228 253
1.2606 2.2436 -0.2037 107 228 253
1.2613 2.2437 -0.1998 108 228 253
1.2620 2.2439 -0.1958 108 228 253
1.2626 2.2440 -0.1919 108 228 253
1.2633 2.2441 -0.1879 109 228 253
1.2639 2.2443 -0.1839 109 228 253
1.2646 2.2444 -0.1800 110 228 253
1.2652 2.2445 -0.1760 110 228 253
1.2658 2.2446 -0.1720 110 228 253
1.2664 2.2448 -0.1681 111 228 253
1.2670 2.2449 -0.1641 111 228 253
1.2675 2.2450 -0.1601 112 228 253
1.2681 2.2451 -0.1562 112 229 254
1.2686 2.2452 -0.1522 112 229 254
1.2692 2.2454 -0.1482 113 229 254
1.2697 2.2455 -0.1442 113 229 254
1.2702 2.2456 -0.1402 114 229 254
1.2707 2.2458 -0.1362 114 229 254
1.2712 2.2459 -0.1323 114 229 254
1.2716 2.2460 -0.1283 115 229 254
1.2721 2.2461 -0.1243 115 229 254
1.2725 2.2462 -0.1203 116 229 254
1.2730 2.2464 -0.1163 116 229 254
1.2734 2.2465 -0.1123 116 229 254
1.2738 2.2466 -0.1083 117 229 254
1.2742 2.2468 -0.1043 117 229 254
1.2746 2.2469 -0.1003 118 229 254
1.2749 2.2470 -0.0963 118 229 254
1.2753 2.2471 -0.0923 118 229 254
1.2756 2.2473 -0.0883 119 229 254
1.2760 2.2474 -0.0843 119 229 254
1.2763 2.2475 -0.0803 120 229 254
1.2766 2.2476 -0.0763 120 229 254
1.2769 2.2477 -0.0723 120 229 254
1.2772 2.2479 -0.0683 121 229 254
1.2774 2.2480 -0.0643 121 229 254
1.2777 2.2481 -0.0603 122 229 254
1.2779 2.2483 -0.0562 122 229 254
1.2782 2.2484 -0.0522 122 229 254
1.2784 2.2485 -0.0482 123 229 254
1.2786 2.2486 -0.0442 123 229 254
1.2788 2.2487 -0.0402 124 229 254
1.2789 2.2489 -0.0362 124 229 254
1.2791 2.2490 -0.0322 124 229 254
1.2793 2.2491 -0.0281 125 229 254
1.2794 2.2492 -0.0241 125 229 254
1.2795 2.2494 -0.0201 126 229 254
1.2797 2.2495 -0.0161 126 229 254
1.2798 2.2496 -0.0121 126 229 254
1.2799 2.2498 -0.0080 127 229 254
1.2799 2.2499 -0.0040 127 229 254
1.2800 2.2500 -0.0000 127 229 255
1.2801 2.2501 0.0040 128 229 254
1.2801 2.2502 0.0080 128 229 254
1.2801 2.2504 0.0121 129 229 254
1.2801 2.2505 0.0161 129 229 254
1.2801 2.2506 0.0201 129 229 254
1.2801 2.2508 0.0241 130 229 254
1.2801 2.2509 0.0282 130 229 254
1.2801 2.2510 0.0322 131 229 254
1.2800 2.2511 0.0362 131 229 254
1.2800 2.2512 0.0402 131 229 254
1.2799 2.2514 0.0442 132 229 254
1.2798 2.2515 0.0483 132 229 254
1.2797 2.2516 0.0523 133 229 254
1.2796 2.2517 0.0563 133 229 254
1.2795 2.2519 0.0603 133 229 254
1.2793 2.2520 0.0644 134 229 254
1.2792 2.2521 0.0684 134 229 254
1.2790 2.2523 0.0724 135 229 254
1.2789 2.2524 0.0764 135 229 254
1.2787 2.2525 0.0804 135 229 254
1.2785 2.2526 0.0845 136 229 254
1.2783 2.2527 0.0885 136 229 254
1.2780 2.2529 0.0925 137 229 254
1.2778 2.2530 0.0965 137 229 254
1.2775 2.2531 0.1005 137 229 254
1.2773 2.2532 0.1046 138 229 254
1.2770 2.2534 0.1086 138 229 254
1.2767 2.2535 0.1126 139 229 254
1.2764 2.2536 0.1166 139 229 254
1.2761 2.2538 0.1206 139 229 254
1.2758 2.2539 0.1246 140 229 254
1.2754 2.2540 0.1287 140 229 254
1.2751 2.2541 0.1327 141 229 254
1.2747 2.2542 0.1367 141 229 254
1.2744 2.2544 0.1407 141 229 254
1.2740 2.2545 0.1447 142 229 254
1.2736 2.2546 0.1487 142 229 254
1.2732 2.2548 0.1527 143 229 254
1.2727 2.2549 0.1567 143 229 254
1.2723 2.2550 0.1607 143 230 253
1.2718 2.2551 0.1647 144 230 253
1.2714 2.2553 0.1687 144 230 253
1.2709 2.2554 0.1727 145 230 253
1.2704 2.2555 0.1767 145 230 253
1.2699 2.2556 0.1807 145 230 253
1.2694 2.2557 0.1847 146 230 253
1.2689 2.2559 0.1887 146 230 253
1.2683 2.2560 0.1927 147 230 253
1.2678 2.2561 0.1967 147 230 253
1.2672 2.2563 0.2007 147 230 253
1.2666 2.2564 0.2047 148 230 253
1.2660 2.2565 0.2087 148 230 253
1.2654 2.2566 0.2127 149 230 253
1.2648 2.2567 0.2167 149 230 253
1.2642 2.2569 0.2206 149 230 253
1.2636 2.2570 0.2246 150 230 253
1.2629 2.2571 0.2286 150 230 252
1.2622 2.2572 0.2326 151 230 252
1.2616 2.2574 0.2365 151 230 252
1.2609 2.2575 0.2405 151 230 252
1.2602 2.2576 0.2445 152 230 252
1.2594 2.2578 0.2485 152 230 252
1.2587 2.2579 0.2524 152 230 252
1.2580 2.2580 0.2564 153 230 252
1.2572 2.2581 0.2604 153 230 252
1.2565 2.2582 0.2643 154 230 252
1.2557 2.2584 0.2683 154 230 252
1.2549 2.2585 0.2722 154 230 252
1.2541 2.2586 0.2762 155 230 252
1.2533 2.2588 0.2801 155 230 251
1.2524 2.2589 0.2841 156 230 251
1.2516 2.2590 0.2880 156 230 251
1.2508 2.2591 0.2920 156 230 251
1.2499 2.2592 0.2959 157 230 251
1.2490 2.2594 0.2999 157 230 251
1.2481 2.2595 0.3038 158 230 251
1.2472 2.2596 0.3077 158 230 251
1.2463 2.2597 0.3117 158 230 251
1.2454 2.2599 0.3156 159 230 251
1.2444 2.2600 0.3195 159 230 251
1.2435 2.2601 0.3234 159 230 250
1.2425 2.2603 0.3274 160 230 250
1.2415 2.2604 0.3313 160 230 250
1.2406 2.2605 0.3352 161 230 250
1.2396 2.2606 0.3391 161 230 250
1.2385 2.2607 0.3430 161 230 250
1.2375 2.2609 0.3469 162 230 250
1.2365 2.2610 0.3508 162 230 250
1.2354 2.2611 0.3547 163 230 250
1.2344 2.2612 0.3586 163 230 249
1.2333 2.2614 0.3625 163 230 249
1.2322 2.2615 0.3664 164 230 249
1.2311 2.2616 0.3703 164 230 249
1.2300 2.2617 0.3742 164 230 249
1.2289 2.2619 0.3780 165 230 249
1.2277 2.2620 0.3819 165 230 249
1.2266 2.2621 0.3858 166 230 249
1.2254 2.2622 0.3897 166 230 249
1.2242 2.2624 0.3935 166 230 248
1.2231 2.2625 0.3974 167 230 248
1.2219 2.2626 0.4013 167 230 248
1.2207 2.2628 0.4051 168 230 248
1.2194 2.2629 0.4090 168 230 248
1.2182 2.2630 0.4128 168 230 248
1.2169 2.2631 0.4167 169 230 248
1.2157 2.2633 0.4205 169 230 248
1.2144 2.2634 0.4243 169 230 247
1.2131 2.2635 0.4282 170 230 247
1.2118 2.2636 0.4320 170 230 247
1.2105 2.2637 0.4358 171 230 247
1.2092 2.2639 0.4396 171 230 247
1.2079 2.2640 0.4435 171 230 247
1.2065 2.2641 0.4473 172 230 247
1.2052 2.2642 0.4511 172 230 246
1.2038 2.2644 0.4549 172 230 246
1.2024 2.2645 0.4587 173 230 246
1.2011 2.2646 0.4625 173 230 246
1.1997 2.2648 0.4663 174 231 246
1.1982 2.2649 0.4701 174 231 246
1.1968 2.2650 0.4738 174 231 246
1.1954 2.2651 0.4776 175 231 245
1.1939 2.2652 0.4814 175 231 245
1.1925 2.2654 0.4852 175 231 245
1.1910 2.2655 0.4889 176 231 245
1.1895 2.2656 0.4927 176 231 245
1.1880 2.2658 0.4965 176 231 245
1.1865 2.2659 0.5002 177 231 245
1.1850 2.2660 0.5040 177 231 244
1.1834 2.2661 0.5077 178 231 244
1.1819 2.2662 0.5114 178 231 244
1.1803 2.2664 0.5152 178 231 244
1.1788 2.2665 0.5189 179 231 244
1.1772 2.2666 0.5226 179 231 244
1.1756 2.2668 0.5264 179 231 243
1.1740 2.2669 0.5301 180 231 243
1.1724 2.2670 0.5338 180 231 243
1.1707 2.2671 0.5375 180 231 243
1.1691 2.2673 0.5412 181 231 243
1.1674 2.2674 0.5449 181 231 243
1.1658 2.2675 0.5486 182 231 242
1.1641 2.2676 0.5523 182 231 242
1.1624 2.2677 0.5559 182 231 242
1.1607 2.2679 0.5596 183 231 242
1.1590 2.2680 0.5633 183 231 242
1.1573 2.2681 0.5669 183 231 242
1.1556 2.2683 0.5706 184 231 241
1.1538 2.2684 0.5743 184 231 241
1.1521 2.2685 0.5779 184 231 241
1.1503 2.2686 0.5816 185 231 241
1.1485 2.2687 0.5852 185 231 241
1.1467 2.2689 0.5888 186 231 240
1.1449 2.2690 0.5925 186 231 240
1.1431 2.2691 0.5961 186 231 240
1.1413 2.2692 0.5997 187 231 240
1.1394 2.2694 0.6033 187 231 240
1.1376 2.2695 0.6069 187 231 240
1.1357 2.2696 0.6105 188 231 239
1.1339 2.2698 0.6141 188 231 239
1.1320 2.2699 0.6177 188 231 239
1.1301 2.2700 0.6213 189 231 239
1.1282 2.2701 0.6248 189 231 239
1.1263 2.2702 0.6284 189 231 238
1.1243 2.2704 0.6320 190 231 238
1.1224 2.2705 0.6355 190 231 238
1.1204 2.2706 0.6391 190 231 238
1.1185 2.2708 0.6426 191 231 238
1.1165 2.2709 0.6462 191 231 237
1.1145 2.2710 0.6497 191 231 237
1.1125 2.2711 0.6532 192 231 237
1.1105 2.2712 0.6568 192 231 237
1.1085 2.2714 0.6603 192 231 237
1.1065 2.2715 0.6638 193 231 236
1.1044 2.2716 0.6673 193 231 236
1.1024 2.2717 0.6708 194 231 236
1.1003 2.2719 0.6743 194 231 236
1.0983 2.2720 0.6778 194 231 236
1.0962 2.2721 0.6812 195 231 235
1.0941 2.2723 0.6847 195 231 235
1.0920 2.2724 0.6882 195 231 235
1.0899 2.2725 0.6916 196 231 235
1.0877 2.2726 0.6951 196 231 235
1.0856 2.2728 0.6985 196 231 234
1.0834 2.2729 0.7020 197 231 234
1.0813 2.2730 0.7054 197 231 234
1.0791 2.2731 0.7088 197 231 234
1.0769 2.2732 0.7123 198 231 233
1.0747 2.2734 0.7157 198 231 233
1.0725 2.2735 0.7191 198 231 233
1.0703 2.2736 0.7225 199 231 233
1.0681 2.2737 0.7259 199 231 233
1.0659 2.2739 0.7293 199 231 232
1.0636 2.2740 0.7326 200 231 232
1.0614 2.2741 0.7360 200 231 232
1.0591 2.2742 0.7394 200 231 232
1.0568 2.2744 0.7427 201 231 231
1.0545 2.2745 0.7461 201 231 231
1.0522 2.2746 0.7494 201 232 231
1.0499 2.2748 0.7528 202 232 231
1.0476 2.2749 0.7561 202 232 230
1.0452 2.2750 0.7594 202 232 230
1.0429 2.2751 0.7627 202 232 230
1.0406 2.2753 0.7660 203 232 230
1.0382 2.2754 0.7693 203 232 230
1.0358 2.2755 0.7726 203 232 229
1.0334 2.2756 0.7759 204 232 229
1.0310 2.2757 0.7792 204 232 229
1.0286 2.2759 0.7825 204 232 229
1.0262 2.2760 0.7857 205 232 228
1.0238 2.2761 0.7890 205 232 228
1.0214 2.2763 0.7922 205 232 228
1.0189 2.2764 0.7955 206 232 228
1.0165 2.2765 0.7987 206 232 227
1.0140 2.2766 0.8019 206 232 227
1.0115 2.2767 0.8052 207 232 227
1.0090 2.2769 0.8084 207 232 227
1.0065 2.2770 0.8116 207 232 226
1.0040 2.2771 0.8148 208 232 226
1.0015 2.2772 0.8180 208 232 226
0.9990 2.2774 0.8211 208 232 226
0.9964 2.2775 0.8243 208 232 225
0.9939 2.2776 0.8275 209 232 225
0.9913 2.2778 0.8306 209 232 225
0.9888 2.2779 0.8338 209 232 225
0.9862 2.2780 0.8369 210 232 224
0.9836 2.2781 0.8401 210 232 224
0.9810 2.2782 0.8432 210 232 224
0.9784 2.2784 0.8463 211 232 224
0.9758 2.2785 0.8494 211 232 223
0.9731 2.2786 0.8525 211 232 223
0.9705 2.2788 0.8556 211 232 223
0.9678 2.2789 0.8587 212 232 222
0.9652 2.2790 0.8618 212 232 222
0.9625 2.2791 0.8648 212 232 222
0.9598 2.2792 0.8679 213 232 222
0.9572 2.2794 0.8709 213 232 221
0.9545 2.2795 0.8740 213 232 221
0.9518 2.2796 0.8770 214 232 221
0.9490 2.2797 0.8801 214 232 221
0.9463 2.2799 0.8831 214 232 220
0.9436 2.2800 0.8861 214 232 220
0.9408 2.2801 0.8891 215 232 220
0.9381 2.2803 0.8921 215 232 220
0.9353 2.2804 0.8951 215 232 219
0.9325 2.2805 0.8980 216 232 219
0.9298 2.2806 0.9010 216 232 219
0.9270 2.2807 0.9040 216 232 218
0.9242 2.2809 0.9069 216 232 218
0.9214 2.2810 0.9098 217 232 218
0.9185 2.2811 0.9128 217 232 218
0.9157 2.2813 0.9157 217 232 217
0.9129 2.2814 0.9186 218 232 217
0.9100 2.2815 0.9215 218 232 217
0.9072 2.2816 0.9244 218 232 216
0.9043 2.2817 0.9273 218 232 216
0.9014 2.2819 0.9302 219 232 216
0.8985 2.2820 0.9331 219 232 216
0.8956 2.2821 0.9359 219 232 215
0.8927 2.2823 0.9388 220 232 215
0.8898 2.2824 0.9416 220 232 215
0.8869 2.2825 0.9445 220 232 214
0.8840 2.2826 0.9473 220 232 214
0.8810 2.2828 0.9501 221 232 214
0.8781 2.2829 0.9529 221 232 214
0.8751 2.2830 0.9557 221 232 213
0.8722 2.2831 0.9585 221 232 213
0.8692 2.2832 0.9613 222 232 213
0.8662 2.2834 0.9640 222 232 212
0.8632 2.2835 0.9668 222 232 212
0.8602 2.2836 0.9696 222 232 212
0.8572 2.2837 0.9723 223 232 211
0.8542 2.2839 0.9750 223 232 211
0.8511 2.2840 0.9778 223 232 211
0.8481 2.2841 0.9805 224 232 211
0.8451 2.2843 0.9832 224 232 210
0.8420 2.2844 0.9859 224 233 210
0.8389 2.2845 0.9886 224 233 210
0.8359 2.2846 0.9912 225 233 209
0.8328 2.2848 0.9939 225 233 209
0.8297 2.2849 0.9966 225 233 209
0.8266 2.2850 0.9992 225 233 208
0.8235 2.2851 1.0018 226 233 208
0.8204 2.2853 1.0045 226 233 208
0.8173 2.2854 1.0071 226 233 208
0.8141 2.2855 1.0097 226 233 207
0.8110 2.2856 1.0123 227 233 207
0.8079 2.2858 1.0149 227 233 207
0.8047 2.2859 1.0175 227 233 206
0.8015 2.2860 1.0200 227 233 206
0.7984 2.2861 1.0226 228 233 206
0.7952 2.2862 1.0251 228 233 205
0.7920 2.2864 1.0277 228 233 205
0.7888 2.2865 1.0302 228 233 205
0.7856 2.2866 1.0327 229 233 204
0.7824 2.2868 1.0352 229 233 204
0.7792 2.2869 1.0378 229 233 204
0.7759 2.2870 1.0402 229 233 203
0.7727 2.2871 1.0427 230 233 203
0.7695 2.2873 1.0452 230 233 203
0.7662 2.2874 1.0477 230 233 202
0.7629 2.2875 1.0501 230 233 202
0.7597 2.2876 1.0525 230 233 202
0.7564 2.2877 1.0550 231 233 202
0.7531 2.2879 1.0574 231 233 201
0.7498 2.2880 1.0598 231 233 201
0.7465 2.2881 1.0622 231 233 201
0.7432 2.2883 1.0646 232 233 200
0.7399 2.2884 1.0670 232 233 200
0.7366 2.2885 1.0693 232 233 200
0.7333 2.2886 1.0717 232 233 199
0.7299 2.2887 1.0740 233 233 199
0.7266 2.2889 1.0764 233 233 199
0.7232 2.2890 1.0787 233 233 198
0.7199 2.2891 1.0810 233 233 198
0.7165 2.2893 1.0833 233 233 198
0.7131 2.2894 1.0856 234 233 197
0.7097 2.2895 1.0879 234 233 197
0.7064 2.2896 1.0902 234 233 197
0.7030 2.2898 1.0925 234 233 196
0.6996 2.2899 1.0947 235 233 196
0.6961 2.2900 1.0970 235 233 196
0.6927 2.2901 1.0992 235 233 195
0.6893 2.2902 1.1014 235 233 195
0.6859 2.2904 1.1036 235 233 195
0.6824 2.2905 1.1058 236 233 194
0.6790 2.2906 1.1080 236 233 194
0.6755 2.2908 1.1102 236 233 194
0.6721 2.2909 1.1124 236 233 193
0.6686 2.2910 1.1145 236 233 193
0.6651 2.2911 1.1167 237 233 192
0.6617 2.2912 1.1188 237 233 192
0.6582 2.2914 1.1209 237 233 192
0.6547 2.2915 1.1230 237 233 191
0.6512 2.2916 1.1251 237 233 191
0.6477 2.2917 1.1272 238 233 191
0.6441 2.2919 1.1293 238 233 190
0.6406 2.2920 1.1314 238 233 190
0.6371 2.2921 1.1334 238 233 190
0.6336 2.2923 1.1355 238 233 189
0.6300 2.2924 1.1375 239 233 189
0.6265 2.2925 1.1395 239 233 189
0.6229 2.2926 1.1416 239 233 188
0.6194 2.2927 1.1436 239 233 188
0.6158 2.2929 1.1456 239 233 188
0.6122 2.2930 1.1475 240 233 187
0.6086 2.2931 1.1495 240 233 187
0.6050 2.2933 1.1515 240 233 187
0.6015 2.2934 1.1534 240 233 186
0.5979 2.2935 1.1554 240 233 186
0.5943 2.2936 1.1573 240 233 186
0.5906 2.2938 1.1592 241 233 185
0.5870 2.2939 1.1611 241 233 185
0.5834 2.2940 1.1630 241 233 184
0.5798 2.2941 1.1649 241 234 184
0.5761 2.2942 1.1667 241 234 184
0.5725 2.2944 1.1686 242 234 183
0.5688 2.2945 1.1705 242 234 183
0.5652 2.2946 1.1723 242 234 183
0.5615 2.2948 1.1741 242 234 182
0.5579 2.2949 1.1759 242 234 182
0.5542 2.2950 1.1777 242 234 182
0.5505 2.2951 1.1795 243 234 181
0.5468 2.2953 1.1813 243 234 181
0.5431 2.2954 1.1831 243 234 180
0.5395 2.2955 1.1848 243 234 180
0.5358 2.2956 1.1866 243 234 180
0.5320 2.2957 1.1883 243 234 179
0.5283 2.2959 1.1900 244 234 179
0.5246 2.2960 1.1917 244 234 179
0.5209 2.2961 1.1934 244 234 178
0.5172 2.2963 1.1951 244 234 178
0.5134 2.2964 1.1968 244 234 178
0.5097 2.2965 1.1984 244 234 177
0.5059 2.2966 1.2001 245 234 177
0.5022 2.2967 1.2017 245 234 176
0.4984 2.2969 1.2034 245 234 176
0.4947 2.2970 1.2050 245 234 176
0.4909 2.2971 1.2066 245 234 175
0.4871 2.2973 1.2082 245 234 175
0.4834 2.2974 1.2097 245 234 175
0.4796 2.2975 1.2113 246 234 174
0.4758 2.2976 1.2129 246 234 174
0.4720 2.2978 1.2144 246 234 174
0.4682 2.2979 1.2159 246 234 173
0.4644 2.2980 1.2175 246 234 173
0.4606 2.2981 1.2190 246 234 172
0.4568 2.2982 1.2205 246 234 172
0.4530 2.2984 1.2220 247 234 172
0.4492 2.2985 1.2234 247 234 171
0.4453 2.2986 1.2249 247 234 171
0.4415 2.2988 1.2263 247 234 171
0.4377 2.2989 1.2278 247 234 170
0.4338 2.2990 1.2292 247 234 170
0.4300 2.2991 1.2306 247 234 169
0.4261 2.2992 1.2320 248 234 169
0.4223 2.2994 1.2334 248 234 169
0.4184 2.2995 1.2348 248 234 168
0.4146 2.2996 1.2362 248 234 168
0.4107 2.2997 1.2375 248 234 168
0.4068 2.2999 1.2388 248 234 167
0.4030 2.3000 1.2402 248 234 167
0.3991 2.3001 1.2415 248 234 166
0.3952 2.3003 1.2428 249 234 166
0.3913 2.3004 1.2441 249 234 166
0.3874 2.3005 1.2454 249 234 165
0.3835 2.3006 1.2466 249 234 165
0.3796 2.3007 1.2479 249 234 164
0.3757 2.3009 1.2491 249 234 164
0.3718 2.3010 1.2504 249 234 164
0.3679 2.3011 1.2516 249 234 163
0.3640 2.3013 1.2528 249 234 163
0.3601 2.3014 1.2540 250 234 163
0.3561 2.3015 1.2552 250 234 162
0.3522 2.3016 1.2563 250 234 162
0.3483 2.3017 1.2575 250 234 161
0.3443 2.3019 1.2587 250 234 161
0.3404 2.3020 1.2598 250 234 161
0.3364 2.3021 1.2609 250 234 160
0.3325 2.3022 1.2620 250 234 160
0.3285 2.3024 1.2631 250 234 159
0.3246 2.3025 1.2642 251 234 159
0.3206 2.3026 1.2653 251 234 159
0.3167 2.3028 1.2663 251 234 158
0.3127 2.3029 1.2674 251 234 158
0.3087 2.3030 1.2684 251 234 158
0.3048 2.3031 1.2694 251 234 157
0.3008 2.3033 1.2704 251 234 157
0.2968 2.3034 1.2714 251 234 156
0.2928 2.3035 1.2724 251 234 156
0.2888 2.3036 1.2734 251 234 156
0.2849 2.3037 1.2744 251 234 155
0.2809 2.3039 1.2753 252 234 155
0.2769 2.3040 1.2762 252 235 154
0.2729 2.3041 1.2772 252 235 154
0.2689 2.3042 1.2781 252 235 154
0.2649 2.3044 1.2790 252 235 153
0.2609 2.3045 1.2798 252 235 153
0.2568 2.3046 1.2807 252 235 152
0.2528 2.3048 1.2816 252 235 152
0.2488 2.3049 1.2824 252 235 152
0.2448 2.3050 1.2833 252 235 151
0.2408 2.3051 1.2841 252 235 151
0.2367 2.3053 1.2849 252 235 151
0.2327 2.3054 1.2857 252 235 150
0.2287 2.3055 1.2865 253 235 150
0.2247 2.3056 1.2872 253 235 149
0.2206 2.3058 1.2880 253 235 149
0.2166 2.3059 1.2887 253 235 149
0.2125 2.3060 1.2895 253 235 148
0.2085 2.3061 1.2902 253 235 148
0.2045 2.3062 1.2909 253 235 147
0.2004 2.3064 1.2916 253 235 147
0.1964 2.3065 1.2923 253 235 147
0.1923 2.3066 1.2930 253 235 146
0.1883 2.3068 1.2936 253 235 146
0.1842 2.3069 1.2943 253 235 145
0.1801 2.3070 1.2949 253 235 145
0.1761 2.3071 1.2955 253 235 145
0.1720 2.3073 1.2961 253 235 144
0.1680 2.3074 1.2967 253 235 144
0.1639 2.3075 1.2973 253 235 143
0.1598 2.3076 1.2979 254 235 143
0.1557 2.3077 1.2984 254 235 143
0.1517 2.3079 1.2990 254 235 142
0.1476 2.3080 1.2995 254 235 142
0.1435 2.3081 1.3000 254 235 141
0.1394 2.3083 1.3005 254 235 141
0.1354 2.3084 1.3010 254 235 141
0.1313 2.3085 1.3015 254 235 140
0.1272 2.3086 1.3019 254 235 140
0.1231 2.3087 1.3024 254 235 139
0.1190 2.3089 1.3028 254 235 139
0.1149 2.3090 1.3033 254 235 139
0.1108 2.3091 1.3037 254 235 138
0.1068 2.3093 1.3041 254 235 138
0.1027 2.3094 1.3045 254 235 137
0.0986 2.3095 1.3048 254 235 137
0.0945 2.3096 1.3052 254 235 137
0.0904 2.3098 1.3056 254 235 136
0.0863 2.3099 1.3059 254 235 136
0.0822 2.3100 1.3062 254 235 135
0.0781 2.3101 1.3065 254 235 135
0.0740 2.3102 1.3068 254 235 135
0.0699 2.3104 1.3071 254 235 134
0.0658 2.3105 1.3074 254 235 134
0.0617 2.3106 1.3076 254 235 133
0.0576 2.3108 1.3079 254 235 133
0.0535 2.3109 1.3081 254 235 133
0.0493 2.3110 1.3083 254 235 132
0.0452 2.3111 1.3086 254 235 132
0.0411 2.3112 1.3088 254 235 131
0.0370 2.3114 1.3089 254 235 131
0.0329 2.3115 1.3091 254 235 131
0.0288 2.3116 1.3093 254 235 130
0.0247 2.3117 1.3094 254 235 130
0.0206 2.3119 1.3095 254 235 129
0.0165 2.3120 1.3097 254 235 129
0.0123 2.3121 1.3098 254 235 129
0.0082 2.3123 1.3099 254 235 128
0.0041 2.3124 1.3099 254 235 128
0.0000 2.3125 1.3100 255 235 128
-0.0041 2.3126 1.3101 254 235 127
-0.0082 2.3128 1.3101 254 235 127
-0.0123 2.3129 1.3101 254 235 126
-0.0165 2.3130 1.3101 254 235 126
-0.0206 2.3131 1.3101 254 235 126
-0.0247 2.3133 1.3101 254 235 125
-0.0288 2.3134 1.3101 254 235 125
-0.0329 2.3135 1.3101 254 235 124
-0.0370 2.3136 1.3100 254 235 124
-0.0412 2.3137 1.3100 254 236 124
-0.0453 2.3139 1.3099 254 236 123
-0.0494 2.3140 1.3098 254 236 123
-0.0535 2.3141 1.3097 254 236 122
-0.0576 2.3142 1.3096 254 236 122
-0.0618 2.3144 1.3094 254 236 122
-0.0659 2.3145 1.3093 254 236 121
-0.0700 2.3146 1.3092 254 236 121
-0.0741 2.3148 1.3090 254 236 120
-0.0782 2.3149 1.3088 254 236 120
-0.0823 2.3150 1.3086 254 236 120
-0.0864 2.3151 1.3084 254 236 119
-0.0906 2.3153 1.3082 254 236 119
-0.0947 2.3154 1.3080 254 236 118
-0.0988 2.3155 1.3077 254 236 118
-0.1029 2.3156 1.3075 254 236 118
-0.1070 2.3157 1.3072 254 236 117
-0.1111 2.3159 1.3069 254 236 117
-0.1152 2.3160 1.3066 254 236 116
-0.1193 2.3161 1.3063 254 236 116
-0.1235 2.3163 1.3060 254 236 116
-0.1276 2.3164 1.3056 254 236 115
-0.1317 2.3165 1.3053 254 236 115
-0.1358 2.3166 1.3049 254 236 114
-0.1399 2.3167 1.3046 254 236 114
-0.1440 2.3169 1.3042 254 236 114
-0.1481 2.3170 1.3038 254 236 113
-0.1522 2.3171 1.3034 254 236 113
-0.1563 2.3173 1.3029 254 236 112
-0.1604 2.3174 1.3025 254 236 112
-0.1645 2.3175 1.3021 253 236 112
-0.1686 2.3176 1.3016 253 236 111
-0.1727 2.3178 1.3011 253 236 111
-0.1768 2.3179 1.3006 253 236 110
-0.1809 2.3180 1.3001 253 236 110
-0.1850 2.3181 1.2996 253 236 110
-0.1891 2.3182 1.2991 253 236 109
-0.1931 2.3184 1.2985 253 236 109
-0.1972 2.3185 1.2980 253 236 108
-0.2013 2.3186 1.2974 253 236 108
-0.2054 2.3188 1.2968 253 236 108
-0.2095 2.3189 1.2962 253 236 107
-0.2136 2.3190 1.2956 253 236 107
-0.2176 2.3191 1.2950 253 236 106
-0.2217 2.3192 1.2944 253 236 106
-0.2258 2.3194 1.2937 253 236 106
-0.2299 2.3195 1.2931 253 236 105
-0.2339 2.3196 1.2924 252 236 105
-0.2380 2.3197 1.2917 252 236 104
-0.2421 2.3199 1.2910 252 236 104
-0.2461 2.3200 1.2903 252 236 104
-0.2502 2.3201 1.2896 252 236 103
-0.2543 2.3203 1.2889 252 236 103
-0.2583 2.3204 1.2881 252 236 103
-0.2624 2.3205 1.2874 252 236 102
-0.2664 2.3206 1.2866 252 236 102
-0.2705 2.3207 1.2858 252 236 101
-0.2745 2.3209 1.2850 252 236 101
-0.2786 2.3210 1.2842 252 236 101
-0.2826 2.3211 1.2834 252 236 100
-0.2867 2.3213 1.2825 251 236 100
-0.2907 2.3214 1.2817 251 236 99
-0.2948 2.3215 1.2808 251 236 99
-0.2988 2.3216 1.2800 251 236 99
-0.3028 2.3217 1.2791 251 236 98
-0.3069 2.3219 1.2782 251 236 98
-0.3109 2.3220 1.2773 251 236 97
-0.3149 2.3221 1.2763 251 236 97
-0.3189 2.3222 1.2754 251 236 97
-0.3230 2.3224 1.2745 251 236 96
-0.3270 2.3225 1.2735 251 236 96
-0.3310 2.3226 1.2725 250 236 96
-0.3350 2.3228 1.2715 250 236 95
-0.3390 2.3229 1.2705 250 236 95
-0.3430 2.3230 1.2695 250 236 94
-0.3470 2.3231 1.2685 250 236 94
-0.3510 2.3232 1.2675 250 236 94
-0.3550 2.3234 1.2664 250 236 93
-0.3590 2.3235 1.2653 250 236 93
-0.3630 2.3236 1.2643 250 237 92
-0.3670 2.3237 1.2632 249 237 92
-0.3710 2.3239 1.2621 249 237 92
-0.3749 2.3240 1.2610 249 237 91
-0.3789 2.3241 1.2598 249 237 91
-0.3829 2.3243 1.2587 249 237 91
-0.3869 2.3244 1.2575 249 237 90
-0.3908 2.3245 1.2564 249 237 90
-0.3948 2.3246 1.2552 249 237 89
-0.3988 2.3247 1.2540 249 237 89
-0.4027 2.3249 1.2528 248 237 89
-0.4067 2.3250 1.2516 248 237 88
-0.4106 2.3251 1.2504 248 237 88
-0.4146 2.3253 1.2491 248 237 87
-0.4185 2.3254 1.2479 248 237 87
-0.4224 2.3255 1.2466 248 237 87
-0.4264 2.3256 1.2453 248 237 86
-0.4303 2.3258 1.2440 248 237 86
-0.4342 2.3259 1.2427 247 237 86
-0.4382 2.3260 1.2414 247 237 85
-0.4421 2.3261 1.2401 247 237 85
-0.4460 2.3262 1.2388 247 237 84
-0.4499 2.3264 1.2374 247 237 84
-0.4538 2.3265 1.2360 247 237 84
-0.4577 2.3266 1.2347 247 237 83
-0.4616 2.3268 1.2333 246 237 83
-0.4655 2.3269 1.2319 246 237 83
-0.4694 2.3270 1.2305 246 237 82
-0.4733 2.3271 1.2290 246 237 82
-0.4771 2.3272 1.2276 246 237 81
-0.4810 2.3274 1.2262 246 237 81
-0.4849 2.3275 1.2247 246 237 81
-0.4888 2.3276 1.2232 245 237 80
-0.4926 2.3277 1.2217 245 237 80
-0.4965 2.3279 1.2202 245 237 80
-0.5003 2.3280 1.2187 245 237 79
-0.5042 2.3281 1.2172 245 237 79
-0.5080 2.3283 1.2157 245 237 79
-0.5119 2.3284 1.2141 245 237 78
-0.5157 2.3285 1.2126 244 237 78
-0.5195 2.3286 1.2110 244 237 77
-0.5234 2.3287 1.2094 244 237 77
-0.5272 2.3289 1.2078 244 237 77
-0.5310 2.3290 1.2062 244 237 76
-0.5348 2.3291 1.2046 244 237 76
-0.5386 2.3293 1.2030 243 237 76
-0.5424 2.3294 1.2013 243 237 75
-0.5462 2.3295 1.1997 243 237 75
-0.5500 2.3296 1.1980 243 237 75
-0.5538 2.3297 1.1963 243 237 74
-0.5576 2.3299 1.1946 243 237 74
-0.5613 2.3300 1.1929 242 237 73
-0.5651 2.3301 1.1912 242 237 73
-0.5689 2.3302 1.1895 242 237 73
-0.5726 2.3304 1.1877 242 237 72
-0.5764 2.3305 1.1860 242 237 72
-0.5801 2.3306 1.1842 242 237 72
-0.5839 2.3308 1.1825 241 237 71
-0.5876 2.3309 1.1807 241 237 71
-0.5914 2.3310 1.1789 241 237 71
-0.5951 2.3311 1.1771 241 237 70
-0.5988 2.3312 1.1752 241 237 70
-0.6025 2.3314 1.1734 240 237 69
-0.6062 2.3315 1.1716 240 237 69
-0.6099 2.3316 1.1697 240 237 69
-0.6136 2.3317 1.1678 240 237 68
-0.6173 2.3319 1.1660 240 237 68
-0.6210 2.3320 1.1641 240 237 68
-0.6247 2.3321 1.1622 239 237 67
-0.6284 2.3322 1.1602 239 237 67
-0.6321 2.3324 1.1583 239 237 67
-0.6357 2.3325 1.1564 239 237 66
-0.6394 2.3326 1.1544 239 237 66
-0.6430 2.3327 1.1525 238 237 66
-0.6467 2.3329 1.1505 238 237 65
-0.6503 2.3330 1.1485 238 237 65
-0.6540 2.3331 1.1465 238 237 65
-0.6576 2.3333 1.1445 238 237 64
-0.6612 2.3334 1.1425 237 238 64
-0.6648 2.3335 1.1404 237 238 64
-0.6684 2.3336 1.1384 237 238 63
-0.6720 2.3338 1.1364 237 238 63
-0.6756 2.3339 1.1343 237 238 63
-0.6792 2.3340 1.1322 236 238 62
-0.6828 2.3341 1.1301 236 238 62
-0.6864 2.3342 1.1280 236 238 61
-0.6900 2.3344 1.1259 236 238 61
-0.6935 2.3345 1.1238 236 238 61
-0.6971 2.3346 1.1217 235 238 60
-0.7006 2.3347 1.1195 235 238 60
-0.7042 2.3349 1.1174 235 238 60
-0.7077 2.3350 1.1152 235 238 59
-0.7113 2.3351 1.1130 235 238 59
-0.7148 2.3353 1.1108 234 238 59
-0.7183 2.3354 1.1086 234 238 58
-0.7218 2.3355 1.1064 234 238 58
-0.7253 2.3356 1.1042 234 238 58
-0.7288 2.3357 1.1020 233 238 57
-0.7323 2.3359 1.0997 233 238 57
-0.7358 2.3360 1.0974 233 238 57
-0.7393 2.3361 1.0952 233 238 56
-0.7427 2.3363 1.0929 233 238 56
-0.7462 2.3364 1.0906 232 238 56
-0.7497 2.3365 1.0883 232 238 55
-0.7531 2.3366 1.0860 232 238 55
-0.7565 2.3367 1.0837 232 238 55
-0.7600 2.3369 1.0813 231 238 54
-0.7634 2.3370 1.0790 231 238 54
-0.7668 2.3371 1.0766 231 238 54
-0.7702 2.3373 1.0743 231 238 53
-0.7737 2.3374 1.0719 230 238 53
-0.7771 2.3375 1.0695 230 238 53
-0.7804 2.3376 1.0671 230 238 53
-0.7838 2.3378 1.0647 230 238 52
-0.7872 2.3379 1.0623 230 238 52
-0.7906 2.3380 1.0599 229 238 52
-0.7939 2.3381 1.0574 229 238 51
-0.7973 2.3382 1.0550 229 238 51
-0.8006 2.3384 1.0525 229 238 51
-0.8040 2.3385 1.0500 228 238 50
-0.8073 2.3386 1.0476 228 238 50
-0.8106 2.3388 1.0451 228 238 50
-0.8139 2.3389 1.0426 228 238 49
-0.8173 2.3390 1.0400 227 238 49
-0.8206 2.3391 1.0375 227 238 49
-0.8238 2.3392 1.0350 227 238 48
-0.8271 2.3394 1.0324 227 238 48
-0.8304 2.3395 1.0299 226 238 48
-0.8337 2.3396 1.0273 226 238 47
-0.8369 2.3397 1.0247 226 238 47
-0.8402 2.3399 1.0221 226 238 47
-0.8434 2.3400 1.0195 225 238 47
-0.8467 2.3401 1.0169 225 238 46
-0.8499 2.3403 1.0143 225 238 46
-0.8531 2.3404 1.0117 225 238 46
-0.8563 2.3405 1.0090 224 238 45
-0.8595 2.3406 1.0064 224 238 45
-0.8627 2.3407 1.0037 224 238 45
-0.8659 2.3409 1.0011 224 238 44
-0.8691 2.3410 0.9984 223 238 44
-0.8723 2.3411 0.9957 223 238 44
-0.8754 2.3413 0.9930 223 238 44
-0.8786 2.3414 0.9903 222 238 43
-0.8817 2.3415 0.9876 222 238 43
-0.8849 2.3416 0.9848 222 238 43
-0.8880 2.3417 0.9821 222 238 42
-0.8911 2.3419 0.9793 221 238 42
-0.8942 2.3420 0.9766 221 238 42
-0.8974 2.3421 0.9738 221 238 41
-0.9004 2.3422 0.9710 221 238 41
-0.9035 2.3424 0.9682 220 238 41
-0.9066 2.3425 0.9654 220 238 41
-0.9097 2.3426 0.9626 220 238 40
-0.9127 2.3428 0.9598 220 238 40
-0.9158 2.3429 0.9570 219 238 40
-0.9188 2.3430 0.9542 219 238 39
-0.9219 2.3431 0.9513 219 238 39
-0.9249 2.3433 0.9484 218 239 39
-0.9279 2.3434 0.9456 218 239 39
-0.9309 2.3435 0.9427 218 239 38
-0.9339 2.3436 0.9398 218 239 38
-0.9369 2.3438 0.9369 217 239 38
-0.9399 2.3439 0.9340 217 239 37
-0.9429 2.3440 0.9311 217 239 37
-0.9458 2.3441 0.9282 216 239 37
-0.9488 2.3442 0.9252 216 239 37
-0.9517 2.3444 0.9223 216 239 36
-0.9547 2.3445 0.9193 216 239 36
-0.9576 2.3446 0.9164 215 239 36
-0.9605 2.3447 0.9134 215 239 35
-0.9634 2.3449 0.9104 215 239 35
-0.9663 2.3450 0.9074 214 239 35
-0.9692 2.3451 0.9044 214 239 35
-0.9721 2.3453 0.9014 214 239 34
-0.9750 2.3454 0.8984 214 239 34
-0.9778 2.3455 0.8954 213 239 34
-0.9807 2.3456 0.8923 213 239 34
-0.9835 2.3458 0.8893 213 239 33
-0.9864 2.3459 0.8862 212 239 33
-0.9892 2.3460 0.8832 212 239 33
-0.9920 2.3461 0.8801 212 239 33
-0.9948 2.3462 0.8770 211 239 32
-0.9976 2.3464 0.8739 211 239 32
-1.0004 2.3465 0.8708 211 239 32
-1.0032 2.3466 0.8677 211 239 31
-1.0059 2.3468 0.8646 210 239 31
-1.0087 2.3469 0.8615 210 239 31
-1.0114 2.3470 0.8584 210 239 31
-1.0142 2.3471 0.8552 209 239 30
-1.0169 2.3472 0.8521 209 239 30
-1.0196 2.3474 0.8489 209 239 30
-1.0223 2.3475 0.8457 208 239 30
-1.0250 2.3476 0.8426 208 239 29
-1.0277 2.3478 0.8394 208 239 29
-1.0304 2.3479 0.8362 208 239 29
-1.0331 2.3480 0.8330 207 239 29
-1.0357 2.3481 0.8298 207 239 28
-1.0384 2.3483 0.8265 207 239 28
-1.0410 2.3484 0.8233 206 239 28
-1.0436 2.3485 0.8201 206 239 28
-1.0462 2.3486 0.8168 206 239 27
-1.0489 2.3487 0.8136 205 239 27
-1.0515 2.3489 0.8103 205 239 27
-1.0540 2.3490 0.8070 205 239 27
-1.0566 2.3491 0.8038 204 239 26
-1.0592 2.3493 0.8005 204 239 26
-1.0617 2.3494 0.7972 204 239 26
-1.0643 2.3495 0.7939 203 239 26
-1.0668 2.3496 0.7906 203 239 25
-1.0694 2.3497 0.7872 203 239 25
-1.0719 2.3499 0.7839 202 239 25
-1.0744 2.3500 0.7806 202 239 25
-1.0769 2.3501 0.7772 202 239 25
-1.0794 2.3502 0.7739 202 239 24
-1.0818 2.3504 0.7705 201 239 24
-1.0843 2.3505 0.7672 201 239 24
-1.0867 2.3506 0.7638 201 239 24
-1.0892 2.3508 0.7604 200 239 23
-1.0916 2.3509 0.7570 200 239 23
-1.0940 2.3510 0.7536 200 239 23
-1.0965 2.3511 0.7502 199 239 23
-1.0989 2.3512 0.7468 199 239 22
-1.1012 2.3514 0.7434 199 239 22
-1.1036 2.3515 0.7399 198 239 22
-1.1060 2.3516 0.7365 198 239 22
-1.1084 2.3518 0.7330 198 239 22
-1.1107 2.3519 0.7296 197 239 21
-1.1130 2.3520 0.7261 197 239 21
-1.1154 2.3521 0.7227 197 239 21
-1.1177 2.3522 0.7192 196 239 21
-1.1200 2.3524 0.7157 196 239 20
-1.1223 2.3525 0.7122 196 239 20
-1.1246 2.3526 0.7087 195 239 20
-1.1268 2.3528 0.7052 195 239 20
-1.1291 2.3529 0.7017 195 239 20
-1.1313 2.3530 0.6982 194 240 19
-1.1336 2.3531 0.6947 194 240 19
-1.1358 2.3533 0.6911 194 240 19
-1.1380 2.3534 0.6876 193 240 19
-1.1402 2.3535 0.6840 193 240 19
-1.1424 2.3536 0.6805 192 240 18
-1.1446 2.3537 0.6769 192 240 18
-1.1468 2.3539 0.6734 192 240 18
-1.1489 2.3540 0.6698 191 240 18
-1.1511 2.3541 0.6662 191 240 18
-1.1532 2.3542 0.6626 191 240 17
-1.1554 2.3544 0.6590 190 240 17
-1.1575 2.3545 0.6554 190 240 17
-1.1596 2.3546 0.6518 190 240 17
-1.1617 2.3548 0.6482 189 240 17
-1.1638 2.3549 0.6446 189 240 16
-1.1658 2.3550 0.6409 189 240 16
-1.1679 2.3551 0.6373 188 240 16
-1.1699 2.3553 0.6336 188 240 16
-1.1720 2.3554 0.6300 188 240 16
-1.1740 2.3555 0.6263 187 240 15
-1.1760 2.3556 0.6227 187 240 15
-1.1780 2.3558 0.6190 187 240 15
-1.1800 2.3559 0.6153 186 240 15
-1.1820 2.3560 0.6116 186 240 15
-1.1840 2.3561 0.6080 186 240 15
-1.1859 2.3563 0.6043 185 240 14
-1.1879 2.3564 0.6006 185 240 14
-1.1898 2.3565 0.5969 184 240 14
-1.1917 2.3566 0.5931 184 240 14
-1.1936 2.3567 0.5894 184 240 14
-1.1955 2.3569 0.5857 183 240 13
-1.1974 2.3570 0.5820 183 240 13
-1.1993 2.3571 0.5782 183 240 13
-1.2012 2.3573 0.5745 182 240 13
-1.2030 2.3574 0.5707 182 240 13
-1.2049 2.3575 0.5670 182 240 13
-1.2067 2.3576 0.5632 181 240 12
-1.2085 2.3578 0.5594 181 240 12
-1.2103 2.3579 0.5557 180 240 12
-1.2121 2.3580 0.5519 180 240 12
-1.2139 2.3581 0.5481 180 240 12
-1.2157 2.3582 0.5443 179 240 12
-1.2174 2.3584 0.5405 179 240 11
-1.2192 2.3585 0.5367 179 240 11
-1.2209 2.3586 0.5329 178 240 11
-1.2226 2.3588 0.5291 178 240 11
-1.2243 2.3589 0.5253 178 240 11
-1.2260 2.3590 0.5214 177 240 11
-1.2277 2.3591 0.5176 177 240 10
-1.2294 2.3592 0.5138 176 240 10
-1.2311 2.3594 0.5099 176 240 10
-1.2327 2.3595 0.5061 176 240 10
-1.2344 2.3596 0.5022 175 240 10
-1.2360 2.3598 0.4984 175 240 10
-1.2376 2.3599 0.4945 175 240 10
-1.2392 2.3600 0.4906 174 240 9
-1.2408 2.3601 0.4868 174 240 9
-1.2424 2.3603 0.4829 174 240 9
-1.2439 2.3604 0.4790 173 240 9
-1.2455 2.3605 0.4751 173 240 9
-1.2470 2.3606 0.4712 172 240 9
-1.2486 2.3607 0.4673 172 240 9
-1.2501 2.3609 0.4634 172 240 8
-1.2516 2.3610 0.4595 171 240 8
-1.2531 2.3611 0.4556 171 240 8
-1.2546 2.3613 0.4517 171 240 8
-1.2560 2.3614 0.4477 170 240 8
-1.2575 2.3615 0.4438 170 240 8
-1.2589 2.3616 0.4399 169 240 8
-1.2604 2.3617 0.4360 169 240 7
-1.2618 2.3619 0.4320 169 240 7
-1.2632 2.3620 0.4281 168 240 7
-1.2646 2.3621 0.4241 168 240 7
-1.2660 2.3622 0.4202 168 240 7
-1.2674 2.3624 0.4162 167 240 7
-1.2687 2.3625 0.4122 167 240 7
-1.2701 2.3626 0.4083 166 240 7
-1.2714 2.3628 0.4043 166 241 6
-1.2727 2.3629 0.4003 166 241 6
-1.2740 2.3630 0.3963 165 241 6
-1.2753 2.3631 0.3923 165 241 6
-1.2766 2.3632 0.3883 164 241 6
-1.2779 2.3634 0.3844 164 241 6
-1.2791 2.3635 0.3804 164 241 6
-1.2804 2.3636 0.3763 163 241 6
-1.2816 2.3638 0.3723 163 241 6
-1.2828 2.3639 0.3683 163 241 5
-1.2840 2.3640 0.3643 162 241 5
-1.2852 2.3641 0.3603 162 241 5
-1.2864 2.3643 0.3563 161 241 5
-1.2876 2.3644 0.3522 161 241 5
-1.2887 2.3645 0.3482 161 241 5
-1.2899 2.3646 0.3442 160 241 5
-1.2910 2.3647 0.3401 160 241 5
-1.2921 2.3649 0.3361 159 241 5
-1.2933 2.3650 0.3321 159 241 4
-1.2943 2.3651 0.3280 159 241 4
-1.2954 2.3653 0.3239 158 241 4
-1.2965 2.3654 0.3199 158 241 4
-1.2976 2.3655 0.3158 158 241 4
-1.2986 2.3656 0.3118 157 241 4
-1.2996 2.3658 0.3077 157 241 4
-1.3007 2.3659 0.3036 156 241 4
-1.3017 2.3660 0.2996 156 241 4
-1.3026 2.3661 0.2955 156 241 4
-1.3036 2.3662 0.2914 155 241 4
-1.3046 2.3664 0.2873 155 241 3
-1.3056 2.3665 0.2832 154 241 3
-1.3065 2.3666 0.2791 154 241 3
-1.3074 2.3668 0.2750 154 241 3
-1.3083 2.3669 0.2709 153 241 3
-1.3092 2.3670 0.2668 153 241 3
-1.3101 2.3671 0.2627 152 241 3
-1.3110 2.3672 0.2586 152 241 3
-1.3119 2.3674 0.2545 152 241 3
-1.3127 2.3675 0.2504 151 241 3
-1.3136 2.3676 0.2463 151 241 3
-1.3144 2.3678 0.2422 151 241 3
-1.3152 2.3679 0.2381 150 241 3
-1.3160 2.3680 0.2339 150 241 2
-1.3168 2.3681 0.2298 149 241 2
-1.3176 2.3683 0.2257 149 241 2
-1.3183 2.3684 0.2216 149 241 2
-1.3191 2.3685 0.2174 148 241 2
-1.3198 2.3686 0.2133 148 241 2
-1.3205 2.3687 0.2092 147 241 2
-1.3212 2.3689 0.2050 147 241 2
-1.3219 2.3690 0.2009 147 241 2
-1.3226 2.3691 0.1967 146 241 2
-1.3233 2.3693 0.1926 146 241 2
-1.3240 2.3694 0.1884 145 241 2
-1.3246 2.3695 0.1843 145 241 2
-1.3252 2.3696 0.1801 145 241 2
-1.3259 2.3697 0.1760 144 241 2
-1.3265 2.3699 0.1718 144 241 2
-1.3271 2.3700 0.1676 143 241 2
-1.3276 2.3701 0.1635 143 241 1
-1.3282 2.3702 0.1593 143 241 1
-1.3288 2.3704 0.1552 142 241 1
-1.3293 2.3705 0.1510 142 241 1
-1.3298 2.3706 0.1468 141 241 1
-1.3303 2.3708 0.1426 141 241 1
-1.3308 2.3709 0.1385 141 241 1
-1.3313 2.3710 0.1343 140 241 1
-1.3318 2.3711 0.1301 140 241 1
-1.3323 2.3712 0.1259 139 241 1
-1.3327 2.3714 0.1218 139 241 1
-1.3331 2.3715 0.1176 139 241 1
-1.3336 2.3716 0.1134 138 241 1
-1.3340 2.3718 0.1092 138 241 1
-1.3344 2.3719 0.1050 137 241 1
-1.3348 2.3720 0.1008 137 241 1
-1.3351 2.3721 0.0966 137 241 1
-1.3355 2.3722 0.0924 136 241 1
-1.3358 2.3724 0.0883 136 241 1
-1.3362 2.3725 0.0841 135 241 1
-1.3365 2.3726 0.0799 135 242 1
-1.3368 2.3727 0.0757 135 242 1
-1.3371 2.3729 0.0715 134 242 1
-1.3373 2.3730 0.0673 134 242 1
-1.3376 2.3731 0.0631 133 242 1
-1.3379 2.3733 0.0589 133 242 1
-1.3381 2.3734 0.0547 133 242 1
-1.3383 2.3735 0.0505 132 242 1
-1.3385 2.3736 0.0463 132 242 1
-1.3387 2.3738 0.0421 131 242 1
-1.3389 2.3739 0.0379 131 242 1
-1.3391 2.3740 0.0337 131 242 1
-1.3393 2.3741 0.0295 130 242 1
-1.3394 2.3742 0.0253 130 242 1
-1.3395 2.3744 0.0210 129 242 1
-1.3397 2.3745 0.0168 129 242 1
-1.3398 2.3746 0.0126 129 242 1
-1.3399 2.3747 0.0084 128 242 1
-1.3399 2.3749 0.0042 128 242 1
-1.3400 2.3750 0.0000 128 242 1
-1.3401 2.3751 -0.0042 127 242 1
-1.3401 2.3752 -0.0084 127 242 1
-1.3401 2.3754 -0.0126 126 242 1
-1.3401 2.3755 -0.0168 126 242 1
-1.3401 2.3756 -0.0211 126 242 1
-1.3401 2.3758 -0.0253 125 242 1
-1.3401 2.3759 -0.0295 125 242 1
-1.3401 2.3760 -0.0337 124 242 1
-1.3400 2.3761 -0.0379 124 242 1
-1.3399 2.3763 -0.0421 124 242 1
-1.3399 2.3764 -0.0463 123 242 1
-1.3398 2.3765 -0.0505 123 242 1
-1.3397 2.3766 -0.0547 122 242 1
-1.3395 2.3767 -0.0590 122 242 1
-1.3394 2.3769 -0.0632 122 242 1
-1.3393 2.3770 -0.0674 121 242 1
-1.3391 2.3771 -0.0716 121 242 1
-1.3389 2.3773 -0.0758 120 242 1
-1.3388 2.3774 -0.0800 120 242 1
-1.3386 2.3775 -0.0842 120 242 1
-1.3383 2.3776 -0.0884 119 242 1
-1.3381 2.3777 -0.0926 119 242 1
-1.3379 2.3779 -0.0968 118 242 1
-1.3376 2.3780 -0.1010 118 242 1
-1.3374 2.3781 -0.1053 118 242 1
-1.3371 2.3782 -0.1095 117 242 1
-1.3368 2.3784 -0.1137 117 242 1
-1.3365 2.3785 -0.1179 116 242 1
-1.3362 2.3786 -0.1221 116 242 1
-1.3358 2.3788 -0.1263 116 242 1
-1.3355 2.3789 -0.1305 115 242 1
-1.3351 2.3790 -0.1347 115 242 1
-1.3348 2.3791 -0.1389 114 242 1
-1.3344 2.3792 -0.1431 114 242 1
-1.3340 2.3794 -0.1473 114 242 1
-1.3336 2.3795 -0.1515 113 242 1
-1.3332 2.3796 -0.1557 113 242 1
-1.3327 2.3798 -0.1599 112 242 1
-1.3323 2.3799 -0.1641 112 242 1
-1.3318 2.3800 -0.1682 112 242 2
-1.3313 2.3801 -0.1724 111 242 2
-1.3309 2.3802 -0.1766 111 242 2
-1.3303 2.3804 -0.1808 110 242 2
-1.3298 2.3805 -0.1850 110 242 2
-1.3293 2.3806 -0.1892 110 242 2
-1.3288 2.3807 -0.1934 109 242 2
-1.3282 2.3809 -0.1976 109 242 2
-1.3276 2.3810 -0.2017 108 242 2
-1.3271 2.3811 -0.2059 108 242 2
-1.3265 2.3813 -0.2101 108 242 2
-1.3259 2.3814 -0.2143 107 242 2
-1.3252 2.3815 -0.2184 107 242 2
-1.3246 2.3816 -0.2226 106 242 2
-1.3240 2.3817 -0.2268 106 242 2
-1.3233 2.3819 -0.2310 106 242 2
-1.3226 2.3820 -0.2351 105 242 2
-1.3219 2.3821 -0.2393 105 242 3
-1.3212 2.3822 -0.2434 104 242 3
-1.3205 2.3824 -0.2476 104 243 3
-1.3198 2.3825 -0.2518 104 243 3
-1.3191 2.3826 -0.2559 103 243 3
-1.3183 2.3827 -0.2601 103 243 3
-1.3175 2.3829 -0.2642 103 243 3
-1.3168 2.3830 -0.2684 102 243 3
-1.3160 2.3831 -0.2725 102 243 3
-1.3152 2.3833 -0.2767 101 243 3
-1.3144 2.3834 -0.2808 101 243 3
-1.3135 2.3835 -0.2850 101 243 3
-1.3127 2.3836 -0.2891 100 243 3
-1.3118 2.3838 -0.2932 100 243 4
-1.3110 2.3839 -0.2974 99 243 4
-1.3101 2.3840 -0.3015 99 243 4
-1.3092 2.3841 -0.3056 99 243 4
-1.3083 2.3842 -0.3097 98 243 4
-1.3074 2.3844 -0.3139 98 243 4
-1.3064 2.3845 -0.3180 97 243 4
-1.3055 2.3846 -0.3221 97 243 4
-1.3045 2.3847 -0.3262 97 243 4
-1.3035 2.3849 -0.3303 96 243 4
-1.3026 2.3850 -0.3344 96 243 4
-1.3016 2.3851 -0.3385 96 243 5
-1.3005 2.3853 -0.3426 95 243 5
-1.2995 2.3854 -0.3467 95 243 5
-1.2985 2.3855 -0.3508 94 243 5
-1.2974 2.3856 -0.3549 94 243 5
-1.2964 2.3858 -0.3590 94 243 5
-1.2953 2.3859 -0.3631 93 243 5
-1.2942 2.3860 -0.3672 93 243 5
-1.2931 2.3861 -0.3713 92 243 5
-1.2920 2.3862 -0.3754 92 243 6
-1.2909 2.3864 -0.3794 92 243 6
-1.2897 2.3865 -0.3835 91 243 6
-1.2886 2.3866 -0.3876 91 243 6
-1.2874 2.3868 -0.3916 91 243 6
-1.2862 2.3869 -0.3957 90 243 6
-1.2850 2.3870 -0.3997 90 243 6
-1.2838 2.3871 -0.4038 89 243 6
-1.2826 2.3872 -0.4078 89 243 6
-1.2814 2.3874 -0.4119 89 243 7
-1.2801 2.3875 -0.4159 88 243 7
-1.2789 2.3876 -0.4200 88 243 7
-1.2776 2.3878 -0.4240 87 243 7
-1.2763 2.3879 -0.4280 87 243 7
-1.2750 2.3880 -0.4321 87 243 7
-1.2737 2.3881 -0.4361 86 243 7
-1.2724 2.3883 -0.4401 86 243 7
-1.2711 2.3884 -0.4441 86 243 8
-1.2697 2.3885 -0.4481 85 243 8
-1.2684 2.3886 -0.4521 85 243 8
-1.2670 2.3887 -0.4561 84 243 8
-1.2656 2.3889 -0.4601 84 243 8
-1.2642 2.3890 -0.4641 84 243 8
-1.2628 2.3891 -0.4681 83 243 8
-1.2614 2.3893 -0.4721 83 243 9
-1.2599 2.3894 -0.4761 83 243 9
-1.2585 2.3895 -0.4801 82 243 9
-1.2570 2.3896 -0.4840 82 243 9
-1.2556 2.3897 -0.4880 81 243 9
-1.2541 2.3899 -0.4920 81 243 9
-1.2526 2.3900 -0.4959 81 243 9
-1.2511 2.3901 -0.4999 80 243 10
-1.2496 2.3902 -0.5038 80 243 10
-1.2480 2.3904 -0.5078 80 243 10
-1.2465 2.3905 -0.5117 79 243 10
-1.2449 2.3906 -0.5157 79 243 10
-1.2434 2.3908 -0.5196 79 243 10
-1.2418 2.3909 -0.5235 78 243 10
-1.2402 2.3910 -0.5274 78 243 11
-1.2386 2.3911 -0.5314 77 243 11
-1.2369 2.3912 -0.5353 77 243 11
-1.2353 2.3914 -0.5392 77 243 11
-1.2337 2.3915 -0.5431 76 243 11
-1.2320 2.3916 -0.5470 76 243 11
-1.2303 2.3918 -0.5509 76 243 12
-1.2287 2.3919 -0.5548 75 243 12
-1.2270 2.3920 -0.5586 75 243 12
-1.2253 2.3921 -0.5625 75 243 12
-1.2235 2.3922 -0.5664 74 244 12
-1.2218 2.3924 -0.5703 74 244 12
-1.2201 2.3925 -0.5741 73 244 13
-1.2183 2.3926 -0.5780 73 244 13
-1.2165 2.3927 -0.5818 73 244 13
-1.2148 2.3929 -0.5857 72 244 13
-1.2130 2.3930 -0.5895 72 244 13
-1.2112 2.3931 -0.5933 72 244 13
-1.2094 2.3933 -0.5972 71 244 14
-1.2075 2.3934 -0.6010 71 244 14
-1.2057 2.3935 -0.6048 71 244 14
-1.2038 2.3936 -0.6086 70 244 14
-1.2020 2.3937 -0.6124 70 244 14
-1.2001 2.3939 -0.6162 69 244 15
-1.1982 2.3940 -0.6200 69 244 15
-1.1963 2.3941 -0.6238 69 244 15
-1.1944 2.3942 -0.6276 68 244 15
-1.1925 2.3944 -0.6314 68 244 15
-1.1905 2.3945 -0.6351 68 244 15
-1.1886 2.3946 -0.6389 67 244 16
-1.1866 2.3948 -0.6427 67 244 16
-1.1846 2.3949 -0.6464 67 244 16
-1.1827 2.3950 -0.6502 66 244 16
-1.1807 2.3951 -0.6539 66 244 16
-1.1787 2.3952 -0.6577 66 244 17
-1.1766 2.3954 -0.6614 65 244 17
-1.1746 2.3955 -0.6651 65 244 17
-1.1726 2.3956 -0.6688 65 244 17
-1.1705 2.3958 -0.6725 64 244 17
-1.1684 2.3959 -0.6762 64 244 18
-1.1664 2.3960 -0.6799 64 244 18
-1.1643 2.3961 -0.6836 63 244 18
-1.1622 2.3963 -0.6873 63 244 18
-1.1601 2.3964 -0.6910 63 244 18
-1.1579 2.3965 -0.6947 62 244 19
-1.1558 2.3966 -0.6983 62 244 19
-1.1537 2.3967 -0.7020 61 244 19
-1.1515 2.3969 -0.7056 61 244 19
-1.1493 2.3970 -0.7093 61 244 19
-1.1471 2.3971 -0.7129 60 244 20
-1.1449 2.3973 -0.7166 60 244 20
-1.1427 2.3974 -0.7202 60 244 20
-1.1405 2.3975 -0.7238 59 244 20
-1.1383 2.3976 -0.7274 59 244 20
-1.1360 2.3977 -0.7310 59 244 21
-1.1338 2.3979 -0.7346 58 244 21
-1.1315 2.3980 -0.7382 58 244 21
-1.1293 2.3981 -0.7418 58 244 21
-1.1270 2.3982 -0.7454 57 244 22
-1.1247 2.3984 -0.7489 57 244 22
-1.1224 2.3985 -0.7525 57 244 22
-1.1200 2.3986 -0.7561 56 244 22
-1.1177 2.3988 -0.7596 56 244 22
-1.1154 2.3989 -0.7631 56 244 23
-1.1130 2.3990 -0.7667 55 244 23
-1.1107 2.3991 -0.7702 55 244 23
-1.1083 2.3992 -0.7737 55 244 23
-1.1059 2.3994 -0.7772 54 244 24
-1.1035 2.3995 -0.7807 54 244 24
-1.1011 2.3996 -0.7842 54 244 24
-1.0987 2.3998 -0.7877 53 244 24
-1.0962 2.3999 -0.7912 53 244 25
-1.0938 2.4000 -0.7947 53 244 25
-1.0913 2.4001 -0.7982 53 244 25
-1.0889 2.4002 -0.8016 52 244 25
-1.0864 2.4004 -0.8051 52 244 25
-1.0839 2.4005 -0.8085 52 244 26
-1.0814 2.4006 -0.8119 51 244 26
-1.0789 2.4007 -0.8154 51 244 26
-1.0764 2.4009 -0.8188 51 244 26
-1.0739 2.4010 -0.8222 50 244 27
-1.0713 2.4011 -0.8256 50 244 27
-1.0688 2.4013 -0.8290 50 244 27
-1.0662 2.4014 -0.8324 49 244 27
-1.0636 2.4015 -0.8358 49 244 28
-1.0610 2.4016 -0.8392 49 244 28
-1.0584 2.4017 -0.8425 48 244 28
-1.0558 2.4019 -0.8459 48 244 28
-1.0532 2.4020 -0.8492 48 245 29
-1.0506 2.4021 -0.8526 47 245 29
-1.0480 2.4022 -0.8559 47 245 29
-1.0453 2.4024 -0.8592 47 245 29
-1.0427 2.4025 -0.8626 47 245 30
-1.0400 2.4026 -0.8659 46 245 30
-1.0373 2.4027 -0.8692 46 245 30
-1.0346 2.4029 -0.8725 46 245 30
-1.0319 2.4030 -0.8758 45 245 31
-1.0292 2.4031 -0.8790 45 245 31
-1.0265 2.4032 -0.8823 45 245 31
-1.0238 2.4034 -0.8856 44 245 31
-1.0210 2.4035 -0.8888 44 245 32
-1.0183 2.4036 -0.8920 44 245 32
-1.0155 2.4038 -0.8953 44 245 32
-1.0127 2.4039 -0.8985 43 245 33
-1.0099 2.4040 -0.9017 43 245 33
-1.0072 2.4041 -0.9049 43 245 33
-1.0043 2.4043 -0.9081 42 245 33
-1.0015 2.4044 -0.9113 42 245 34
-0.9987 2.4045 -0.9145 42 245 34
-0.9959 2.4046 -0.9177 41 245 34
-0.9930 2.4047 -0.9208 41 245 34
-0.9902 2.4049 -0.9240 41 245 35
-0.9873 2.4050 -0.9272 41 245 35
-0.9844 2.4051 -0.9303 40 245 35
-0.9816 2.4052 -0.9334 40 245 35
-0.9787 2.4054 -0.9365 40 245 36
-0.9758 2.4055 -0.9397 39 245 36
-0.9728 2.4056 -0.9428 39 245 36
-0.9699 2.4058 -0.9458 39 245 37
-0.9670 2.4059 -0.9489 39 245 37
-0.9640 2.4060 -0.9520 38 245 37
-0.9611 2.4061 -0.9551 38 245 37
-0.9581 2.4063 -0.9581 38 245 38
-0.9552 2.4064 -0.9612 37 245 38
-0.9522 2.4065 -0.9642 37 245 38
-0.9492 2.4066 -0.9672 37 245 39
-0.9462 2.4068 -0.9703 37 245 39
-0.9432 2.4069 -0.9733 36 245 39
-0.9401 2.4070 -0.9763 36 245 39
-0.9371 2.4071 -0.9793 36 245 40
-0.9341 2.4072 -0.9823 35 245 40
-0.9310 2.4074 -0.9852 35 245 40
-0.9280 2.4075 -0.9882 35 245 41
-0.9249 2.4076 -0.9911 35 245 41
-0.9218 2.4078 -0.9941 34 245 41
-0.9187 2.4079 -0.9970 34 245 41
-0.9156 2.4080 -0.9999 34 245 42
-0.9125 2.4081 -1.0029 34 245 42
-0.9094 2.4083 -1.0058 33 245 42
-0.9063 2.4084 -1.0087 33 245 43
-0.9032 2.4085 -1.0116 33 245 43
-0.9000 2.4086 -1.0144 33 245 43
-0.8969 2.4087 -1.0173 32 245 44
-0.8937 2.4089 -1.0202 32 245 44
-0.8905 2.4090 -1.0230 32 245 44
-0.8874 2.4091 -1.0258 31 245 44
-0.8842 2.4093 -1.0287 31 245 45
-0.8810 2.4094 -1.0315 31 245 45
-0.8778 2.4095 -1.0343 31 245 45
-0.8746 2.4096 -1.0371 30 245 46
-0.8713 2.4097 -1.0399 30 245 46
-0.8681 2.4099 -1.0427 30 245 46
-0.8649 2.4100 -1.0454 30 245 47
-0.8616 2.4101 -1.0482 29 245 47
-0.8583 2.4103 -1.0509 29 245 47
-0.8551 2.4104 -1.0537 29 245 47
-0.8518 2.4105 -1.0564 29 245 48
-0.8485 2.4106 -1.0591 28 245 48
-0.8452 2.4108 -1.0618 28 245 48
-0.8419 2.4109 -1.0645 28 245 49
-0.8386 2.4110 -1.0672 28 245 49
-0.8353 2.4111 -1.0699 27 245 49
-0.8320 2.4112 -1.0726 27 245 50
-0.8286 2.4114 -1.0752 27 245 50
-0.8253 2.4115 -1.0779 27 245 50
-0.8219 2.4116 -1.0805 26 245 51
-0.8186 2.4118 -1.0831 26 245 51
-0.8152 2.4119 -1.0857 26 246 51
-0.8118 2.4120 -1.0883 26 246 52
-0.8084 2.4121 -1.0909 25 246 52
-0.8050 2.4122 -1.0935 25 246 52
-0.8016 2.4124 -1.0961 25 246 53
-0.7982 2.4125 -1.0986 25 246 53
-0.7948 2.4126 -1.1012 25 246 53
-0.7914 2.4127 -1.1037 24 246 53
-0.7879 2.4129 -1.1063 24 246 54
-0.7845 2.4130 -1.1088 24 246 54
-0.7810 2.4131 -1.1113 24 246 54
-0.7776 2.4133 -1.1138 23 246 55
-0.7741 2.4134 -1.1163 23 246 55
-0.7706 2.4135 -1.1188 23 246 55
-0.7671 2.4136 -1.1212 23 246 56
-0.7636 2.4138 -1.1237 22 246 56
-0.7601 2.4139 -1.1261 22 246 56
-0.7566 2.4140 -1.1285 22 246 57
-0.7531 2.4141 -1.1310 22 246 57
-0.7496 2.4143 -1.1334 22 246 57
-0.7461 2.4144 -1.1358 21 246 58
-0.7425 2.4145 -1.1382 21 246 58
-0.7390 2.4146 -1.1405 21 246 58
-0.7354 2.4147 -1.1429 21 246 59
-0.7319 2.4149 -1.1453 20 246 59
-0.7283 2.4150 -1.1476 20 246 59
-0.7247 2.4151 -1.1499 20 246 60
-0.7211 2.4152 -1.1523 20 246 60
-0.7175 2.4154 -1.1546 20 246 60
-0.7139 2.4155 -1.1569 19 246 61
-0.7103 2.4156 -1.1592 19 246 61
-0.7067 2.4158 -1.1614 19 246 61
-0.7031 2.4159 -1.1637 19 246 62
-0.6995 2.4160 -1.1660 19 246 62
-0.6958 2.4161 -1.1682 18 246 63
-0.6922 2.4163 -1.1704 18 246 63
-0.6885 2.4164 -1.1727 18 246 63
-0.6849 2.4165 -1.1749 18 246 64
-0.6812 2.4166 -1.1771 18 246 64
-0.6776 2.4167 -1.1793 17 246 64
-0.6739 2.4169 -1.1814 17 246 65
-0.6702 2.4170 -1.1836 17 246 65
-0.6665 2.4171 -1.1857 17 246 65
-0.6628 2.4173 -1.1879 17 246 66
-0.6591 2.4174 -1.1900 16 246 66
-0.6554 2.4175 -1.1921 16 246 66
-0.6517 2.4176 -1.1942 16 246 67
-0.6479 2.4177 -1.1963 16 246 67
-0.6442 2.4179 -1.1984 16 246 67
-0.6405 2.4180 -1.2005 15 246 68
-0.6367 2.4181 -1.2025 15 246 68
-0.6330 2.4183 -1.2046 15 246 68
-0.6292 2.4184 -1.2066 15 246 69
-0.6254 2.4185 -1.2086 15 246 69
-0.6217 2.4186 -1.2107 15 246 69
-0.6179 2.4188 -1.2127 14 246 70
-0.6141 2.4189 -1.2146 14 246 70
-0.6103 2.4190 -1.2166 14 246 71
-0.6065 2.4191 -1.2186 14 246 71
-0.6027 2.4192 -1.2205 14 246 71
-0.5989 2.4194 -1.2225 13 246 72
-0.5951 2.4195 -1.2244 13 246 72
-0.5912 2.4196 -1.2263 13 246 72
-0.5874 2.4198 -1.2282 13 246 73
-0.5836 2.4199 -1.2301 13 246 73
-0.5797 2.4200 -1.2320 13 246 73
-0.5759 2.4201 -1.2339 12 246 74
-0.5720 2.4202 -1.2357 12 246 74
-0.5682 2.4204 -1.2376 12 246 75
-0.5643 2.4205 -1.2394 12 246 75
-0.5604 2.4206 -1.2412 12 246 75
-0.5566 2.4207 -1.2430 12 246 76
-0.5527 2.4209 -1.2448 11 246 76
-0.5488 2.4210 -1.2466 11 246 76
-0.5449 2.4211 -1.2484 11 246 77
-0.5410 2.4213 -1.2502 11 246 77
-0.5371 2.4214 -1.2519 11 246 77
-0.5332 2.4215 -1.2537 11 246 78
-0.5293 2.4216 -1.2554 10 247 78
-0.5253 2.4217 -1.2571 10 247 79
-0.5214 2.4219 -1.2588 10 247 79
-0.5175 2.4220 -1.2605 10 247 79
-0.5135 2.4221 -1.2621 10 247 80
-0.5096 2.4223 -1.2638 10 247 80
-0.5056 2.4224 -1.2655 10 247 80
-0.5017 2.4225 -1.2671 9 247 81
-0.4977 2.4226 -1.2687 9 247 81
-0.4938 2.4227 -1.2703 9 247 81
-0.4898 2.4229 -1.2719 9 247 82
-0.4858 2.4230 -1.2735 9 247 82
-0.4818 2.4231 -1.2751 9 247 83
-0.4778 2.4233 -1.2767 9 247 83
-0.4738 2.4234 -1.2782 8 247 83
-0.4698 2.4235 -1.2798 8 247 84
-0.4658 2.4236 -1.2813 8 247 84
-0.4618 2.4238 -1.2828 8 247 84
-0.4578 2.4239 -1.2843 8 247 85
-0.4538 2.4240 -1.2858 8 247 85
-0.4498 2.4241 -1.2873 8 247 86
-0.4458 2.4242 -1.2887 7 247 86
-0.4417 2.4244 -1.2902 7 247 86
-0.4377 2.4245 -1.2916 7 247 87
-0.4336 2.4246 -1.2930 7 247 87
-0.4296 2.4247 -1.2945 7 247 87
-0.4256 2.4249 -1.2959 7 247 88
-0.4215 2.4250 -1.2972 7 247 88
-0.4174 2.4251 -1.2986 7 247 89
-0.4134 2.4253 -1.3000 6 247 89
-0.4093 2.4254 -1.3013 6 247 89
-0.4052 2.4255 -1.3027 6 247 90
-0.4012 2.4256 -1.3040 6 247 90
-0.3971 2.4258 -1.3053 6 247 91
-0.3930 2.4259 -1.3066 6 247 91
-0.3889 2.4260 -1.3079 6 247 91
-0.3848 2.4261 -1.3092 6 247 92
-0.3807 2.4263 -1.3104 6 247 92
-0.3766 2.4264 -1.3117 5 247 92
-0.3725 2.4265 -1.3129 5 247 93
-0.3684 2.4266 -1.3141 5 247 93
-0.3643 2.4268 -1.3153 5 247 94
-0.3602 2.4269 -1.3165 5 247 94
-0.3560 2.4270 -1.3177 5 247 94
-0.3519 2.4271 -1.3189 5 247 95
-0.3478 2.4272 -1.3200 5 247 95
-0.3436 2.4274 -1.3212 5 247 96
-0.3395 2.4275 -1.3223 4 247 96
-0.3354 2.4276 -1.3234 4 247 96
-0.3312 2.4278 -1.3245 4 247 97
-0.3271 2.4279 -1.3256 4 247 97
-0.3229 2.4280 -1.3267 4 247 97
-0.3188 2.4281 -1.3278 4 247 98
-0.3146 2.4283 -1.3288 4 247 98
-0.3104 2.4284 -1.3299 4 247 99
-0.3063 2.4285 -1.3309 4 247 99
-0.3021 2.4286 -1.3319 4 247 99
-0.2979 2.4287 -1.3329 4 247 100
-0.2938 2.4289 -1.3339 3 247 100
-0.2896 2.4290 -1.3349 3 247 101
-0.2854 2.4291 -1.3358 3 247 101
-0.2812 2.4293 -1.3368 3 247 101
-0.2770 2.4294 -1.3377 3 247 102
-0.2728 2.4295 -1.3386 3 247 102
-0.2686 2.4296 -1.3395 3 247 103
-0.2644 2.4297 -1.3404 3 247 103
-0.2602 2.4299 -1.3413 3 247 103
-0.2560 2.4300 -1.3422 3 247 104
-0.2518 2.4301 -1.3431 3 247 104
-0.2476 2.4303 -1.3439 3 247 104
-0.2434 2.4304 -1.3447 3 247 105
-0.2392 2.4305 -1.3455 2 247 105
-0.2350 2.4306 -1.3463 2 247 106
-0.2308 2.4308 -1.3471 2 247 106
-0.2265 2.4309 -1.3479 2 247 106
-0.2223 2.4310 -1.3487 2 247 107
-0.2181 2.4311 -1.3494 2 247 107
-0.2138 2.4312 -1.3502 2 247 108
-0.2096 2.4314 -1.3509 2 248 108
-0.2054 2.4315 -1.3516 2 248 108
-0.2011 2.4316 -1.3523 2 248 109
-0.1969 2.4318 -1.3530 2 248 109
-0.1927 2.4319 -1.3537 2 248 110
-0.1884 2.4320 -1.3543 2 248 110
-0.1842 2.4321 -1.3550 2 248 110
-0.1799 2.4322 -1.3556 2 248 111
-0.1757 2.4324 -1.3562 2 248 111
-0.1714 2.4325 -1.3568 2 248 112
-0.1671 2.4326 -1.3574 1 248 112
-0.1629 2.4327 -1.3580 1 248 112
-0.1586 2.4329 -1.3586 1 248 113
-0.1544 2.4330 -1.3591 1 248 113
-0.1501 2.4331 -1.3596 1 248 114
-0.1458 2.4333 -1.3602 1 248 114
-0.1416 2.4334 -1.3607 1 248 114
-0.1373 2.4335 -1.3612 1 248 115
-0.1330 2.4336 -1.3617 1 248 115
-0.1288 2.4337 -1.3621 1 248 116
-0.1245 2.4339 -1.3626 1 248 116
-0.1202 2.4340 -1.3630 1 248 116
-0.1159 2.4341 -1.3635 1 248 117
-0.1117 2.4343 -1.3639 1 248 117
-0.1074 2.4344 -1.3643 1 248 118
-0.1031 2.4345 -1.3647 1 248 118
-0.0988 2.4346 -1.3650 1 248 118
-0.0945 2.4348 -1.3654 1 248 119
-0.0902 2.4349 -1.3658 1 248 119
-0.0859 2.4350 -1.3661 1 248 120
-0.0817 2.4351 -1.3664 1 248 120
-0.0774 2.4352 -1.3667 1 248 120
-0.0731 2.4354 -1.3670 1 248 121
-0.0688 2.4355 -1.3673 1 248 121
-0.0645 2.4356 -1.3676 1 248 122
-0.0602 2.4358 -1.3678 1 248 122
-0.0559 2.4359 -1.3681 1 248 122
-0.0516 2.4360 -1.3683 1 248 123
-0.0473 2.4361 -1.3685 1 248 123
-0.0430 2.4363 -1.3687 1 248 124
-0.0387 2.4364 -1.3689 1 248 124
-0.0344 2.4365 -1.3691 1 248 124
-0.0301 2.4366 -1.3692 1 248 125
-0.0258 2.4367 -1.3694 1 248 125
-0.0215 2.4369 -1.3695 1 248 126
-0.0172 2.4370 -1.3697 1 248 126
-0.0129 2.4371 -1.3698 1 248 126
-0.0086 2.4373 -1.3699 1 248 127
-0.0043 2.4374 -1.3699 1 248 127
-0.0000 2.4375 -1.3700 1 248 127
0.0043 2.4376 -1.3701 1 248 128
0.0086 2.4377 -1.3701 1 248 128
0.0129 2.4379 -1.3701 1 248 129
0.0172 2.4380 -1.3701 1 248 129
0.0215 2.4381 -1.3701 1 248 129
0.0258 2.4383 -1.3701 1 248 130
0.0301 2.4384 -1.3701 1 248 130
0.0344 2.4385 -1.3700 1 248 131
0.0387 2.4386 -1.3700 1 248 131
0.0431 2.4388 -1.3699 1 248 131
0.0474 2.4389 -1.3698 1 248 132
0.0517 2.4390 -1.3697 1 248 132
0.0560 2.4391 -1.3696 1 248 133
0.0603 2.4392 -1.3695 1 248 133
0.0646 2.4394 -1.3694 1 248 133
0.0689 2.4395 -1.3692 1 248 134
0.0732 2.4396 -1.3691 1 248 134
0.0775 2.4398 -1.3689 1 248 135
0.0818 2.4399 -1.3687 1 248 135
0.0861 2.4400 -1.3685 1 248 135
0.0904 2.4401 -1.3683 1 248 136
0.0947 2.4402 -1.3680 1 248 136
0.0990 2.4404 -1.3678 1 248 137
0.1033 2.4405 -1.3675 1 248 137
0.1076 2.4406 -1.3673 1 248 137
0.1119 2.4407 -1.3670 1 248 138
0.1162 2.4409 -1.3667 1 248 138
0.1205 2.4410 -1.3664 1 248 139
0.1248 2.4411 -1.3661 1 248 139
0.1291 2.4413 -1.3657 1 249 139
0.1334 2.4414 -1.3654 1 249 140
0.1377 2.4415 -1.3650 1 249 140
0.1420 2.4416 -1.3646 1 249 141
0.1463 2.4417 -1.3642 1 249 141
0.1506 2.4419 -1.3638 1 249 141
0.1549 2.4420 -1.3634 1 249 142
0.1591 2.4421 -1.3630 1 249 142
0.1634 2.4423 -1.3625 1 249 143
0.1677 2.4424 -1.3621 1 249 143
0.1720 2.4425 -1.3616 2 249 143
0.1763 2.4426 -1.3611 2 249 144
0.1806 2.4427 -1.3606 2 249 144
0.1849 2.4429 -1.3601 2 249 145
0.1891 2.4430 -1.3595 2 249 145
0.1934 2.4431 -1.3590 2 249 145
0.1977 2.4432 -1.3585 2 249 146
0.2020 2.4434 -1.3579 2 249 146
0.2062 2.4435 -1.3573 2 249 147
0.2105 2.4436 -1.3567 2 249 147
0.2148 2.4438 -1.3561 2 249 147
0.2191 2.4439 -1.3555 2 249 148
0.2233 2.4440 -1.3548 2 249 148
0.2276 2.4441 -1.3542 2 249 149
0.2318 2.4443 -1.3535 2 249 149
0.2361 2.4444 -1.3529 2 249 149
0.2404 2.4445 -1.3522 2 249 150
0.2446 2.4446 -1.3515 3 249 150
0.2489 2.4447 -1.3507 3 249 151
0.2531 2.4449 -1.3500 3 249 151
0.2574 2.4450 -1.3493 3 249 151
0.2616 2.4451 -1.3485 3 249 152
0.2659 2.4452 -1.3477 3 249 152
0.2701 2.4454 -1.3470 3 249 152
0.2744 2.4455 -1.3462 3 249 153
0.2786 2.4456 -1.3454 3 249 153
0.2828 2.4457 -1.3445 3 249 154
0.2871 2.4459 -1.3437 3 249 154
0.2913 2.4460 -1.3428 3 249 154
0.2955 2.4461 -1.3420 3 249 155
0.2998 2.4463 -1.3411 4 249 155
0.3040 2.4464 -1.3402 4 249 156
0.3082 2.4465 -1.3393 4 249 156
0.3124 2.4466 -1.3384 4 249 156
0.3167 2.4468 -1.3375 4 249 157
0.3209 2.4469 -1.3365 4 249 157
0.3251 2.4470 -1.3356 4 249 158
0.3293 2.4471 -1.3346 4 249 158
0.3335 2.4472 -1.3336 4 249 158
0.3377 2.4474 -1.3326 4 249 159
0.3419 2.4475 -1.3316 4 249 159
0.3461 2.4476 -1.3306 5 249 159
0.3503 2.4478 -1.3295 5 249 160
0.3545 2.4479 -1.3285 5 249 160
0.3587 2.4480 -1.3274 5 249 161
0.3629 2.4481 -1.3264 5 249 161
0.3670 2.4482 -1.3253 5 249 161
0.3712 2.4484 -1.3242 5 249 162
0.3754 2.4485 -1.3231 5 249 162
0.3796 2.4486 -1.3219 5 249 163
0.3837 2.4487 -1.3208 6 249 163
0.3879 2.4489 -1.3196 6 249 163
0.3920 2.4490 -1.3185 6 249 164
0.3962 2.4491 -1.3173 6 249 164
0.4004 2.4493 -1.3161 6 249 164
0.4045 2.4494 -1.3149 6 249 165
0.4087 2.4495 -1.3137 6 249 165
0.4128 2.4496 -1.3124 6 249 166
0.4169 2.4497 -1.3112 6 249 166
0.4211 2.4499 -1.3099 7 249 166
0.4252 2.4500 -1.3087 7 249 167
0.4293 2.4501 -1.3074 7 249 167
0.4335 2.4503 -1.3061 7 249 168
0.4376 2.4504 -1.3048 7 249 168
0.4417 2.4505 -1.3034 7 249 168
0.4458 2.4506 -1.3021 7 249 169
0.4499 2.4507 -1.3007 7 249 169
0.4540 2.4509 -1.2994 8 249 169
0.4581 2.4510 -1.2980 8 250 170
0.4622 2.4511 -1.2966 8 250 170
0.4663 2.4512 -1.2952 8 250 171
0.4704 2.4514 -1.2938 8 250 171
0.4745 2.4515 -1.2924 8 250 171
0.4786 2.4516 -1.2909 8 250 172
0.4826 2.4518 -1.2895 9 250 172
0.4867 2.4519 -1.2880 9 250 172
0.4908 2.4520 -1.2865 9 250 173
0.4948 2.4521 -1.2850 9 250 173
0.4989 2.4522 -1.2835 9 250 174
0.5029 2.4524 -1.2820 9 250 174
0.5070 2.4525 -1.2805 9 250 174
0.5110 2.4526 -1.2789 10 250 175
0.5151 2.4527 -1.2774 10 250 175
0.5191 2.4529 -1.2758 10 250 175
0.5231 2.4530 -1.2742 10 250 176
0.5271 2.4531 -1.2726 10 250 176
0.5312 2.4532 -1.2710 10 250 176
0.5352 2.4534 -1.2694 10 250 177
0.5392 2.4535 -1.2678 11 250 177
0.5432 2.4536 -1.2661 11 250 178
0.5472 2.4538 -1.2645 11 250 178
0.5512 2.4539 -1.2628 11 250 178
0.5552 2.4540 -1.2611 11 250 179
0.5592 2.4541 -1.2594 11 250 179
0.5631 2.4543 -1.2577 12 250 179
0.5671 2.4544 -1.2560 12 250 180
0.5711 2.4545 -1.2543 12 250 180
0.5750 2.4546 -1.2525 12 250 180
0.5790 2.4547 -1.2508 12 250 181
0.5829 2.4549 -1.2490 12 250 181
0.5869 2.4550 -1.2472 13 250 182
0.5908 2.4551 -1.2454 13 250 182
0.5948 2.4552 -1.2436 13 250 182
0.5987 2.4554 -1.2418 13 250 183
0.6026 2.4555 -1.2400 13 250 183
0.6065 2.4556 -1.2381 13 250 183
0.6105 2.4558 -1.2363 14 250 184
0.6144 2.4559 -1.2344 14 250 184
0.6183 2.4560 -1.2325 14 250 184
0.6222 2.4561 -1.2306 14 250 185
0.6261 2.4563 -1.2287 14 250 185
0.6299 2.4564 -1.2268 15 250 186
0.6338 2.4565 -1.2248 15 250 186
0.6377 2.4566 -1.2229 15 250 186
0.6416 2.4567 -1.2209 15 250 187
0.6454 2.4569 -1.2190 15 250 187
0.6493 2.4570 -1.2170 15 250 187
0.6531 2.4571 -1.2150 16 250 188
0.6570 2.4573 -1.2130 16 250 188
0.6608 2.4574 -1.2110 16 250 188
0.6646 2.4575 -1.2090 16 250 189
0.6685 2.4576 -1.2069 16 250 189
0.6723 2.4577 -1.2049 17 250 189
0.6761 2.4579 -1.2028 17 250 190
0.6799 2.4580 -1.2007 17 250 190
0.6837 2.4581 -1.1986 17 250 190
0.6875 2.4583 -1.1965 17 250 191
0.6913 2.4584 -1.1944 18 250 191
0.6950 2.4585 -1.1923 18 250 191
0.6988 2.4586 -1.1901 18 250 192
0.7026 2.4588 -1.1880 18 250 192
0.7063 2.4589 -1.1858 18 250 192
0.7101 2.4590 -1.1837 19 250 193
0.7138 2.4591 -1.1815 19 250 193
0.7176 2.4592 -1.1793 19 250 194
0.7213 2.4594 -1.1771 19 250 194
0.7250 2.4595 -1.1748 19 250 194
0.7288 2.4596 -1.1726 20 250 195
0.7325 2.4598 -1.1704 20 250 195
0.7362 2.4599 -1.1681 20 250 195
0.7399 2.4600 -1.1658 20 250 196
0.7436 2.4601 -1.1636 20 250 196
0.7472 2.4602 -1.1613 21 250 196
0.7509 2.4604 -1.1590 21 250 197
0.7546 2.4605 -1.1567 21 250 197
0.7583 2.4606 -1.1543 21 250 197
0.7619 2.4607 -1.1520 22 250 198
0.7656 2.4609 -1.1496 22 251 198
0.7692 2.4610 -1.1473 22 251 198
0.7728 2.4611 -1.1449 22 251 199
0.7765 2.4613 -1.1425 22 251 199
0.7801 2.4614 -1.1401 23 251 199
0.7837 2.4615 -1.1377 23 251 200
0.7873 2.4616 -1.1353 23 251 200
0.7909 2.4617 -1.1329 23 251 200
0.7945 2.4619 -1.1304 24 251 201
0.7981 2.4620 -1.1280 24 251 201
0.8016 2.4621 -1.1255 24 251 201
0.8052 2.4623 -1.1230 24 251 202
0.8088 2.4624 -1.1206 25 251 202
0.8123 2.4625 -1.1181 25 251 202
0.8159 2.4626 -1.1156 25 251 202
0.8194 2.4627 -1.1130 25 251 203
0.8229 2.4629 -1.1105 25 251 203
0.8264 2.4630 -1.1080 26 251 203
0.8300 2.4631 -1.1054 26 251 204
0.8335 2.4632 -1.1028 26 251 204
0.8370 2.4634 -1.1003 26 251 204
0.8405 2.4635 -1.0977 27 251 205
0.8439 2.4636 -1.0951 27 251 205
0.8474 2.4638 -1.0925 27 251 205
0.8509 2.4639 -1.0898 27 251 206
0.8543 2.4640 -1.0872 28 251 206
0.8578 2.4641 -1.0846 28 251 206
0.8612 2.4642 -1.0819 28 251 207
0.8646 2.4644 -1.0793 28 251 207
0.8681 2.4645 -1.0766 29 251 207
0.8715 2.4646 -1.0739 29 251 208
0.8749 2.4647 -1.0712 29 251 208
0.8783 2.4649 -1.0685 29 251 208
0.8817 2.4650 -1.0658 30 251 208
0.8851 2.4651 -1.0630 30 251 209
0.8884 2.4653 -1.0603 30 251 209
0.8918 2.4654 -1.0576 30 251 209
0.8952 2.4655 -1.0548 31 251 210
0.8985 2.4656 -1.0520 31 251 210
0.9019 2.4657 -1.0492 31 251 210
0.9052 2.4659 -1.0464 31 251 211
0.9085 2.4660 -1.0436 32 251 211
0.9118 2.4661 -1.0408 32 251 211
0.9151 2.4663 -1.0380 32 251 211
0.9184 2.4664 -1.0352 33 251 212
0.9217 2.4665 -1.0323 33 251 212
0.9250 2.4666 -1.0295 33 251 212
0.9283 2.4668 -1.0266 33 251 213
0.9315 2.4669 -1.0237 34 251 213
0.9348 2.4670 -1.0208 34 251 213
0.9380 2.4671 -1.0179 34 251 214
0.9412 2.4672 -1.0150 34 251 214
0.9445 2.4674 -1.0121 35 251 214
0.9477 2.4675 -1.0092 35 251 214
0.9509 2.4676 -1.0062 35 251 215
0.9541 2.4678 -1.0033 35 251 215
0.9573 2.4679 -1.0003 36 251 215
0.9605 2.4680 -0.9974 36 251 216
0.9636 2.4681 -0.9944 36 251 216
0.9668 2.4682 -0.9914 37 251 216
0.9699 2.4684 -0.9884 37 251 216
0.9731 2.4685 -0.9854 37 251 217
0.9762 2.4686 -0.9824 37 251 217
0.9793 2.4688 -0.9793 38 251 217
0.9825 2.4689 -0.9763 38 251 218
0.9856 2.4690 -0.9733 38 251 218
0.9887 2.4691 -0.9702 39 251 218
0.9917 2.4693 -0.9671 39 251 218
0.9948 2.4694 -0.9640 39 251 219
0.9979 2.4695 -0.9610 39 251 219
1.0009 2.4696 -0.9579 40 251 219
1.0040 2.4697 -0.9548 40 251 220
1.0070 2.4699 -0.9516 40 251 220
1.0101 2.4700 -0.9485 41 251 220
1.0131 2.4701 -0.9454 41 251 220
1.0161 2.4703 -0.9422 41 251 221
1.0191 2.4704 -0.9391 41 251 221
1.0221 2.4705 -0.9359 42 251 221
1.0251 2.4706 -0.9327 42 252 221
1.0280 2.4707 -0.9295 42 252 222
1.0310 2.4709 -0.9263 43 252 222
1.0339 2.4710 -0.9231 43 252 222
1.0369 2.4711 -0.9199 43 252 222
1.0398 2.4712 -0.9167 44 252 223
1.0427 2.4714 -0.9135 44 252 223
1.0456 2.4715 -0.9102 44 252 223
1.0485 2.4716 -0.9070 44 252 224
1.0514 2.4718 -0.9037 45 252 224
1.0543 2.4719 -0.9005 45 252 224
1.0572 2.4720 -0.8972 45 252 224
1.0600 2.4721 -0.8939 46 252 225
1.0629 2.4722 -0.8906 46 252 225
1.0657 2.4724 -0.8873 46 252 225
1.0685 2.4725 -0.8840 47 252 225
1.0714 2.4726 -0.8807 47 252 226
1.0742 2.4728 -0.8773 47 252 226
1.0770 2.4729 -0.8740 47 252 226
1.0798 2.4730 -0.8706 48 252 226
1.0825 2.4731 -0.8673 48 252 227
1.0853 2.4732 -0.8639 48 252 227
1.0881 2.4734 -0.8605 49 252 227
1.0908 2.4735 -0.8571 49 252 227
1.0935 2.4736 -0.8538 49 252 228
1.0963 2.4737 -0.8503 50 252 228
1.0990 2.4739 -0.8469 50 252 228
1.1017 2.4740 -0.8435 50 252 228
1.1044 2.4741 -0.8401 51 252 229
1.1071 2.4743 -0.8366 51 252 229
1.1097 2.4744 -0.8332 51 252 229
1.1124 2.4745 -0.8297 52 252 229
1.1150 2.4746 -0.8263 52 252 230
1.1177 2.4748 -0.8228 52 252 230
1.1203 2.4749 -0.8193 53 252 230
1.1229 2.4750 -0.8158 53 252 230
1.1255 2.4751 -0.8123 53 252 230
1.1281 2.4752 -0.8088 53 252 231
1.1307 2.4754 -0.8053 54 252 231
1.1333 2.4755 -0.8018 54 252 231
1.1358 2.4756 -0.7983 54 252 231
1.1384 2.4757 -0.7947 55 252 232
1.1409 2.4759 -0.7912 55 252 232
1.1435 2.4760 -0.7876 55 252 232
1.1460 2.4761 -0.7841 56 252 232
1.1485 2.4763 -0.7805 56 252 233
1.1510 2.4764 -0.7769 56 252 233
1.1535 2.4765 -0.7733 57 252 233
1.1559 2.4766 -0.7698 57 252 233
1.1584 2.4768 -0.7661 57 252 233
1.1609 2.4769 -0.7625 58 252 234
1.1633 2.4770 -0.7589 58 252 234
1.1657 2.4771 -0.7553 58 252 234
1.1681 2.4773 -0.7517 59 252 234
1.1705 2.4774 -0.7480 59 252 235
1.1729 2.4775 -0.7444 59 252 235
1.1753 2.4776 -0.7407 60 252 235
1.1777 2.4777 -0.7370 60 252 235
1.1801 2.4779 -0.7334 60 252 235
1.1824 2.4780 -0.7297 61 252 236
1.1847 2.4781 -0.7260 61 252 236
1.1871 2.4783 -0.7223 61 252 236
1.1894 2.4784 -0.7186 62 252 236
1.1917 2.4785 -0.7149 62 252 236
1.1940 2.4786 -0.7112 63 252 237
1.1963 2.4788 -0.7075 63 252 237
1.1985 2.4789 -0.7037 63 252 237
1.2008 2.4790 -0.7000 64 252 237
1.2030 2.4791 -0.6963 64 252 237
1.2053 2.4792 -0.6925 64 252 238
1.2075 2.4794 -0.6887 65 252 238
1.2097 2.4795 -0.6850 65 252 238
1.2119 2.4796 -0.6812 65 252 238
1.2141 2.4798 -0.6774 66 252 238
1.2163 2.4799 -0.6736 66 252 239
1.2184 2.4800 -0.6698 66 252 239
1.2206 2.4801 -0.6660 67 252 239
1.2227 2.4802 -0.6622 67 252 239
1.2248 2.4804 -0.6584 67 252 239
1.2269 2.4805 -0.6546 68 253 240
1.2291 2.4806 -0.6507 68 253 240
1.2311 2.4808 -0.6469 68 253 240
1.2332 2.4809 -0.6431 69 253 240
1.2353 2.4810 -0.6392 69 253 240
1.2373 2.4811 -0.6354 69 253 240
1.2394 2.4813 -0.6315 70 253 241
1.2414 2.4814 -0.6276 70 253 241
1.2434 2.4815 -0.6238 71 253 241
1.2454 2.4816 -0.6199 71 253 241
1.2474 2.4817 -0.6160 71 253 241
1.2494 2.4819 -0.6121 72 253 242
1.2514 2.4820 -0.6082 72 253 242
1.2534 2.4821 -0.6043 72 253 242
1.2553 2.4823 -0.6004 73 253 242
1.2572 2.4824 -0.5964 73 253 242
1.2592 2.4825 -0.5925 73 253 242
1.2611 2.4826 -0.5886 74 253 243
1.2630 2.4827 -0.5846 74 253 243
1.2648 2.4829 -0.5807 75 253 243
1.2667 2.4830 -0.5767 75 253 243
1.2686 2.4831 -0.5728 75 253 243
1.2704 2.4832 -0.5688 76 253 243
1.2723 2.4834 -0.5649 76 253 244
1.2741 2.4835 -0.5609 76 253 244
1.2759 2.4836 -0.5569 77 253 244
1.2777 2.4838 -0.5529 77 253 244
1.2795 2.4839 -0.5489 77 253 244
1.2813 2.4840 -0.5449 78 253 244
1.2830 2.4841 -0.5409 78 253 245
1.2848 2.4843 -0.5369 79 253 245
1.2865 2.4844 -0.5329 79 253 245
1.2882 2.4845 -0.5289 79 253 245
1.2899 2.4846 -0.5248 80 253 245
1.2916 2.4848 -0.5208 80 253 245
1.2933 2.4849 -0.5168 80 253 245
1.2950 2.4850 -0.5127 81 253 246
1.2967 2.4851 -0.5087 81 253 246
1.2983 2.4852 -0.5046 81 253 246
1.2999 2.4854 -0.5006 82 253 246
1.3016 2.4855 -0.4965 82 253 246
1.3032 2.4856 -0.4924 83 253 246
1.3048 2.4857 -0.4884 83 253 246
1.3063 2.4859 -0.4843 83 253 247
1.3079 2.4860 -0.4802 84 253 247
1.3095 2.4861 -0.4761 84 253 247
1.3110 2.4863 -0.4720 84 253 247
1.3126 2.4864 -0.4679 85 253 247
1.3141 2.4865 -0.4638 85 253 247
1.3156 2.4866 -0.4597 86 253 247
1.3171 2.4868 -0.4556 86 253 248
1.3186 2.4869 -0.4514 86 253 248
1.3200 2.4870 -0.4473 87 253 248
1.3215 2.4871 -0.4432 87 253 248
1.3229 2.4872 -0.4391 87 253 248
1.3244 2.4874 -0.4349 88 253 248
1.3258 2.4875 -0.4308 88 253 248
1.3272 2.4876 -0.4266 89 253 248
1.3286 2.4878 -0.4225 89 253 249
1.3299 2.4879 -0.4183 89 253 249
1.3313 2.4880 -0.4141 90 253 249
1.3327 2.4881 -0.4100 90 253 249
1.3340 2.4882 -0.4058 91 253 249
1.3353 2.4884 -0.4016 91 253 249
1.3366 2.4885 -0.3975 91 253 249
1.3379 2.4886 -0.3933 92 253 249
1.3392 2.4888 -0.3891 92 253 249
1.3405 2.4889 -0.3849 92 253 250
1.3418 2.4890 -0.3807 93 253 250
1.3430 2.4891 -0.3765 93 253 250
1.3442 2.4893 -0.3723 94 253 250
1.3455 2.4894 -0.3681 94 253 250
1.3467 2.4895 -0.3639 94 253 250
1.3479 2.4896 -0.3596 95 253 250
1.3490 2.4897 -0.3554 95 253 250
1.3502 2.4899 -0.3512 96 253 250
1.3514 2.4900 -0.3470 96 253 251
1.3525 2.4901 -0.3427 96 253 251
1.3536 2.4903 -0.3385 97 254 251
1.3548 2.4904 -0.3343 97 254 251
1.3559 2.4905 -0.3300 97 254 251
1.3569 2.4906 -0.3258 98 254 251
1.3580 2.4907 -0.3215 98 254 251
1.3591 2.4909 -0.3173 99 254 251
1.3601 2.4910 -0.3130 99 254 251
1.3612 2.4911 -0.3087 99 254 251
1.3622 2.4912 -0.3045 100 254 251
1.3632 2.4914 -0.3002 100 254 252
1.3642 2.4915 -0.2959 101 254 252
1.3652 2.4916 -0.2917 101 254 252
1.3661 2.4918 -0.2874 101 254 252
1.3671 2.4919 -0.2831 102 254 252
1.3680 2.4920 -0.2788 102 254 252
1.3690 2.4921 -0.2745 103 254 252
1.3699 2.4922 -0.2702 103 254 252
1.3708 2.4924 -0.2660 103 254 252
1.3717 2.4925 -0.2617 104 254 252
1.3725 2.4926 -0.2574 104 254 252
1.3734 2.4928 -0.2531 104 254 252
1.3742 2.4929 -0.2488 105 254 252
1.3751 2.4930 -0.2444 105 254 253
1.3759 2.4931 -0.2401 106 254 253
1.3767 2.4932 -0.2358 106 254 253
1.3775 2.4934 -0.2315 106 254 253
1.3783 2.4935 -0.2272 107 254 253
1.3790 2.4936 -0.2229 107 254 253
1.3798 2.4938 -0.2185 108 254 253
1.3805 2.4939 -0.2142 108 254 253
1.3813 2.4940 -0.2099 108 254 253
1.3820 2.4941 -0.2056 109 254 253
1.3827 2.4943 -0.2012 109 254 253
1.3834 2.4944 -0.1969 110 254 253
1.3840 2.4945 -0.1925 110 254 253
1.3847 2.4946 -0.1882 110 254 253
1.3853 2.4947 -0.1839 111 254 253
1.3860 2.4949 -0.1795 111 254 253
1.3866 2.4950 -0.1752 112 254 253
1.3872 2.4951 -0.1708 112 254 254
1.3878 2.4952 -0.1665 112 254 254
1.3883 2.4954 -0.1621 113 254 254
1.3889 2.4955 -0.1578 113 254 254
1.3895 2.4956 -0.1534 114 254 254
1.3900 2.4958 -0.1490 114 254 254
1.3905 2.4959 -0.1447 114 254 254
1.3910 2.4960 -0.1403 115 254 254
1.3915 2.4961 -0.1359 115 254 254
1.3920 2.4963 -0.1316 116 254 254
1.3925 2.4964 -0.1272 116 254 254
1.3929 2.4965 -0.1228 116 254 254
1.3934 2.4966 -0.1185 117 254 254
1.3938 2.4968 -0.1141 117 254 254
1.3942 2.4969 -0.1097 118 254 254
1.3946 2.4970 -0.1053 118 254 254
1.3950 2.4971 -0.1010 118 254 254
1.3953 2.4973 -0.0966 119 254 254
1.3957 2.4974 -0.0922 119 254 254
1.3960 2.4975 -0.0878 120 254 254
1.3964 2.4976 -0.0834 120 254 254
1.3967 2.4977 -0.0791 120 254 254
1.3970 2.4979 -0.0747 121 254 254
1.3973 2.4980 -0.0703 121 254 254
1.3975 2.4981 -0.0659 122 254 254
1.3978 2.4983 -0.0615 122 254 254
1.3981 2.4984 -0.0571 122 254 254
1.3983 2.4985 -0.0527 123 254 254
1.3985 2.4986 -0.0483 123 254 254
1.3987 2.4988 -0.0440 124 254 254
1.3989 2.4989 -0.0396 124 254 254
1.3991 2.4990 -0.0352 124 254 254
1.3992 2.4991 -0.0308 125 254 254
1.3994 2.4992 -0.0264 125 254 254
1.3995 2.4994 -0.0220 126 254 254
1.3996 2.4995 -0.0176 126 254 254
1.3998 2.4996 -0.0132 126 254 254
1.3999 2.4998 -0.0088 127 254 254
1.3999 2.4999 -0.0044 127 254 254
